0x800c2a639e4cb17b64Cfb2e2d429d467E3c6ACca,11
0x63A43A24DE2CE6B1BFED393f6FAD714B172a977e,5
0xB6fe1d4bE26159715803Ec9929244D8B2c1cFE9C,5
0x827C5d1DE1458F46c39AF1113F45e1E44a9b5E71,5
0xFC33181FBaB11D8C33Cd904F7ee1D4C62685470F,5
0xDb87085756AEa0645A690313c4713C74d1457E37,4
0x1565f3Be9881C204F470796Ad29d7eEAe8Ab7086,4
0xAec1028a1EfcC54Fd702A6fB409C27acb6f71041,3
0x43D891C1b4118B709f3d63E9fC47daAA92E1112E,3
0x1EAc5345e9F0DD3a581823adAe2bbA3Bc189Dd23,3
0xe5D047043d5317d369f43384EA6248dB07A78Ae3,3
0x156AC784BaE328f6aFb6403460145BA8B029d3b5,3
0x9D63038e7f74bc089eb38e61Be8Da937918900D6,3
0x6d4DD78C7009A1D3EEaB95411Ade857a705E3eBe,3
0x0b493Af26Fa61E5FF84290cA934b7c85E3195505,3
0x080BE6ddb9d0E2Afa36F05B2199b06A08826EE4E,3
0x2014856bD6C18328A42bb0925A6C45740ba02F3A,3
0xFe8c2cdB21029371690ca9a6430591058C17B2f3,3
0xc90883638aB67087b76A7d9EDe8Bd1A2c1edAdA7,3
0x10495E143d79296d5222497b7245294dc9e2D596,3
0x09493e6411018c4d366129A3418aD6F5BdedeA67,3
0x7a0FB632f86a8C8236aC8960b3a9cada3e7E0B30,3
0x7174b2892D43B4E7860a09A8A3Df611823f73eC1,3
0x7C9bCd669A250BCB1A4F191F1bB17dB6988eaDAB,3
0x8a050aC45969Ab8CA498F4E9840b7E9D9Eb8AE1f,3
0x6fF5723435b7dfC2371B57Fb5cB4c373E5995C78,2
0x4040a43D64414bab09E52B6D95bEc1D9184B519C,2
0x67D9aD8Dc0c033001adBd3642d700Bf3B001c093,2
0xBD476B61b7aa03Ba1807EBB8cBaf365b55Ae0e16,2
0x9046EfEcd0b1395287F3947D27512578cb564f98,2
0x6647a7858a0B3846AbD5511e7b797Fc0a0c63a4b,2
0x6FdfD0Dee3e2aa16bA6c70B1398E640735D5C065,2
0x757b8564088F39e235e9E5FB57c6FEf37bDD2506,2
0x0D642a8b2E5F9AE30D40CD53295dE4e542922370,2
0x059C91d495b9e460Ae156376337133C39e4Ceb40,2
0x0ff33fE9BFd306B4973d94c5C02D43fd28fdCae3,2
0x0B410fd2c7B7C33e86A3705079B4DB876D51b178,2
0x12846A6Da4e729a6B5c33d32F93bf52EE3CAe8C3,2
0x156548113552Bb52AE921a0B44794A6a5F588C9c,2
0x19655b64BC180742F8CC62129D2B29A4b76897De,2
0x13Ad89D1C63b07c629492b4e5D1B1039135355BD,2
0x1Be49f4c800ec9DE69D3D906ADC995c52B9A23D5,2
0x2600A539B907CC897736C9059F6b2d4941aDf37B,2
0x1db5Fd3c59e8A3723AB3F044304fDBfE6Dc4Aaba,2
0x2E3FcA35CbBb34DC9005EeD1CdBfEfF763CcEECa,2
0x27c26ed7612D613e8011B01bD02754CDDE6898b0,2
0x3a79822d218D9ab9fd4E5c4c992665F0206bA84f,2
0x36c0b20c23b8F4229Eb5F955C7e627dA60ce9372,2
0x41477A57A8916237A8ff512bA3D9bF487D9cbb79,2
0x3a8b9B6d9286A42d3956A54DC60ec81c6865ce82,2
0x42EeD31a8BB26099364b301ae087ACFB037Ba864,2
0x489eF5FC27e7BbFa4cfa1C8D5eC197dA3D1BAE54,2
0x43e65F8116174d1c38Eed3545d21fC37ea34B565,2
0x4923678Fbf5DaBe729903E6cD822fF0A2C6FE8A2,2
0x49aE4AA98640AA74334D6fCC5f9BC261b2c48482,2
0x54cF78C31739B97F87381b19937d13F04DC9819f,2
0x4eaBb1563E3d74eaA885472a3da33372b29af6ec,2
0x5717856A431fCAB27198B18aDCB0215E44F85583,2
0x63804367Ac006D7C8908Cad2279eAd9A2DfAaf46,2
0x621ABa8bC0d8aBc56b3a0699ECb22d8A7d1F1A4f,2
0x5F2C7d317A06237168D6AA960C1095808662b154,2
0x63732bd61039ACC8A75ae44756e18E15E80c10d2,2
0x66633Cc6B84CD127A0bb84864c1a4eA0172469A6,2
0x667756a3906081AD924c346013430E37993dc48E,2
0x665e340CA9b29cB3BD412D69CC73F9513e2D0577,2
0x523eF485BB56BA97dC82B7E3f83497365eF6F460,2
0x6B6597710aC103F998e77F48caAD882788E24471,2
0x79Bdda65C706CBdA69C0AD4C8da1d3e91724f48D,2
0x6D67d7C698206857689de8EC6621d60cd6A1D79d,2
0x88B0BE658E72C5518B37cE0A5625D3fD494dBAFA,2
0x808FAACb4a502060A73dE1F0f4B094eedbc60c08,2
0x78b8A76BEa31733777556033e2a116df66C4C41C,2
0x85857D4D408aF5aCD08cE33C68fc93CcCE396201,2
0x82883097d45c37b9C5b10515592315251cFB288F,2
0x88E385Def57004Ec13a164F32C9E784594561072,2
0x97219Ef57A528c1f28A07A8c028b13C25464AEA9,2
0x999b98242f5384E225a02aFceBb5Cfc817559e65,2
0x98147e0F0d4fFce4eC2F95861B08FCAFfb555Aac,2
0x9f834835927a0D9d589620669c0cd16B6AF87D57,2
0x99b17456eD9C3EB3E2F4f292bCB515F8bb9F4640,2
0x9Eb90fDC301d5C749E15E12E869aAA9914648Bc6,2
0xA6DD08C2837d27049AC3BC73693D3C09a64Ac41E,2
0x9C88367275f6eA7d8F0b9416Ee927D22d9Ff7D28,2
0xA9551E7424127648bbc7EA2b0dC78F8C6e023005,2
0x9B32E12d0678628aEE378dbDf92f7f66f3F4DF80,2
0xB101DAC56748376AB8099B2Cb214433216914345,2
0xA49CEE842116A89299A721D831BCf0511E8F6A15,2
0x4614cF4c12C0c008ae5693e51Ccf492391C64873,2
0xB024C97E187892CA5da51eA942f136F72635bF50,2
0xaa68629C5104711BAf98Ad600CE4F297B22edEcc,2
0xb0C0f73f84CE7355E755846C123f0a5848304B52,2
0xBc0cbDb5D40aa7c24906f5D0ccaDe1DF844f70AF,2
0xBBD16Fc3aDB216d12e06b0Dd456BA2eE3292e3CB,2
0xC40dd2e85459e841021DD84F550645901aA337F9,2
0xbC8Fa485caAF8e4bEbE2A2540eFE29731835DB67,2
0xc3A6E2b72EE8478A85593Bfe86fCd612855BeAe2,2
0xc4DA6319585Ff59912013338108ca895e48Ac733,2
0xcDB0d203BA6ef53312C56e3651430fBd46CAFd51,2
0x8490dbCa29C51AAC0293c80A032D34c27FaA773a,2
0xbE08F2D6a0E862d267c8A9ABce0daF647C67A3b4,2
0xd65902904b489512b522E07aCf83Aa2f6A533D65,2
0xd8FF36BD818BcAE0278F0904D527206363795082,2
0xd5Be83b342B5AD3D661Bc47D9531416A5ED94ede,2
0xd553Fe129584198F36DcF6e54Cd3176Af2d5BE0b,2
0xDA98c0b455A679d67E75A1eFd85BBc20DbA38658,2
0xBC227884BA2c5a11bE60b05699d256014638983b,2
0xdB75103d154F190734cBb4409d6Fe71169e2F7D3,2
0xD9955789F7094b6C0BD5f7E7aCFB046520A6a85c,2
0xbdB5c0B84996DE6EBc5fF0C232Db4381d40ed3a3,2
0xE20f0928244BD2402955B920316d5390b0875735,2
0x6C55aDfC84612Ba27E9548c78C10aB3dEaC6aFdB,2
0xd4bb9bD38319E396C5A1B7B5d3DfB0CC871a6579,2
0xE3F610A6b91Ec0Da0413AFE98d2D25a3194cf559,2
0xE954F4c5249C505876DEC5324754Ac91471Ecc36,2
0xe5D71dDF0dD88F2D7eEcFE0A962f3DfE7023CF5C,2
0xEc9c38f0A06ef3Ab2C549b3EB90c97e69E1E4E9F,2
0xEa43e51cb4BAc05e8352157bfBfC15c1d8Fda8a6,2
0xeFa5615b742945e1f6aedfe7EDfcF61ec5DCEeC5,2
0xeC5897C5466558Cef257401a92568B543aF6a864,2
0xf0D3fC081863e7F466172dEAE4468D29208052Fd,2
0xF3A60FD05491731F6004a88CaA91f7f2dc01461B,2
0xFA1E7B7113Cdca102df05B2aDC1122A3E99c624a,2
0xFDD867CC29822F89194F0F9c089f9903183d5423,2
0xFE6b1e824dA24B870c7Fd904d2C56a6cF1C6dAEF,2
0xfb414aC5445A6E8E83D5A8CD96fD5aFBB8Abf24d,2
0xf91A962814490626F237D83aeD6E4c9a7F7D7a80,2
0xF87Eb3A8457Ae4e42AACE1733FC321d9D1A10678,2
0xE73052aA21B655c70F4Aaa1F947f793C4bF7a95D,2
0x65976402E43B95E180788C394F52d595c97781c5,2
0xdE2a649A23AFC45A55A4d68B7CFDd683279b62f6,2
0xf5819cC26F0481c9b86294B4c24027518a04BD5B,2
0x0F9093c9d7fAD2829180a745e75a075E92C0E086,1
0x658191594cdA88744d8158813029420dcf137A32,1
0x719ADFD5a24AFA32D434C1b425A6DC5791af0794,1
0x64A77D821a1022fd77B4d55EaEb0CA99131EF908,1
0xD7972B7f3C94BbA5d0DCF78B5edfDfB94e62E20D,1
0xF7Dc1b23C904E0CA611ed2E77ECEF2FC8e20991e,1
0x68aaD5A5CFD7f899b90CeFb38451463a1cE4f883,1
0x3689a48690b1356d3a280d99E09C3677b8438A16,1
0x41DE91BbB1B110afA21e3b254Dc6E86F9c383527,1
0x3FDf500E2170a90140523B1DCB6f8924E2B039af,1
0x5379F91e094c1c87ce71752Abe74b928C7d4056B,1
0xf4e7E6B600286fFba8154F5125420A0F78DB835d,1
0xd49E50089104826d54753ca616998461F81e54FA,1
0x5e158B4457d9f5e34fe03DfB13abf5FBf489fEF0,1
0x9A3B2361ff56AC88888e69034251EF171b9d9FbE,1
0x2067750877c8E905386aEf2065b9962C5E94D30D,1
0x1341df844780b66AF4ccC98Ae0F34be87eABe1d5,1
0x226dd395D8493Ea3e456E52d5d82Dd7A5c91A691,1
0x3e1D268c8B1Ba7d042968ab713467C5631831513,1
0x8b2244bC61c64c2F5BF90D43C3B93ec73C786E3b,1
0x0a0471a315BCa84008e73b62be16d89E1A7dd202,1
0x98D6716059fE3e1B8a0808d85FE6B9C5795B2E7C,1
0xea2A81Da4969B11c9e43B7c8025846F84c126494,1
0x53947C362b363caDbb12D6034Cf9D5a8F0AFB573,1
0x62D75ab0db98289eFF25bbB98c776AaCc92bd9d1,1
0x5b301B69704dC9bfBDfeD62F36B6f8973aC84e51,1
0xC757BC66cE7DaDb5D45fb85EA848C3dbcCd9204d,1
0xDEdbd35299Dc585457B59257926896540B2695F8,1
0xFC07314df7dA17Fa9e8B1CB2B238B37C2038acd3,1
0x97c494b558a4d4f58a3f77061C96b9FE818920B6,1
0x747c29e6D0529a5f174fA26645bCf8CA0C4d358a,1
0xC3EE19826F13b3509c8fEDcC5576552c36dd74BC,1
0x45648cc2DD919636E57C8A5e70761BF37479F0Fb,1
0x35eA7689fE3780C54Be08Fd3E64B81C92459f2a1,1
0xF37A1e05106bd964E5095B328D6Ac5629a1f6b54,1
0xaf45524B83fAd0a9C21C4Bd3b19743151DAe7Cc1,1
0x114f0bbF1318Ac34Be7d75658c98ae5684809887,1
0x1feFd8BDd364eaf012599fc3AFA3D38469368458,1
0x25A04Bc7379FAAbc0bE0421DA74191ea51713c8c,1
0x69323BD279f2Ed51BFfE88Ab8F25A46fC53562bB,1
0x6da0c6A8889089c9e466BE8699992f19F0E18e3D,1
0xe1FD3A4ac407De17391a69e2484832cEAb06A438,1
0xCB6222f4Df04385ea08E8DA2A5871131FF5F6cBA,1
0x8Da8a63717bfC7197DBAfef29c6a379dA6F9018a,1
0x161b1d3aB6cFd2b9F42Ec758FD5a9CEbD0808952,1
0xb4eb2fbEFA88a4D13F6bA98B6B7d44Ef569B172B,1
0xEe28E64EaFF4048e35B2270bB7C1877F00583eD6,1
0x2117085E7e4eE35825A9C71bbE46AAd8c01789f3,1
0xdf4032E3a7A09D66Da120B038b0c26Ac0cCeb3e7,1
0xd64b30D41bE28bAA86da483724E8B30954D857F9,1
0x11E8434F0288Cf11aEd1424907377951f8913979,1
0x5A21c2037b7fE8D97f84e537EA611B1a0fFBf99E,1
0x77b11dbe400350ED3eda891922AeECdbF64FF8D2,1
0x91628188530F7B93919C81eb4D5dFE9D93ECb5bE,1
0xF6A1F53026dC95152269aB4fD5De04CbaffDb528,1
0xc705c75F3c5Fc8ab6C691814136903c5B06CCd4E,1
0x50148e10F09fD9A33ee898d566A3Cf9Cf133cB6d,1
0x76f980Cfe17D4fF3e3F9ddCe2129C17e55A1091d,1
0xc8643ADc6D92e90867fFAf4E92643A005918Ce83,1
0xE51e79FEe438000417C4FB609B933887dc758e3a,1
0x773E38db30035ead0650B20D85732f1cEFA7A1fe,1
0xFC15B232De976021562443e8bdFC534e4D5AfC47,1
0xF53a5cC63895296E60B2eb087D440C59Df48801C,1
0xAd86372E42622BC2631C382BB3a711737986999d,1
0x97538e1a3821f3327Fe2a2fF4993f3d154f28B01,1
0xb414191Ea9c943CAA4431c48a7e7D23d592f3B29,1
0x2e7735AdB640c4A1f6C72657c66FbD892D487d5D,1
0x3cA32Dd3666eD1b69E86B86B420b058cAA8c1aaF,1
0x2bC12061C8912505978472C21d4a23dB43AF62aA,1
0x54537D6bB528e9a3C5e6ca1c4321bE03eB369239,1
0x110cF16FC17F24a6df36357f3468e775BEb2AA90,1
0x3c698d1E054A921dcf46Bc213CA407E39AE4Db8d,1
0x5f438993F48509Ac1F2e7dc4A8670168EA32bcf5,1
0xfDf57E2088d6d55977BA5C4BFBBdfb7B24B9a563,1
0x64Bec522dc88CDAb0D114Fac2Ce42d6Ef7D8dBf8,1
0xf318C1e48fB2Fa0Bf9eA9c06f01d1b13E1FDe428,1
0x175d7aC3844aC969c1d17431E59FF057AD17Ee3b,1
0x2f52fD101A9d766A87B3b241Ccbe596337310761,1
0xcF8373446363216f0daC6ace39cd3dB12cF8689b,1
0xfe074e3A6001192587b7d558815EcbfC03ed842a,1
0xcD2aaA6584E358Be845Da1faE1Fd69cdD20490CA,1
0x9394a94948DC659Ae653EcA90767Ad1E0e22eBD5,1
0xb7bD544ed9126f7B634F360c12cC994a4F228932,1
0xe3921277177E0B9ACd49f90D6D02A155d6B3a894,1
0xbABDa3b79248627fC36aAf13737A718Ee4D671D7,1
0xA6703cef72eD7536f6648BA375eCF71DcD25d641,1
0x2Bf7145B9dA25567569C15C57758E6A13BBc00f2,1
0x55A9FD82de0dA81A8a7caDe4c49545C7D52c318c,1
0xE8A4d3e0066D4CC9B9579A2F87725226788F0F3A,1
0x0a72E3504E67C058b2fADaa02C871Dc7aC34E751,1
0xCCC1A987Fe843ed399a133Dee7ee0A3615051F3A,1
0x98C17fFd4BceA646d85466E341AEdDe4A2D7Cb30,1
0x525132158d6966AD6BA7b729295a73616a8A06a8,1
0x7d5E6E52443433BB8df673844b16a391D770d001,1
0x831D079434eBAF3a03EB7CbeeC36Ad60dB868eE8,1
0x0c5FC2971D6234A6f66869c6Cf9b3e1F1cA48343,1
0xb16fD9113C315861b0E543c075400dA90451CfA6,1
0xbBA58B57dA6c6A89aA64Fc0D534Db505366dc5b9,1
0xf64eDB06673EB5be70953BD1ab473b5143B08302,1
0x133268C2cfcf556eF9785ACf3503d5648deade3B,1
0x48328D2e8F12811151016a51cBcfdC8ACb81FCb3,1
0x642a8f52f097201e921dee0C3A156A688601ee8C,1
0xd8CF1Cb49876E07AAE933f7B7E60871d0eb922b1,1
0xd2E351099971bFDBb484d000549776FAE7e1F889,1
0x11E14b7A383F3D7B82dD63da8f9B6B4D6c392B6e,1
0x9BD47354FC1e9B67bB2e1Ba2BCdEeFb53f96F3Ea,1
0xA6770A9e5785DBAa41E3b9B7e8F564ed52Cf0aAB,1
0xD593be7D470Ba396c180229308EDAb4e60b98479,1
0xa295f002aBd032d4d1B03BFCC2D691D17015C52A,1
0x710A54635f58Dcd9FE45eBD966c3a877BC83ea8C,1
0xea10F10142F691CC1cfbD7A0D7d31557221C6E98,1
0xBE45117C88345155e25A7ff75e84EC51Ac0F3e3a,1
0xdfec12A8d75cadB4aEDF9546039D8AEaab066d1E,1
0x883E3AE4114fcc7495556e6c1FaC8836A2A979E6,1
0x566DD0Be0e187ebDf6E81FB5FB060B0E877B2fB4,1
0x408570441054B712a9F8b4c96101915C75e3f044,1
0x4726EA8609e4ac4EB9a4C0cB74B0e379Df4dD387,1
0x586DeFEB9C0E59c06148da2Ebd6D499e2A2902Ca,1
0xc3Ebbc1B0B2E81e6E1Fcd59b20A7Cd9E88957c8b,1
0xA34f4BEf3a5857cC12f24E126ABbe752443D09d3,1
0xB5EDCa78dc4cfd67E12760586d95977F4dB3F44c,1
0x9EAf22cC6231F8A688F33A5137DD9eD0fFa7e4Fe,1
0x349FB17E4e0Cf9de036a999125bE4b1446fdD6A2,1
0x8af55661e3131b192031C333700A7ADAC0a9D8cD,1
0x963AF327E553eB2fc290bB99d50Fbb9E88faB824,1
0xc21B449Dbed3fff8e71250d83FFc27aE24669CaE,1
0x740C2691a345d5d2c8a4E498DE1020ed7ACbd2F6,1
0xCE4518360993272a445210224b2875e0B0b23f24,1
0xA78a738D4cf8C0F9939323ceED5aea9Ea1b42CD4,1
0x1b27bc22017bCBEbC9807Cc636559aAB55Ad9473,1
0x039699832a9bBf2A492F1E78c8fdB1827145Ae7e,1
0x487658f5fA558c5391ff05825a9B800403c3ade3,1
0x9143F49EA37E0Cc5f500d2aDaAAC7B0f851C68d0,1
0x3f1Fc4B90B6349309f91112d7A124D83D7cE3193,1
0x66328015Bb3177C550C9Cdc4cDd63587998C31A6,1
0x6907A38C1ac73473C7f52CfA55e1D08f04740D8c,1
0x03A507043314ef13A83aFFFbAf15d89055F64666,1
0x7EcBc0A78691CeD2C6cA4ee729438E06Fcdf6d8a,1
0x2356D70080197DF75A811C7C4490bBAe0FE578D8,1
0xaAFf1eE99C147DC7D021BFEB49439100ba295FCa,1
0x1998f627ad0F5904165b1796c4b111492365Dad2,1
0x3F0CB44627D9EaDf2d66efBD555Dca734e67d9D9,1
0x421BAa8cA5A7E3bb4fB1963bdfdD8CD3f6fDcb69,1
0x49000B54784C0359A9ed744a5f3505d39043e451,1
0x361AfF6C1Df5F6AFF9F8c17542bD0E94CC5a80eA,1
0x40AC63186d0b997485D02F602e6002BEB1006148,1
0x3774A887ea20FF4453942e64a21Fb92Cd82de046,1
0x540bff2eb15314c3ED0f1414E4773774aDcA060D,1
0x5EeeE12B6ACc743281D724DDBfE51cC614627C5c,1
0x65078348541b6241fe3Bf27Ce7D9f36A9FFEdc66,1
0xED1e54f3328524543B31D427702910CC355e7FA2,1
0x88CAE02d3D7D2bF079dA9ec37F5660B4834dB3d5,1
0x7f64219e48e349295A580bCa164434eA5D1E8433,1
0x30790ccD8d366552484a27BD0f42E9c980D1C3E9,1
0x3Cb79fbD612A66B4A2183D49c937140bE1fC043a,1
0xC98C8a768f376eF18C0F1bcAC42b1d2718093BC5,1
0x1EB3A41555a8bFB9b82bEcDA7e48179079651A24,1
0x937d3F8DbBB196CfB928E5373541A50F44B90c1B,1
0xB6C3E1cddbcDC2E1758a7CC677749D3c6c811f8A,1
0xE7b2815Fb6A39fb6bb81c2ad72a2248F7517537C,1
0xbDE26d28130f9d983FC4CE2b928F6FE457e7D6Fb,1
0xE65C0CBBe2ab1460FA16BBd80F38353F4BbB078d,1
0xBE74C7e1aB368f70531D20D7e404324E29bb89Ff,1
0x02801cb3B41CE871ae0b129f857d9e56cAa3575A,1
0xd20a6c3f4e1Ed130907f611A90741dc3A2541875,1
0x6C45a98B88b48026Fd7bcc7f21D7C35a73c6ac99,1
0xdbfEaF48cBaD9b9B9AA3d46642c8cC65bBE73E88,1
0xDCDE313436C5eB2985a9E5acB5f7B652b9902EF2,1
0xdC065fB9bd6D5D6651E257E5799Bd38Eaf005FC6,1
0xE8995aeE06F518dE9865917ead8AA489D1034649,1
0x8055F8af78DaDCbcC80a18EbaF9927f2Cb8930EA,1
0x769bEb5bEb6DCFf2aE22e81795669d1FA385D020,1
0x7bad1b248513617184B3ddE641520f3117B5fF1b,1
0x3C2b31a0Dd6d9336DE71F9788e4f05Fb7e7292E4,1
0x33DfBA48F77f4DFf1B69532b523ebb076dA3C33c,1
0xDb772B05fb667EEfd3304c9211cDeFdFd1FF8E14,1
0x3A53df0416686f7fCe84b2D2d7845888088f71C7,1
0xA1Cc557689336Ef938a9075117fd92D1b1A3183F,1
0x39ac2d98812F9E1630C8f33142BcB7E1FF950437,1
0xf47e38e8824Af6592eA5eBffa3e3068c9aC849EF,1
0x83a26824b9EF2657EE40CF6Cc4a9a9Af39dDBf6E,1
0x3F230A02F3e28f9AE50a608efd3Ed495Ed702094,1
0x222a86D5c14d93aDB853A116d6964E2216cc5801,1
0x4aCf98E7b380313439d189C94FebE7CCfB4aE745,1
0x8959d241E08DcC101349FC0Eba00d020935a1C5f,1
0xF4b40B20572D117EAD7b5ca3C7eFf7d3CBdC4067,1
0xC7A3F400cdDe42cf52f240e46ae83d59F3dF1303,1
0x2713Cc0aE67Ae09F29563881ab4fd5eb74f272a0,1
0x40F518b319cb0EEe96e0E34462b81C4C5a93FD3a,1
0x2a29ECcac756760F1B9170C351F87A14BFb90d7C,1
0xE5aC7F8DB25a64591b4C5056c246e29F5830EfE8,1
0x9e77580438551582f4d6d7a12aB3145aCe1e7036,1
0xFc1a7A26Ff9AA2b6b298f3658Cc90ff89B62a072,1
0xb7aCFf9f8AdF276e89F1a85fe573A7C2e6A63bF6,1
0x94dB536B614151CF4B1159F74471d738803066c8,1
0x97604447aa5BC7F4608F059cdCb0eB5EE4b93366,1
0xd9cf6912c1ae6626F83f28D2549Fd35c04ebc8bE,1
0x261BA6fBca6884374F8bc30a329a294B7814feed,1
0xFb083fdFf8a086e55Bdf4Ccc5BC7A0bc765F4c5e,1
0xb0EBc3D6fa0B041Cc2Ee67Cd797dFFDdEeE2baBE,1
0x6aB3CC188599Ddc67500e4Dad5f435598Bd2f14a,1
0x6E703F9264375b88791c958053Be7834eD49d769,1
0x243baE7765023FF1c25f6063177a5811C68C9A65,1
0x35e4E2123c6ffaF1afcef3aD3700812CE6e1F272,1
0x333c6565bA507275f38cF40027ee64f6F18e0e74,1
0x83bbe9CFCc205bb8E53cBa0b51d6db9386CE58B5,1
0x7d84b7fa779c86922E46D1C1B18f61A41f3b9799,1
0x7809719aEE3DA29B85cF226C85CCDCC211c4a6B1,1
0xbF77B8a74Db0844032cFfB3EEB487FC500765C4e,1
0xD083E5dAbCb9EF57208308bacb7462cB655D0EfF,1
0x112f0174E51F3039668a9df8783451772EC9DdA9,1
0x8Ce824090cEd1e06573024f8e209667dFF937821,1
0x7BC08Df36e28bA76d20De99D156A09446c71B1FE,1
0xCF4E955ABe2Aa1A5e1230A1E43CAb2345Dbd08f0,1
0xAf7FC773b91230d9F9e4d9ecbC32B67F011063cb,1
0xd78520a5a40A77F6D57BFACd19e00C742a18b14e,1
0x9a29bbAfEB9D443cCdd3c4f8Ebd426Aacb20ef33,1
0x20ba40081ee0B8A80D075A167436a80242df7b64,1
0x7Ad4Bc85D5ea60B42a59DdCACCE43042E28D3032,1
0x23bBD657863FBc80c32925CC6f83e09EcFBe1573,1
0xf76411E679e6733a48078FD73B82F1CcB4D7cfdc,1
0x2a753194B84B2Fb7E01ee8b3Cd9b0fd4e7c49B5c,1
0x3c291E0aB90E44E58D7Fea1Ae5BE0AAB3FF620D5,1
0x089d0D1A4e7d02886667Db6D31E195819CCb5Ac1,1
0x2D7Cd1Bdf1d1A03461687F9ac1Ea54E653214Be1,1
0x4A90174c0E19950129DD3Bc8915B47D64c22eC67,1
0x652012427447B31F77107041Ecf01211f86c00f1,1
0xA200369d36d9a1040bDddDf7F83995220E87211C,1
0xe3a7e954390853532f0882Da57A085260b1acD56,1
0x60Ee29796DbeaC110a92D2C4c4ca2A2CDaC35B3a,1
0x244AFBE0131F835A9E189B9193b50a74254Cbe5E,1
0x4ddFF03b0EBD1A4D0525837BA89f9F8291c559D1,1
0x4bda94Aa5fa42e9e3747d9cC7f405a04E966fe8C,1
0x08BaC1D3c16fe76edBA4D41c600462069EeE33Aa,1
0x7B4D11a3E5eaD71AD66fD70eff0Be1a5DD09336B,1
0x2B5b64dF5E31A31d2E48dE94b15c2093bC4CC09C,1
0xa5CF6dFDb0076Bda220eBE49d5623f4E851183E0,1
0x525320d8712AeAB3f3FC6195102ABd477AD998Ff,1
0xA3DBEE0881D9287b962f491268B064468B325ae6,1
0x10eEb2856A140fb83af226aBDE3f8394984F903f,1
0x9e602c1920443F01Cb100a57A7F894df8Eb42f66,1
0xdF8111093Ec328108fb2501056685c01A888EdeF,1
0x14549F00c6012514b8bAA578cE6e63Ac2f7879bb,1
0x7f1a47DA846329e08dd7E0Ca9587b38FEEEBDcEA,1
0xec1f7C4383C403694a98aDAF86c828c70efED4a7,1
0xAbeCd3cda130ebE4bfe3A994fE2FbC95f39DB43A,1
0xefB9A4AD04f9Bf9F7d8891a75562e9fB8df47776,1
0x69e463844Ff530ED20fA8D426799575Fa9C01c56,1
0xd55c5f6f770D5c47ebEE0e8e6e3e144597f78953,1
0x421ce93cb85B4c64B751c371Ba093F95C63fcF95,1