0xf5819cC26F0481c9b86294B4c24027518a04BD5B,4
0x261BA6fBca6884374F8bc30a329a294B7814feed,3
0xCB6222f4Df04385ea08E8DA2A5871131FF5F6cBA,3
0x8ae06d2a588F6A507E0997dcfaeBe5ccf6976bCC,3
0xF0CcE9f4961aD2ef8841D2498e69847058e700B1,3
0xB6fe1d4bE26159715803Ec9929244D8B2c1cFE9C,3
0xd2E351099971bFDBb484d000549776FAE7e1F889,3
0x808A023B72260170c95d831F589A1ae0DCa1e43E,2
0x7e788C62c9cA849dCe399e90F912BEAE14424616,2
0xF4b40B20572D117EAD7b5ca3C7eFf7d3CBdC4067,2
0x69AC9A8Ab34A86c3F59e56416b07E25230a21944,2
0x54cF78C31739B97F87381b19937d13F04DC9819f,2
0xe48fE6012f97b6A13C0Ce5cEF314cAF66E972deB,2
0x6fF5723435b7dfC2371B57Fb5cB4c373E5995C78,1
0xCF4E955ABe2Aa1A5e1230A1E43CAb2345Dbd08f0,1
0x9D63038e7f74bc089eb38e61Be8Da937918900D6,1
0x6FdfD0Dee3e2aa16bA6c70B1398E640735D5C065,1
0x88CAE02d3D7D2bF079dA9ec37F5660B4834dB3d5,1
0x6647a7858a0B3846AbD5511e7b797Fc0a0c63a4b,1
0x26f50BcD36704E9cd9474d623e1ECEDc68eD72B2,1
0x9a29bbAfEB9D443cCdd3c4f8Ebd426Aacb20ef33,1
0x8Ce824090cEd1e06573024f8e209667dFF937821,1
0x3CB7d4722Bc3D42ac3aE42B16DBB652c80e464E1,1
0xAF3F95413Ef9F7F528f836b83b73DcAd6be58d8b,1
0x4D06dAdF311ffeaAbe0d6CcD044942209d516c6c,1
0x7BC08Df36e28bA76d20De99D156A09446c71B1FE,1
0x2Fb14f818A03566b41EF9C670488d5c708547d2e,1
0xb21cf61C3cB30D0f884eAdc3d81CD7d8722fD820,1
0xC0E96A12f4B8F0aB8057449b80200C251C502f79,1
0xe1EC733501997bF59a4f67341dE63C228fd6B28A,1
0x99893Bfa2ab7307fE44Ac8366968505202D497ee,1
0xcd06009d0b4A024eE0aB780DDCab6922C6FAEE0B,1
0x653c2626C9174d55D3d2829E773808B713e652e2,1
0x0b493Af26Fa61E5FF84290cA934b7c85E3195505,1
0x4eaBb1563E3d74eaA885472a3da33372b29af6ec,1
0xB89c55e162E53149AF80343e5ABAe04088dA376a,1
0x2897c69123801ed014Eff2Af387495c7cF04261a,1
0x43e65F8116174d1c38Eed3545d21fC37ea34B565,1
0x7174b2892D43B4E7860a09A8A3Df611823f73eC1,1
0x9587C6a5258c711bA35F957BB5eb4589fC77aA14,1
0x5f438993F48509Ac1F2e7dc4A8670168EA32bcf5,1
0x7C9bCd669A250BCB1A4F191F1bB17dB6988eaDAB,1
0x8DD044E5dE0adBC9Aad14f22607b048032f4A128,1
0x15974268A86722751C9e3c0e85cc9d3C652733F7,1
0x85eb9A935Ba7aF9065532Db6FEdCf60619024a3e,1
0x63732bd61039ACC8A75ae44756e18E15E80c10d2,1
0xbAF694F54afb0282E1CCFcf458153A36B5e4d35d,1
0xe5FEF1E3cd7798eB6C80F34438cD0f1070cEA180,1
0xdb0C81A52269Ac29988e6102DA0D2E59ce421630,1
0x22124547D1B5106aEA0473ee66c03A25eC32A210,1
0xF5b23313C77De618DCebff67c9604D656c8FCb61,1
0x8a797173d38807A9b0643AC1d6D3440F57cc56B3,1
0x38644aE9DA757C25e6F4c29B0b5EcdcA8060C549,1
0xa84fe2DeaEdE6494b911b706386da28207442606,1
0xD92d492d0888Df0bE5c4d44cBB5F6A6d7724A0A4,1
0xe9eE3888bf6A96dfD5A8F91eB344369AF66F282F,1
0x1db5Fd3c59e8A3723AB3F044304fDBfE6Dc4Aaba,1
0x6159f8C201de578c80196Ef310a897F342573c54,1
0x9682259cEbC8f1B000ae5f3c951834e585A89F34,1
0xd5Be83b342B5AD3D661Bc47D9531416A5ED94ede,1
0x15693494Db89CDA2E373A8cdcdb29Ab686d71814,1
0xB5fe4eaa990aa32ECee0dB6Ee347CC8c79FB21AF,1
0x0c3047dDb9E28a60b83F9d6a6F93bfB8a4c554Ff,1
0xe3E0234dEc7196F9e29C1158938dCCD598A0DaED,1
0x540bd989b963d75F3Ac3D1F18A20E17E7226CA00,1
0xFa2df2f84E6f1EdD8baa7D45EcCC47ebAA38E5d6,1
0x0586873109e662d023dfC35478197DD187FAAD12,1
0xa42CBb9B125EA16519598484aDa98950c5778bF9,1
0x2D702E8eFc6520B476b354629a6c2eC6dd86835D,1
0x2f2BEc69e9A8Ba16c3861fE6e4e4a00D29c85FaE,1
0x06698e4254E6768265C1AdD4B1F14BbfdBbe2E77,1
0x5Ad9d72b649E6594e0372e455BFCF0243aae2998,1
0xddbB61F8cdc4F60c59EDe713C63511209da210fF,1
0x83F7D94FAa24Cdfe9D2E911aA189A592f985DF86,1
0x6D75642C2d4D078af872a6D6dC367Ad3777b1583,1
0x57567Bac4a9B0169ecef6D3b3b4b95435e2FdF25,1
0xC7621650F62bF3f0b6B31002093D0A6900aE2304,1
0x782290e41E5160B536570231e806FB4E46e925fA,1
0x5AFcB4e86DA557D8A51eA53D1186Ae967d718647,1
0x662655f0C65a7A6eb50B0F2517A9b1F7DFFe3A36,1
0x4e94fecd552f1c9556Ddd7852862aF73Fc2Ea194,1
0xf65902F1e8141603de7BC861d345472D7a56744b,1
0xdA5b64A2324380E3417d2D6a93F8a29b6bC35d7E,1
0x32b918503eE9a4fcd88A77CB830C87719eBcdD2F,1
0x3B70C2947aA1C8918969E7a794429071A70A975D,1
0x7799667844773D6ee66837D02aD450CcaF75eAE5,1
0xaA09246c75Ce388EfD329DcE281e514e86e280bb,1
0x2Fbb14c42632B130b846312EeFEbeF790c2aa5C3,1
0x180b259413B5D9C79eAe8baA873051fb996288D4,1
0x77B2FeAdb08f0128c7F07cc67468ec88F341f187,1
0x96d84824b6ea6A1d0C30C692caD49d556f08bC04,1
0xF987d68Bce025B226e165126851205c410A42f72,1
0x3A7763E13419E3cC487cE8ed7b5E17E210aB775C,1
0x262E5d0534829f50BbC36833AD6b3Ca3ABb3c810,1
0x02493fBd0A22fcc7C9495bB44d54b1215Cc8761f,1
0x162783379313F95478F7134b8CF577736b0bf81f,1
0x29efd7181a26aacEab21547Ab863f419BaD0a3d2,1
0xC8dbD48E2f03A93A8a5aF778D6b2cD4e2a184D56,1
0xC89463D9Cc81002cEA6796A97Fd616f2E2C8c365,1
0xb4C062fBD750C9a6D75a03A114963f4222fc765A,1
0x05b312031B5B4AE5ff9Fbe8bC4c854D4EC31B9E8,1
0x78a4693ad8dBa532d9f013A2A23fA45a9a2dE21F,1
0x2D521c096498A37dd8c9B51D2F1DC045841bd6Af,1
0xe75B8be0032fc8E1Fd7e0875881cefE28D234cd7,1
0xE0CAD4AcD067453FECf22c248dC9B4a5926A4ACB,1
0x532B4625596D931E044a7643062f79960eba96bF,1
0xc76292304e08E9E6FdFC82b3e6f80Eb7c9cE522D,1
0x9E219E622133947B4bD287983f98A8a9e63A10ed,1
0xA8883510c4C7D96AA0ecB6E853E407C37f574d5B,1
0xd161F2ee9e3318F76E54E85BCf849B6763b121e1,1
0x7FaeCA8Fce9c6aF725746EEc54a363A085cEDD7B,1
0x6795A14F26a08631b879092e25b3E3B1F3270315,1
0x75542876BaDCf42BA39CE9139039Cb27D8756Ab1,1
0xcb8949b01B6862A80408503DdE1DCD5eeFAB1EfB,1
0xA90ce72289964790956BfA2F1685Bc8c74Beb1f2,1
0x71Ec4090e627b204852056E9C9A46FA858a03cA7,1
0x2d5EB6775ffBDF9f7BB08614C5B22C7C87294cC3,1
0xe5f9eEcb4554c47409B12937fe9f929b37d980e0,1
0x553293729E7665f16fF9359d6607Be24e8963788,1
0x5333918981E1401ef5f8990a9F4A9B5b9a1f040E,1
0x99ec127bf5D2Ae4ab4F13e23E317194F05F94E8f,1
0xa240CD5f7eDc197B57e582CD14C5EE79D7F072E4,1
0xA3d5F79b134586dc697594441e923fa7Db9b494F,1
0xB4234C337A9fd490cd55e3F9e57340f95557c0E4,1
0x0E1C871C2df254162B126E0405B6442ba3D7B2F9,1
0xfE0Ab946F91d67430E36063B238f0fD5B9986C87,1
0xf5b6D5746d398785dB7CdDF80Cc5c3F034110dC4,1
0x94a069a225Cb2c92C7F1e5cDAA5Bda1feBD63B54,1
0x089e2b2E7da258E5C78542c537BD948917146F6A,1
0x1325856120F879A1b0190148Da02D9fD838d36C6,1
0x61cac60070578511980820A380c8450A55696951,1
0x64F7bFF9862EE1Fc040ACf4f847d6d3f58F7836D,1
0xdff8769549A0a178F1F72b50E74A62Bb86561d5d,1
0x96e866cfBAf49C2E93AD431A124eA64F6718B5c9,1
0x8cD2B30F93cbBe7ed03e493D4f94eD6076FB4a61,1
0x1b0fDFA3BCAad4FE0445fd8650CaB9c24eDF8B6f,1
0xC296BC0CEda677EE3F4a4eA86e517f538a5c8e7c,1
0x9B9C2Dd2Fe45CcfDa84Cb40B1BB0641D9160F30b,1
0xD2E10870c45fdB3980eF720612071f2c39F2A728,1
0x8794b20DDFaaBeB4821D104305C8dcaB6d582bCd,1
0x17c00a576c340DF40bFE137E86ACa2383959a74A,1
0xBC0FaC318D080322492fAD3e67424941eE968925,1
0xFe2C7698AC2791f6652503C96Cc7Ea15D6B074D6,1
0x4e06C902524e798563A23B84DC84C52CdB04FE85,1
0xBbAE8eD7FFEfBcC1ec4eAe051cf6cBA4Ce61F025,1
0x21Ff00EA0910dFF32476528138840C8Ab7e57E57,1
0xCEEe56D85b43ab6D9a841D6479013CbC370e88C1,1
0x348034E910bC7FF596F8Ce24626C4c5C7Ca7F6c0,1
0xf94B54EE64Ab5cb8F77c2a6A305CeD6B00e681fB,1
0x3Baf6b1842D1B762537446839604AD04BE8AF4fA,1
0x1433994FFCDcCCc6825A8A0e1752373c28aBE72c,1
0x379B423f8ee2B9fa9fd49a805996C8EF9Fee1c6D,1
0x999b98242f5384E225a02aFceBb5Cfc817559e65,1
0x6bF2B00f1AEbabD26B02DE467A2cC2AA47cD9558,1
0x98a702DeC8BE4882898eeE0A2F699e0fcFCd4981,1
0x5dac1cEf7f54E498f1358E14885063612C1ABb0f,1
0x3606e0Ff4a9c7cB71EFbadC0189B69B3FB3AAfD2,1
0x7aD96EeC5dB1b61289331Dc6335cCc7a384C0221,1
0xD2D89C0aFEe57824a60d17645B3a42529ED27Ef7,1
0x63A43A24DE2CE6B1BFED393f6FAD714B172a977e,1
0xF259A5375cf905b8FAF4b412d78afdee395861ff,1
0xcdD088De08ed071E36dE7b9779Abae5AaaD62277,1
0xeF3539dd9be7465F0920fdC0bDBd3fB3416638D8,1
0x88a7b57Ff0b06b816B1300f6F5C0c1CaBD45D52a,1
0x1b696c7DFF4EADA4e3Ce3C196ddC1b7Da8537ec3,1
0x56Eb31d7F6A4Af81A673C3727841168907D4C3e6,1
0x25Dc46F7C8D4E06b5Dec66d6e4Fb1Cd0a68a2178,1
0x2cbB0FbE9460A742F1562Ef83A70d4EB741b767c,1
0xC073DDE8e1C5Bf8F455FC6851A9D4196256827Ee,1
0xD246524812a6039647BcE9aAC0297338B624B398,1
0x5D841f6a445Db9c8d7C9B8eA126b2eD591f4591A,1
0x1feFd8BDd364eaf012599fc3AFA3D38469368458,1
0x924BD95C1A51f5Adb795A1a6f239a707ECb818Ee,1
0x36c0b20c23b8F4229Eb5F955C7e627dA60ce9372,1
0xBBD16Fc3aDB216d12e06b0Dd456BA2eE3292e3CB,1
0x3219623A3CD8511a0F58d2826D327Ece59E6D097,1
0xEC70e31787A5C7DE43016f09635772424C3334A1,1
0x9fAA1401C5E325Aa475a3FE888c57b325262ECcB,1
0xfdb0e46D780eeC53ef387fC8f1AA82161E43d0e4,1
0x511d4Ff6305B22EA3cFA5e7669E65cf180A2C3Fa,1
0xB8360500fDe35fD495f4DFE94fC0e134e0e8D0D4,1
0x1f0395BAEe87E767C8573FFB073B81DF99E59112,1
0x6d644A42aCc9156437f20Ac002F1a73A74863Efa,1
0xe5D71dDF0dD88F2D7eEcFE0A962f3DfE7023CF5C,1
0x15f438c3fed4eB5474e3BC3655D0AB3cFD0CDdf1,1
0x059A78C807A5cB1409cE25eDdA61764dED14c01F,1
0x755430410baa84E01223BEaa3BA4DbFf85061fF6,1
0x6038d5c18D866972bFba35c519E980a819541720,1
0x9C88367275f6eA7d8F0b9416Ee927D22d9Ff7D28,1
0xeC5897C5466558Cef257401a92568B543aF6a864,1
0xd81821753C32DaA3B86eC66297754e05e71b9281,1
0x88B0BE658E72C5518B37cE0A5625D3fD494dBAFA,1
0x62D75ab0db98289eFF25bbB98c776AaCc92bd9d1,1
0x78b8A76BEa31733777556033e2a116df66C4C41C,1
0x44EdfDd348f3538a27b97C20b827FEAcdF8f8758,1
0xF5C268EBCD187937e72D1F9d65fC79d4bB7af19C,1
0xF1fa70f061fDD3021819Aa77deDBb7554652CEbA,1
0x65ba7A28d127704A20727918423AB5B7e62d8A4d,1
0xdbfEaF48cBaD9b9B9AA3d46642c8cC65bBE73E88,1
0x98147e0F0d4fFce4eC2F95861B08FCAFfb555Aac,1
0xdB75103d154F190734cBb4409d6Fe71169e2F7D3,1
0x3ca4bc7F14bd114364Bf2089B4A6C136E7A31edD,1
0x8FDCA7A91c9A1574b88Cc5462EB65e35D5FD1995,1
0x237f879B756D0f96416c3bD9B695475B3590eC2c,1
0x2bb3cfE2DFF659034ec45Da84d996865b1bF9c50,1
0xE954F4c5249C505876DEC5324754Ac91471Ecc36,1
0x156548113552Bb52AE921a0B44794A6a5F588C9c,1
0xB29d4D6B7dda64fdC565a3360Cc9D00f97237DAf,1
0x0ff33fE9BFd306B4973d94c5C02D43fd28fdCae3,1
0x66633Cc6B84CD127A0bb84864c1a4eA0172469A6,1
0x1EAc5345e9F0DD3a581823adAe2bbA3Bc189Dd23,1
0xD5C152729FcAcBAF8C1cc4Ca91F5Aa13863244f8,1
0x667756a3906081AD924c346013430E37993dc48E,1
0x19655b64BC180742F8CC62129D2B29A4b76897De,1
0xfa2F5aD13d8bb5A3d613aD16b04f2d3bfc8d3D35,1
0x47FD87b77d815Eb2f4391979Cb742da3589ba74C,1
0x751CBdBEC4453FD03A9957332a4410E336f30BE5,1
0x17e4AE51505ffd7f1edF1c3cA780D70006fAAFAf,1
0xB65791C57E5Aaa94802CD2d89b605Cd9a61e3079,1
0xf4D18ee61D5BDb6f09cD88400379f2b28E4da2F3,1
0xeab4D8F8c9fF8aAc83f2323a60f646952814633F,1
0x8e2CB971b6c7490f29594Bb32eb798544e272089,1
0x525132158d6966AD6BA7b729295a73616a8A06a8,1
0x99b17456eD9C3EB3E2F4f292bCB515F8bb9F4640,1
0xD635C85194b8101a9F35BDCB099e240C7cB2731A,1
0x5c46DeeA1783f1d7e9579B963f2021AC1B5BFE7b,1
0x99Ca39bb5EBf17c7b6016a72809DbA5e7D719a5f,1
0xC95670BE49dcC1FF5032D7b4BaD214062C4E44D8,1
0xFc1a7A26Ff9AA2b6b298f3658Cc90ff89B62a072,1
0xfD48f5d6cc1D58d4f2f6Ef96292F54D11c722154,1
0x1992D375DecC43a90CA1f0D3Bb700Fd7F6963F8c,1
0x49000B54784C0359A9ed744a5f3505d39043e451,1
0x8bA6Fb982CB4B6a240065376b944100bCE31b9D6,1
0x1966DdCA83A3eA832B58b71c6FBF01c90477E30c,1
0x4A76971B3Fc3162d4D88FfE7EF3f1cAF42752b06,1
0x80b7f4795b34242853FC118B412fa22E64DDfeED,1
0xb90FE5192b02cDc221C3A476115A39FA0dE60c5D,1
0xDbF4246a0068F5D421A0Af3c758e5210280A75B1,1
0x3394e1485E2553020599dAF61c21372869F4De87,1
0xC2ed12342d2f7E6996c1b7983707F852b585cb96,1
0xd06AbE59e118f2e06Eed7e33Aa1D6E27eB470B82,1
0xfDEcAcbE43b894D5eb25C7FA5BC705ad1D91fc2a,1
0xd4553761Ba6038DCd5a571f536bE1D017E33ecEA,1
0xE408D65d495c567aB246E7c90F11d15d96c1738D,1
0xf91A962814490626F237D83aeD6E4c9a7F7D7a80,1
0x6C3335Cb4c5CD7B05Efd06fE97fa6cE15D49233A,1
0x4904fa1F17AB74fBE3D05e7A8d9b549bD90480c0,1
0xD2E646442aAdBc6b2623fEf0510dc77315F47E80,1
0x1657973E8CF3C8aE6a17602D54ee82D5E9DdCb81,1
0x043145A2bf34706451D7653684e9cb2c5FFe7aAF,1
0x1f9A0Ad1af012331aa12E5347296D05eC0F88b71,1
0xB101DAC56748376AB8099B2Cb214433216914345,1
0x6D67d7C698206857689de8EC6621d60cd6A1D79d,1
0x70796E8Deea0cB8A962917a22C3883f0F595664b,1
0xDa60b54C8f6738E1ab9AC8d2aaF28a0427aEd337,1
0xEEad1396fe5f0daec6DbC04d8a43E85dDE4d97DA,1
0xA859413e5ED63847F306e21249E7cA43d61e90CA,1
0x04bDa39Ac7b59301B2cda74EB84b16986F88f884,1
0xc2421b188db69C3C6a7e9BD40661b4b96cEe781c,1
0x28baDd4C4603D3FFda223FFf00cDf695402ee4dE,1
0x6E4F04cE5d6F37D4ce0CD4BDef747a9845792237,1
0x3C914023F4fa7Daf35aa687F25F6f11641c2a2be,1
0xc78ED989d84EAe2537dA1079e0A4B314a71A4369,1
0x917994562198388ADe5d9bE6998f183E91b95539,1
0x410ad0eE7c99c0E46FdA805FB81d3C51Cd8205A4,1
0x0D642a8b2E5F9AE30D40CD53295dE4e542922370,1
0x9e77580438551582f4d6d7a12aB3145aCe1e7036,1
0x7f64219e48e349295A580bCa164434eA5D1E8433,1
0x156AC784BaE328f6aFb6403460145BA8B029d3b5,1
0xe5D047043d5317d369f43384EA6248dB07A78Ae3,1
0x20BD3Ae9171cf20436a8a7e8027c74Bcc7E2DbC4,1
0xD117262C30a73c0C4ad8037658b4a8fc3A386ce5,1
0xc4DA6319585Ff59912013338108ca895e48Ac733,1
0xeC72e0461C67Fa5F1d35dae2271555C6CCe45615,1
0x935aaa0ada883Df69e48ef14091F4E2775Dc8812,1
0xb0C0f73f84CE7355E755846C123f0a5848304B52,1
0xA200369d36d9a1040bDddDf7F83995220E87211C,1
0x132698Fcec433EA0f1400436f380d1099691E367,1
0x5862219174b2D395a4ec0b6b4F75Eaa13C385900,1
0x285f83C6F60855267FEeD935E974180062609e57,1
0x489eF5FC27e7BbFa4cfa1C8D5eC197dA3D1BAE54,1
0xFE6b1e824dA24B870c7Fd904d2C56a6cF1C6dAEF,1
0x7809719aEE3DA29B85cF226C85CCDCC211c4a6B1,1
0x834159f5E77ebfB903cf2Af0b1FFD421d07087a6,1
0x6eb836bA82c5466462F07dAe937b40dfe76b2AE6,1
0x3c698d1E054A921dcf46Bc213CA407E39AE4Db8d,1
0x5f1dfa1c4B174a88E2A0060f366D18A749618031,1
0x09d6C773b8595dbBAF5334656530CC99D0Ec2b68,1
0x3a79822d218D9ab9fd4E5c4c992665F0206bA84f,1
0x77Bc3254419072c5b554700B4d1C4f4C0c772Db4,1
0x621ABa8bC0d8aBc56b3a0699ECb22d8A7d1F1A4f,1
0x85857D4D408aF5aCD08cE33C68fc93CcCE396201,1
0xD6e02C13A6cC133C9D019495414667EA7bEe05cc,1
0x1565f3Be9881C204F470796Ad29d7eEAe8Ab7086,1
0xbDE26d28130f9d983FC4CE2b928F6FE457e7D6Fb,1
0xABFF69dAE53ec65A054B131c7EB0Fc863F2FA4c3,1
0x94dB536B614151CF4B1159F74471d738803066c8,1
0x45E13B5680B07Cb88dC5781Dfb79C66e4773E2E9,1
0x3a8b9B6d9286A42d3956A54DC60ec81c6865ce82,1
0x4c187372ca5bCC6b1C10c989bC94cC6C9f44406C,1
0x2600A539B907CC897736C9059F6b2d4941aDf37B,1
0x020EE6BC757283Ddd9D8682A5d72cD7AaD414785,1
0xDA98c0b455A679d67E75A1eFd85BBc20DbA38658,1
0x914b98426333Fe919c86672Ec7189FEB23339858,1
0x4254966AeB7A6a3a5A60b05219Eb356B70F12Ccc,1
0xF96f6744925bc929d107a09E4788bf4d6b77D418,1
0x0bCc10FCA1811349b43Ad2a3739d0B5247992De1,1
0xDCDE313436C5eB2985a9E5acB5f7B652b9902EF2,1
0x63dfeAA5D75b848a8c70E826681bc3475670fbad,1
0x87e696610F11480Ed9D01B1e2E26a90eB5832a02,1
0xDB8dEa26D08dC5dcB67F4A5E7A27a605e6F11069,1
0x9B32E12d0678628aEE378dbDf92f7f66f3F4DF80,1
0x5DE56eC92CC22D8547c52022734E49c98bc65492,1
0xC40dd2e85459e841021DD84F550645901aA337F9,1
0x2b8745F6038CfB99480DF926fAc08A70cb460Ab1,1
0xc3A6E2b72EE8478A85593Bfe86fCd612855BeAe2,1
0xfb414aC5445A6E8E83D5A8CD96fD5aFBB8Abf24d,1
0x4f9aFEDe969310e108395AB40e77A37b255B7488,1
0x3507c540150e582D2A79A928C186e8A36Af2c858,1
0xbE08F2D6a0E862d267c8A9ABce0daF647C67A3b4,1
0x9279492DC2123340aa00244987d4460d0e3cF070,1
0xda9aD6284300b15bC802C3fBF6dbBDf7CeB27Fe8,1
0x03a77C9E7C8A4EFFB634Dfd0f570845f71dC3A69,1
0xeFa5615b742945e1f6aedfe7EDfcF61ec5DCEeC5,1
0xF0eb4675790acBe0cF1A2ADb01FFba1dAB16aeCb,1
0x416115590E2b3dc9eb5FBeF62eb521D0F11459e6,1
0xF6A1F53026dC95152269aB4fD5De04CbaffDb528,1
0x6B6597710aC103F998e77F48caAD882788E24471,1
0x63804367Ac006D7C8908Cad2279eAd9A2DfAaf46,1
0x257214ec9D14B94E95039314b34469D1C3ABA0F4,1
0x1254Df8581B92609F087A505F77B4a9Dc89502C3,1
0xFA1E7B7113Cdca102df05B2aDC1122A3E99c624a,1
0x8D760EdF9177aE156aD198ef327eDF8b4ACa25a0,1
0xdEFaBDA3c22f14B2acA46B964F407c93f374e001,1
0x13f15A0Cf049d75800D22DA32fEE09A2612F8Faf,1
0x333c6565bA507275f38cF40027ee64f6F18e0e74,1
0x030e3e488576B8FbEF29f84Fcc25088B9cEB7dfa,1
0xEe505b849AB2C27c4249A5AF06e1B22E02A18247,1
0x97538e1a3821f3327Fe2a2fF4993f3d154f28B01,1
0x7a0FB632f86a8C8236aC8960b3a9cada3e7E0B30,1
0xdea3025AF7066020a93e45a5BCC267c9D5D1D895,1
0xB5621158e13134210F0Ba2De8C88dC4785DA6684,1
0xEBCd250474C27cBaD3C56f3F34e08F97b370AC2d,1
0xA9551E7424127648bbc7EA2b0dC78F8C6e023005,1
0x523eF485BB56BA97dC82B7E3f83497365eF6F460,1
0x9f834835927a0D9d589620669c0cd16B6AF87D57,1
0x54537D6bB528e9a3C5e6ca1c4321bE03eB369239,1
0x8a050aC45969Ab8CA498F4E9840b7E9D9Eb8AE1f,1
0x6aB3CC188599Ddc67500e4Dad5f435598Bd2f14a,1
0x2356D70080197DF75A811C7C4490bBAe0FE578D8,1
0x4F7a51Dd1680484cC45a0c62D1bf3040d7505d17,1
0x99FDd2a67ba5eC9fb98f451F0e88d0fbEc1eE121,1
0xBE42A09D29Bfa9Ee0f2f7d41eb25aC35a14627aa,1
0x421BAa8cA5A7E3bb4fB1963bdfdD8CD3f6fDcb69,1
0x9280095B58fDF90DA28a255407f908B3bAE432AE,1
0x9Eb90fDC301d5C749E15E12E869aAA9914648Bc6,1
0x69e1e5Cde7645eb8baE5942017d476F159d0e42D,1
0x99Bacf8F5F09Bc104ac36932AC11E4007FD93fF9,1
0xf7c6a011CCB9274876c1787e7bdA7Db3de4A2d1f,1
0x8F5817266D730da249013713d291C5A7A476F22f,1
0x55842426EcF8Bc5Ae830550e9cc8936Ddccb253c,1
0x8b458561eCaf5197000b4dfFc5757800934f71EF,1
0x82A85a2Dfa1d320e8B2005DbAa95E24EB4D49f64,1
0x2a29ECcac756760F1B9170C351F87A14BFb90d7C,1
0xb2F56965Aa68595283e1BD82ed0485DA627f9D8C,1
0x6bcFe7307663bB2B0C1c70294c8aF1ea01fEF0De,1
0x38afAEdb78E2A0018860b06FE231292184CA14c3,1
0xFC07314df7dA17Fa9e8B1CB2B238B37C2038acd3,1
0xFF141bFc450c57Ad84eBaFbD09ffa94A268a7aaE,1
0xd553Fe129584198F36DcF6e54Cd3176Af2d5BE0b,1
0x838Ed459DCd3163aD0867DcDB8c6A1497aB8698e,1
0xe0BC62Ac0156f3DfBfeB6597dF2CD38cC1bc63f2,1
0xACf1222153e2B795Cc35c57C32edD8B8Eae86279,1
0x617262a7Dd1745e5d9910EEF2A55d249C7431992,1
0xBc0cbDb5D40aa7c24906f5D0ccaDe1DF844f70AF,1
0x3989242c1D1FE5D650A17A041C4A277FED777D6D,1
0xF2F3A7860e6BAF5706A84ab5a87e465250BDfD5B,1
0xaA21505A90F5A5D1e40c39BD719F1b3BEF843CbC,1
0x78D9df1030E8C8601ec819ddC10AcABe92DF5854,1
0x957f03D26680f64A00540233AbF8B2A15238Edde,1
0x4C8B6265Fa86F4638fd42bAc3e32BFb64F329fD9,1
0xd4bb9bD38319E396C5A1B7B5d3DfB0CC871a6579,1
0xDB0956EB096fb6f9Af688C7b820d9f5C860AdF68,1
0xE8995aeE06F518dE9865917ead8AA489D1034649,1
0x88E385Def57004Ec13a164F32C9E784594561072,1
0xe8970e7e0786fBBe3e80368BCc93f14ce3Cdcb0f,1
0x6cdF68C9f08E79Ec5f8834B183308a7781cE8eF1,1
0xD9955789F7094b6C0BD5f7E7aCFB046520A6a85c,1
0x94061E6dFF5E6474987be0D3B75975Db9b1A846C,1
0x2e7735AdB640c4A1f6C72657c66FbD892D487d5D,1
0x0F2ddd0621B7090Cc276ca82570c0c71A0751c83,1
0xE1e4c21b7f19888871f3A406193f21821590995D,1
0x3cA32Dd3666eD1b69E86B86B420b058cAA8c1aaF,1
0x6926FC2a148776bc5E368A6E76a2d91b908Ec66C,1
0x14dCf34d6b06867b4d8b63554A4ead68a7534884,1
0x1Be49f4c800ec9DE69D3D906ADC995c52B9A23D5,1
0x33C4701a99e4D2811B3c248bf362c0483a3b6F71,1
0xe3D871d389BF78c091E29deCe83200E9d6B2B0C2,1
0xFDD867CC29822F89194F0F9c089f9903183d5423,1
0xdC065fB9bd6D5D6651E257E5799Bd38Eaf005FC6,1
0xb7aCFf9f8AdF276e89F1a85fe573A7C2e6A63bF6,1
0x5866DF50b509D8AbE53ee72B9c6a3582Cd9583b5,1
0x97219Ef57A528c1f28A07A8c028b13C25464AEA9,1
0x5F2C7d317A06237168D6AA960C1095808662b154,1
0x5C72B98aa0C0fEe089e7bf4019c509d880E4199b,1
0xc716045A5cE81FDf4E40515713062d91c6619ADd,1
0x7B4D11a3E5eaD71AD66fD70eff0Be1a5DD09336B,1
0xcb74D99e9B79D3cF003d94225c1e94Df5bd6D246,1
0x1c50953259FdA471F4d8cEB1dd2BB296105c9b32,1
0x5a5636e0758d095d285c3acBd947F7e652c2FCbA,1
0xA0cc04B4356B7b8db816030E8bf1977bBd75ECFD,1
0xC06d834FB0cAd4C7A3aD1754E42F938A6DDbC2A1,1
0xf76411E679e6733a48078FD73B82F1CcB4D7cfdc,1
0xEec45A09A8A2AEe73082A40392201f6B5d4fa734,1
0x4E1791f0B4886B6546e3De8D8D8B030A38b6B1BC,1
0x82883097d45c37b9C5b10515592315251cFB288F,1
0xbC8Fa485caAF8e4bEbE2A2540eFE29731835DB67,1
0xA6DD08C2837d27049AC3BC73693D3C09a64Ac41E,1
0xc90883638aB67087b76A7d9EDe8Bd1A2c1edAdA7,1
0xBC227884BA2c5a11bE60b05699d256014638983b,1
0x082B376f3E703826a177D56b55c15e5d38f048B5,1
0xe92Cc4A5a42bEddF750DA917d35Cf36A6F6d5C59,1
0xDb87085756AEa0645A690313c4713C74d1457E37,1
0xD7972B7f3C94BbA5d0DCF78B5edfDfB94e62E20D,1
0x12846A6Da4e729a6B5c33d32F93bf52EE3CAe8C3,1
0xEc9c38f0A06ef3Ab2C549b3EB90c97e69E1E4E9F,1
0x6059F5B552815144fB1e5A15f793AdB61504bBB5,1
0x6907A38C1ac73473C7f52CfA55e1D08f04740D8c,1
0xF1D7561FDaa52e9bc783F4bdF88eAd334afA2dCe,1
0x43D891C1b4118B709f3d63E9fC47daAA92E1112E,1
0xAd86372E42622BC2631C382BB3a711737986999d,1
0x3e96C9aa08d2A0953De688231a918f1D13343477,1
0x9A86A5Fcd451eeDd4a00207601AD560eAF7844cA,1
0x2a8cd414ec33108B67F3Eb45EED9e701FbB1e6Bb,1
0x42EeD31a8BB26099364b301ae087ACFB037Ba864,1
0x500DfC0a1EcAa9450a5402127A421Caa7b65938e,1
0x5eC5A8B36bE7C5eFab32B8c8379bB4f636127462,1
0x8490dbCa29C51AAC0293c80A032D34c27FaA773a,1
0xd80E10Db08868dB5dC712263D9E6972D6139F602,1
0xCB254c4f9224D4c906A47453e76F801DE8709E96,1
0x713aFc70E91D168D13e8B8389c5d7F61276f5fb0,1
0x9bf756f1756920cF9E70Ed3dAd9216b7DBAAB5AB,1
0x808FAACb4a502060A73dE1F0f4B094eedbc60c08,1
0x851859D0bdfB791Ce47D4D99a6B670466d468C09,1
0x9EEAAE5b7987A260A43250854d0C93ea5dB02dD6,1
0x9B6BDC08B9d1bB7F908bCCdb5dC71572367fc2B7,1
0x2cEEfbb9490152c43Fe5415A8C3DFfC355E599F1,1
0xBE74C7e1aB368f70531D20D7e404324E29bb89Ff,1
0xd2A85B6A841BE5993938Eb2721CA6548e9E4Daa5,1
0xA4b43b4E3Ee4aa39Ef261e424DEF838Dd43C1781,1
0x8481f52600269F7b32a0855A98FF22880A426228,1
0x84880B043173aA4D8917dbbe7b352762c2353cDD,1
0x6b980386A79329c9A90C8C9a8142D85d204C06f3,1
0x5717856A431fCAB27198B18aDCB0215E44F85583,1
0x10135dF5fb79A55B1719680DB162f0f9EB053C94,1
0x3CC4d5E7D3f4aE8CDB34d1a011b07b00309B556F,1
0xE73052aA21B655c70F4Aaa1F947f793C4bF7a95D,1
0xE20f0928244BD2402955B920316d5390b0875735,1
0xD35e3B3B5abee11226d827d6922A536369013C09,1
0xd8FF36BD818BcAE0278F0904D527206363795082,1
0xeC46be6984d3A92D5F3b2d3E54FB827cD8D043B1,1
0xF3bf8E69A2d0407bc7B623d105bFe40Ffc8b25D5,1
0x436C3B635Ca72bedD7757f3bBBeBAcADf0a7A20F,1
0xE547596361BA2eeC391b0fd7DB7A5fd472C894Bb,1
0x112f0174E51F3039668a9df8783451772EC9DdA9,1
0x64Bec522dc88CDAb0D114Fac2Ce42d6Ef7D8dBf8,1
0xB048bF4F0eBC0Fb3408477f7Fe37CCd90aD1ABF6,1
0xd65902904b489512b522E07aCf83Aa2f6A533D65,1
0x2C32C167Ac5205618D831e83517571955F31eaD8,1
0xf0D3fC081863e7F466172dEAE4468D29208052Fd,1
0xF3A60FD05491731F6004a88CaA91f7f2dc01461B,1
0x0182FdA738bA846e7727569D3f6b206b3604aFbd,1
0x6A0B55b607D3B2104E4a1ac1dc53bE77d2A9E145,1
0x6ca661B2782c901624E7014D8763953d817C4184,1
0xFe8c2cdB21029371690ca9a6430591058C17B2f3,1
0xbcBedEE427468AD628806a52775341964acd70ED,1
0x937d3F8DbBB196CfB928E5373541A50F44B90c1B,1
0xFC33181FBaB11D8C33Cd904F7ee1D4C62685470F,1
0x2b71A9ef572e8954D1A96c81c27ffCB4DE583973,1
0x058B78Dd16cFD9f3C83bE1860aEF13Ab11821302,1
0xE3F610A6b91Ec0Da0413AFE98d2D25a3194cf559,1
0x83dE828537b55A6e94AAA2AF0112EF977bAE306F,1
0x8464170c9Aff39719545681477f22B0136ed33C7,1
0x3F0CB44627D9EaDf2d66efBD555Dca734e67d9D9,1
0xF7b8de5F139F24f4760460475EcB61e0e1319cAf,1
0xb7bD544ed9126f7B634F360c12cC994a4F228932,1
0xaa68629C5104711BAf98Ad600CE4F297B22edEcc,1
0xbdB5c0B84996DE6EBc5fF0C232Db4381d40ed3a3,1
0x1a7451Cd43d73D059e00FA86a683846a6749Fd2C,1
0xF2e05CF06F080e2676Bc6acC1670dde0b971ecA3,1
0x593911A45C4AB007E711e4006F0C60dBa2138Ff2,1
0x241776b8c5Cc717ec08B34AF653e6A33700fc297,1
0xAdEaa590811861c17f4461c100638332DBb16eC7,1
0x0D4fBB2c0003aFc1bF5dd6D80aED1B9962b1f0D2,1
0xc75c9052bDAeF3Dee834c6CbF1315E4b28B58A50,1
0x080BE6ddb9d0E2Afa36F05B2199b06A08826EE4E,1
0x6Fc03c7D90858866DbE7cf3dcfaf0948743E39B1,1
0xBfa9fD91e9baB2Caa32deC3777D6bc064fE48263,1
0xB70045E25BF930096cEC4cc0c22f601494f1F21c,1
0xd78d319c5af8392b12Beb44Fb16d35cf266e0aaa,1
0xbd612859960677bDCC07feD43B93c898385c9a5A,1
0xcDB0d203BA6ef53312C56e3651430fBd46CAFd51,1
0xAec1028a1EfcC54Fd702A6fB409C27acb6f71041,1
0x10495E143d79296d5222497b7245294dc9e2D596,1
0x90FD3C31a699aDa5e971D24C39d1E04335DDf8C3,1
0xA870A5db53805C9765B8094a37E4ee269476bF90,1
0x79Bdda65C706CBdA69C0AD4C8da1d3e91724f48D,1
0x83bbe9CFCc205bb8E53cBa0b51d6db9386CE58B5,1
0x49e1A5f7c72Fe8DB79495006563721Bc11C21480,1
0x7537aEA5dC907302c4b11c66BF14DD27A12331a6,1
0xa8D4c422e1D641209a20a98C9c6D49543C217028,1
0x059C91d495b9e460Ae156376337133C39e4Ceb40,1
0x0D881ab5B0B6Fb6481e5d5Ad65C989bfE4b5abBa,1
0x0dE1db451F402679ee5243269Dc13c8529065514,1
0x9f214a97639c16BB82Bc37f1d7995499EEB55274,1
0xcC00296a2E01aAaaf0Ce764a8e2DFF99a21727b3,1
0xFb083fdFf8a086e55Bdf4Ccc5BC7A0bc765F4c5e,1
0x8E4B61d12980713DB1482B758C02b5660b8a1f81,1
0xf318C1e48fB2Fa0Bf9eA9c06f01d1b13E1FDe428,1
0x23146A7907987aB0bDCebb3A3824072bE077EA48,1
0x27bd053afA71C286C024be7B468921C8672724D8,1
0x8Da8a63717bfC7197DBAfef29c6a379dA6F9018a,1
0x640f6dF54589D319d903A334963ea7918Df6B146,1
0x3Cb79fbD612A66B4A2183D49c937140bE1fC043a,1
0x41477A57A8916237A8ff512bA3D9bF487D9cbb79,1
0x8e78845d990B5e101f44918bfA175eE1d8e70B87,1
0x96117d0ce346ed8798c7076340e1fdEc73b24D29,1
0x02Be1cd922d7301cf240044733f210a8D5c3BDB9,1
0x13Ad89D1C63b07c629492b4e5D1B1039135355BD,1
0xA9E8486266A791cE9A4518E29392d9462888F21D,1
0x65078348541b6241fe3Bf27Ce7D9f36A9FFEdc66,1
0xd4052041Ca715228b96A81b8239fC85F686126Bd,1
0x9D3714cCEFf1e57D9653158c877dEF1E74bd6f20,1
0x13AE5042d3ABe5371b6b24b73e57EC718222A4dA,1