0x15a6674Ab06Daf0fD98e3f2a6CAb0629bad2Ed1d,374
0xb967688619d045B4feb7134ab9A72E66Bb900F11,354
0xda76c50E43912fB5A764b966915c270B9a637487,112
0x10364bc63464bD9Cd6492e9a1C6DE7BF91e60D38,26
0x1feFd8BDd364eaf012599fc3AFA3D38469368458,10
0xa2d2Ff5165a697d641C530aF5C3dCcfE00204038,10
0xBE74C7e1aB368f70531D20D7e404324E29bb89Ff,9
0x164B4c5F9ca1A1BC0Fe0Fa39A76a12aAb85683e1,8
0xE53Fc2a201a673075A16C65Fa71072AC145a0396,8
0xe049E6c2A643f7C4BF9971d581b0FF3d38c30608,8
0x5A2A6810Ef22ec60bcD2c15A35559E0Ffa789dbA,7
0xDb317AcaB8A1908ea5ad2a4027c069D78f9526E1,7
0x8531603A3fcF0F10101B9c9a15dAe285A58314d8,7
0xD3c542749C40C3025115553845850C921C39Ca27,7
0xcF8373446363216f0daC6ace39cd3dB12cF8689b,6
0x0aAF85Ed99ee0314e610638fe674f4266b21f0e4,6
0xe07D675FA3dD131f0Ed1B25416C106e44711aD1B,6
0xE8cD1710D34fbe9606c89c683Ecc5091E6Ab9F20,5
0x51aeD0E8792C5D62CAFE565024e4736a44E33490,5
0x5C72B98aa0C0fEe089e7bf4019c509d880E4199b,5
0xD593be7D470Ba396c180229308EDAb4e60b98479,4
0x23438ff96eaa034fEDD1EFFE4dC0616ddC3525c2,4
0xE1fe7aae1c5D7FdB1e30F89676d3d077DaB6dA62,4
0x1d1DC008ef7E70acc6251858710fE2C7D4e8e431,4
0xADE9f040f13C454453e9cf65C99E8195e840E1f5,4
0xBdeD224AE2346958ADeC5891CFaB76Dd15EA92b3,4
0x261BA6fBca6884374F8bc30a329a294B7814feed,4
0x2D672067Dc7391cBe67c36B251F26232cD353671,4
0xbA8421340396eb6D6bE19E8B4715Ae68e34eC161,4
0xd20a6c3f4e1Ed130907f611A90741dc3A2541875,3
0xA200369d36d9a1040bDddDf7F83995220E87211C,3
0x6fF5723435b7dfC2371B57Fb5cB4c373E5995C78,3
0x525132158d6966AD6BA7b729295a73616a8A06a8,3
0x45E13B5680B07Cb88dC5781Dfb79C66e4773E2E9,3
0xd17447f355D4FA57ae0772bd5c5901fA2c369c40,3
0x6Fb57D194Bd89cf54aDA268F87Ba7b0C73548Dc5,3
0x31F308D8cE09FeCc6342DFB39c34627Ea173C6c1,3
0x7a0FB632f86a8C8236aC8960b3a9cada3e7E0B30,3
0x10DbC99C90234E4447f0366e8368d688f622475A,3
0x6431616A013198a7015Ee181eC5bD88dB65f6E8f,3
0x5866DF50b509D8AbE53ee72B9c6a3582Cd9583b5,3
0x080477c2a2bbbdB386B13D4f2eE071cCe93fC0c4,3
0xa1fF5A555c80D9e9A12887723a60F0982704ADE1,3
0x5f20a0eE72Cab0162479874316fE6c199a0D5b67,3
0x1De956c7aC4fFc0744Df5ec9b4751ccF8cAA5568,3
0x07f0A3e8DA9D3881A74F64E8Fe09EcDAA5C7433b,3
0xa48cD684ded1EeE3dE13E052BBdcFed59558a1Ca,3
0x9af6f946d80590E67E16eEC61360E4A7a92c76B8,3
0x156AC784BaE328f6aFb6403460145BA8B029d3b5,3
0xbF530634f854038ba3Cf8Ed3a0f9F1c5D78DA3C1,3
0x9D3714cCEFf1e57D9653158c877dEF1E74bd6f20,3
0x3C4ab48a4d03d04DF10f34098bEe869E5495AaF5,3
0x89f80508845277300e5bCd612904F7B4bf0d8369,3
0x0b493Af26Fa61E5FF84290cA934b7c85E3195505,3
0x8381f7bfD7dd646E0BF4D74b413BF1e882FbCfb2,3
0x112f0174E51F3039668a9df8783451772EC9DdA9,3
0x65Cbf9A496e5BC9CaED929b2007633Aca8b2EF2F,3
0xbBA58B57dA6c6A89aA64Fc0D534Db505366dc5b9,3
0x54e0296bD7Bbb2734BE155811Af400Bf338f0C64,3
0xECeC63d08056F157350b2E28BA17D2F5C2a1d5Fd,3
0xEbc790D6420Cf02755c05E69B26Aa27b1deBe250,3
0x05405733c5B07C81A087aC77f3DB20ed03257D2C,3
0x30790ccD8d366552484a27BD0f42E9c980D1C3E9,3
0x0c5FC2971D6234A6f66869c6Cf9b3e1F1cA48343,3
0xcBABb3d40b4BFd4A707377A5D33566aE816607D5,3
0xC1343ca97CDB62F0EF653cDE9f8f8Bd4C576d87B,3
0x10495E143d79296d5222497b7245294dc9e2D596,3
0x26512F28D2cA6b9a43f3322270ABd282a8000e73,3
0x7182105a36924315d4312B1A3b9909D33be90775,3
0x86c16F44BC75851a9E2E16e28366aDD78169fEA9,3
0x3D1d397ACD3b0989d9e633d6DBF7E6F8F5c03a2D,3
0xbA8D6600F02CD4Abd93eC63Eb99463a18aC75004,3
0xfeA573eF9d5eD5b470311582C99c103C38C0320f,3
0x3D51847413663696741ccC5081c1E9744B01c3E7,3
0x89722E5731c632B972109Aa8376b17940F27eAD9,3
0xED9Dcd228FA818c80244E8Bf8c9b45342831D3c7,3
0x3a793F7E12d90db2492b54188cc0eDf84D2F9007,3
0x0eD37b6937e886026B24B6699C4De49c61889619,3
0x06d20b5B4F470bf095a49De4BE52B537C05612F2,3
0x5aDf428E2fCCf6CDe819cBf2bc7F1f2512CFe877,3
0xa208E340bB5288eB65d7b748B02022E1191375cd,3
0x2BD7D47e2AB57f98e5bccd762c84CB4e8c91Ef11,3
0x6CC3C18ddD9Cc0e2f1c9FBc2c6638D62Fc7f8106,3
0x3E602efC73b2BeB2979328CB36B7f6Bf8B2cAF3C,3
0x6822E0C109F82070dBd7e05B7761D36372176Ee6,2
0xc2703ea9da719578d5627f2D7E5B471E9281A268,2
0x11E14b7A383F3D7B82dD63da8f9B6B4D6c392B6e,2
0x2f6B67A9E7Ca9f025b786e455261EFe3C65FF7E8,2
0xF4810d4F5F23D8e3cF9A65d5a588dedefBc71407,2
0xa7e999cFFE7E5c43Eb1c20Bac7c42b529F4f0031,2
0xC1a937A725583cA22353929C9C9ecDde3b0c70c2,2
0x61A0659018b581D4217244B71C5AC8c4621Fa830,2
0x6D23d81A9054999796e327D07A0Cd3364F1fBfF8,2
0xd1a5b91957530E1B3e9cfac1543467C60c352F69,2
0x25F39b590B7F1c92A874647D0E618670D697759a,2
0xD9955789F7094b6C0BD5f7E7aCFB046520A6a85c,2
0xF39F35f3eD43b2c2525c28ea17b7b6AaCAf1272a,2
0x933eE5060961626506682ad637902f10D1C259f9,2
0xD07c2579A777ab27AA401B5A6ADbaA18266533d3,2
0xEef2C48947f9f6807cDd83455299481b3a76c967,2
0x91bf28E62b7752097aFc4aF2FdbD27d0B41f778f,2
0x2600A539B907CC897736C9059F6b2d4941aDf37B,2
0x23C85fba95F0A3cC4fBfd426452F0332F28649a6,2
0x2a8cd414ec33108B67F3Eb45EED9e701FbB1e6Bb,2
0x2e7735AdB640c4A1f6C72657c66FbD892D487d5D,2
0xb0C0f73f84CE7355E755846C123f0a5848304B52,2
0x83A26c0abDE7dFE39fbc062c198B9DfCF4BDC782,2
0x6bcFe7307663bB2B0C1c70294c8aF1ea01fEF0De,2
0xb7ECc2e830faC31Cb7Ded8Abb4556955287DD6AE,2
0xCef87676b7dFD1538e8C0dA209Af820dd057374E,2
0x9a9B2eEfCAF60a1078453Dfb936B4A28b8eCa853,2
0xA8A3a288d46E3014b383768Ff9EF4cF9eC2839d3,2
0x55e3E622EE6a2Dd383a9F1aE4e86206440B27Dc7,2
0x6A0B55b607D3B2104E4a1ac1dc53bE77d2A9E145,2
0x52F0D610518DF0CB6A4830F0f2f609c327b15290,2
0x27eae3744353fB77e3935f70a8A588ca9A6B7378,2
0x3051c98CFEA769313fB1e81fe19d8a87D17AbdF6,2
0xc047AC8BF1aa561b2385d39E129Aad4c27ea9237,2
0xD301B0eC4ef0617Ea6044C0595184595a9C852F3,2
0x99b17456eD9C3EB3E2F4f292bCB515F8bb9F4640,2
0xb3B35dd2dd386BEa3fF58C10811f9022806d1062,2
0xc4DA6319585Ff59912013338108ca895e48Ac733,2
0x4913CFF514B8F77b0F1e89507E6CA835eFcd68f3,2
0x41477A57A8916237A8ff512bA3D9bF487D9cbb79,2
0xACf1222153e2B795Cc35c57C32edD8B8Eae86279,2
0x7fbc69c7A4e14A5b85973f4DCEC3572584726A3A,2
0x9942a274e61A7CDEd9a240E8db06E00FfEB9fF1A,2
0x43D891C1b4118B709f3d63E9fC47daAA92E1112E,2
0x4e56871440Fd894Bf1e19e26B8A6D5553Bbfc303,2
0x38afAEdb78E2A0018860b06FE231292184CA14c3,2
0xE7Ce23263c3F35b19BB09466F91A7b491A12e824,2
0x98D6716059fE3e1B8a0808d85FE6B9C5795B2E7C,2
0x642a8f52f097201e921dee0C3A156A688601ee8C,2
0x09b93AbCA90eC10B8572d257Ed691c8F82Fc1A3c,2
0xc1bc64efc56D7dBe2116c93d7CB7AA751c6E1a33,2
0xb1a3EB48091fcfC4EdD53745d4afb1763F004B88,2
0xda3b62C6f1611894e578c908EC90Ec2765872088,2
0xaebAea3A77E0Fa4784654b32C5d49370e742c93C,2
0xBC6D606226130c45bE14BC1EEbcCF3a9DaF4b5Cf,2
0x6D67d7C698206857689de8EC6621d60cd6A1D79d,2
0x500bdf8B7680d651a934B8C595b7088553346F43,2
0xa7f593C77299AE5Da093d6878E51e3cF529B2DFd,2
0x38a0C07f7288872Eb759534AF7514960A6FCC1a5,2
0x37f5E5aaBC23E9891c33Bf128D6D2E0557225997,2
0x37C1B5d0F1A76ddC361e9030bdc5960AE06239C6,2
0xed389E24ce9094B333553B0c704788B5d78daA60,2
0x04c650b361A9f9DEcba87c6b87db11a67bfFcC4E,2
0xa0b2b5087873b7D248987001b09da539d8baBB5b,2
0x2823BbB1f995508C384Ab50c22C44DfF49a656db,2
0x22c9783EFa52eAD1208f7F353226588C9aD6c5A3,2
0x21Be8486BE03DBdf2c1B4c640EA6A1329108b56b,2
0xeF530dBa0C0Bf455838275E0040102E631901057,2
0x6198A21292308cE287eb9e36e273c1773c5cA888,2
0xAD6E4D83C1A0865c15292050e8E0472421309Fa3,2
0x8C58C739cc456091C0D1CeE900988059b32F4b19,2
0xD117262C30a73c0C4ad8037658b4a8fc3A386ce5,2
0xaEF1E5ab36D4f9F7227Fb216f0107F05CE2B1967,2
0x6E703F9264375b88791c958053Be7834eD49d769,2
0xc2421b188db69C3C6a7e9BD40661b4b96cEe781c,2
0x12846A6Da4e729a6B5c33d32F93bf52EE3CAe8C3,2
0x42EeD31a8BB26099364b301ae087ACFB037Ba864,2
0x43e65F8116174d1c38Eed3545d21fC37ea34B565,2
0xa80B9CBA10e137CF1279128523A98430B0f30733,2
0xCA119907Cfd60C35E8EEDCf99B1dB01eF8c179AA,2
0xAF956E083307C89Ff2bAD70AD15E923531E0A402,2
0xC9a50F66a3da70009888c19EA1f3d76b8bCb3dD5,2
0x2b5a0bE5940B63dE1eDdCCCa7bd977357e2488eD,2
0x3629b9B7986715a66a7C79fAbb834952C26b460d,2
0x42c07aF1246Fb2d1B8A95e6Cc697Dd9297Ae15Ab,2
0xE0279B1532c9f5De97cc2Ce5f47F8B8A5761265F,2
0x797C59688F2D511ff633433230d305e19F8cB91d,2
0x0a72E3504E67C058b2fADaa02C871Dc7aC34E751,2
0xfaFB1fCf2252A1836cB09cd5027aBd42aFfccAF4,2
0xB6fe1d4bE26159715803Ec9929244D8B2c1cFE9C,2
0x17196B4d4b38335018FbACc031aD198bc92C5bee,2
0x8F87c197a4aFe33806e7a776dE879566Bfa6257d,2
0x06393A2AB3ff6995Fd94Ab674aC47BeFb0dFa3D5,2
0x30b33e450735Eb5A617C2a4B5C66323079730532,2
0xE408D65d495c567aB246E7c90F11d15d96c1738D,2
0xDe7945f99f8dF3C03822c91656783699f0fFd7F8,2
0x740a5c3677a7018f367c38d8655F00b458eed9ab,2
0x5b1230e693Bc572Ff1C482753e7DE07bD0175d1c,2
0x55842426EcF8Bc5Ae830550e9cc8936Ddccb253c,2
0x36Fdd3DD2f849A2B8932Cb0d7D5E0826761Bf478,2
0x1B2Ee83fb043a482f6012997C1192985749f5e31,2
0xd553Fe129584198F36DcF6e54Cd3176Af2d5BE0b,2
0x669cB0ce2E50af27cAD691d617E3c77a462AAD97,2
0xA79B8fEF72Df5f93DF78181Fb5BC1791587FdeE8,2
0x1208614666298B08C8A3B49FeacA7dDB3A105d05,2
0x95f9ACc1fD7d1314f5cba1f3AEA81749Ac4097BC,2
0x7d856E72Ca093b44aC278694f81E1dc02AcA9060,2
0x0FB6B07c2E7e9EaDa6548b3DA9997A19A9658841,2
0x3feb9298170A751e4E6c81195912fB6a5784139c,2
0x20313BF6f3071fAe1F44E23f1aED6950030BD1Db,2
0x140DAAD3f2DdF2CCe32436CA6265c4BBD1ccef92,2
0x0e551a523BD88f3815a5D4CC6231fBd513B28b9a,2
0x4627A5f35b1dC476A5E669E9fc5d4E6B6338c481,2
0xB3CC09f18F9bea082829A3a92a338cC1E11d19FE,2
0x2bbB8b53e85C05bcaBD4c2fAd52390b9c37cecd3,2
0xDb10c9D924B58F5fad3FF0A72888FA10E740850a,2
0xCd7BE6273F8F3B0611603CEd77306D2b334163C7,2
0x82E0D9d0DC14027BE54C44317542fD680A7766dc,2
0x78b8A76BEa31733777556033e2a116df66C4C41C,2
0x78dbA641814Cc43a2803a4CCEf4f0aCC369Bb9eF,2
0xA534EEeA097D3Cfabbc155bAdAA7e09aEe07E343,2
0x04B30BE8118be0bFb7FC5AeE07C3da64b0a61077,2
0x97025C25ed1199593aC8897fdb73B62d5E725C3e,2
0xCE58Ea3B5Ae7056577c4e9efCdebFa7aCAe52026,2
0xabAa3153aF57083dF9eA1dA97D9a5F6eAeD5Dd64,2
0xF14aF8a5a4343D660bE1D6706F719f62a4FcfDF3,2
0x971CDd31accFCff7f1Dcdef7B6c813279E364378,2
0x541c655fe515E4f23cEBA008aefE77f76C14704b,2
0x4fc0e1BaFd06f57aE67c0145d50619Aeae946986,2
0xd2969F1D3713cb38445316EcbD85e88bB9029690,2
0x1C670dc214de4819730e7305703ec8C986B8C7fc,2
0x27c1c08A4a12B005DB81521e42e3679710a8C5C8,2
0xecDC5B9c7F4D3249cE28001121A00dccFf6900DC,2
0x1FC06B01B68461Db6AF20001A171f0a3b4635B5A,2
0xd7F4806a4200801A59332416588Ff41694F0F5Fa,2
0x939035097Adb542b53B56e586DEaAfA27e8A6566,2
0x67E4fF22e70da2C1ad40411f9762C75397F83A2B,2
0xAB70588B24203e245bCEE352D050975931b16e20,2
0x992f80E69DFe5D5feEDcA4c500aE50205f1f9861,2
0x8B0b774479f0A31053E361F4eeb0D4aD043e536B,2
0xA0e91Ceb142A552FEB99a89560f405c66bbDA8A4,2
0xF8613CDdC962b2Edd5d10cC6feA6e7CeA7A2F423,2
0x264ad6fF3A35DF096F473dE3eA25cB585a5a9003,2
0xEc9c38f0A06ef3Ab2C549b3EB90c97e69E1E4E9F,2
0xFDD867CC29822F89194F0F9c089f9903183d5423,2
0x30c7B3ccC6C6B8f09e417C8769efAb8c008f2d7E,2
0x16Ae02d19C5FeD4407BCE1453f33FC191c8b48B3,2
0x0de67A3896eB85CD69b20cF35e61af85a52144e2,2
0x2b8745F6038CfB99480DF926fAc08A70cb460Ab1,2
0x7796D7E2F04b2854cB32F52C6014bEe89fD93C18,2
0xaa68629C5104711BAf98Ad600CE4F297B22edEcc,2
0xe5b0f31b041E7730c3f8AEf407B0B4C0633EE4eE,2
0xa35aA070537C4dcdD8D5cB301D7510FC0cac9808,2
0x66633Cc6B84CD127A0bb84864c1a4eA0172469A6,2
0xc3A6E2b72EE8478A85593Bfe86fCd612855BeAe2,2
0xc68e88EA2C4d410d9Bd7BEce8cc054Bc974Eea9a,2
0xa927D352B97395Ad04f25E429af96D786d093D74,2
0x6CFa99B2352163D70bd52de24CdBf553374B9335,2
0xFeB9bD767D5FA68fe8F079f85Fe366fc58aeA58F,2
0x4db405e0b38899CAEe5665979764BDbe43bef1bd,2
0xB9D613D789e415754bae3448c6f2DE6AF73D2ce5,2
0xde30e34c57DEAB14a4E9e07b4BD15Cb1f743b4Bd,2
0x0fb5aC3b10BCF21BCd701Dea5f1dD01312b3c7cf,2
0x0411731Be3b7cBA409ede437472b75004353D81A,2
0x2841E08335A7Ac737581845C713d049Eb706F58b,2
0x033E0a61aC00288A6388D1c8BaD11a881cA9e212,2
0x7Ac79c369a3585B19e068578d37916259E497616,2
0xfD308dfDB978b8eD3675A90394040C5B44989E8c,2
0x90c984a67Ea15E17Bde75DAA7Ec0E2f4417fcaf0,2
0xAc3b886FA5296f0C641151589F2B1fBd0B197fA7,2
0x253f422811770197ADFA948a925A93b93dB0526C,2
0x0f3B0b1Df4493462DB99050bA75B74B433C7f655,2
0x3fB2F8276Ec5FdEa3a0FB1bE23e9E8463e266778,2
0xd2e27021eB2F14A2CCcFa786bb8332E93fd7571d,2
0x6fFcE76355025452BbB8b300E75BbEae3F312fD0,2
0xb414191Ea9c943CAA4431c48a7e7D23d592f3B29,2
0x870B5C44fA881fB1a74164FFbd38234c71cFDE58,2
0x4490733683999ce2c03A1345F3FD4A0Fb0Aadb73,2
0x71560CbabD6F67485A9004fD75992bF52329B43B,2
0xf0D3fC081863e7F466172dEAE4468D29208052Fd,2
0xd39785493E981ff6dbB7a8959E468A08541A41F0,2
0x2895FF2286A610FE63c6412FCf2D46127439FA68,2
0x6f86AA9166bA56efeBa6CBF39D5f291C40f5E95a,2
0xE9e71AA6c8639403E39755F6B0A3805d9Cb8d057,2
0xEcF5fA0f6885A79c13458A6ef3c8583A074C9ABd,2
0x3C9Fa48557A805f7354383B18cB07E144Fdee1e1,2
0xaAFf1eE99C147DC7D021BFEB49439100ba295FCa,2
0x6c6cCE0796B426cF5D8693b01d2F1E284F69Df9a,2
0x3cA32Dd3666eD1b69E86B86B420b058cAA8c1aaF,2
0xC0E96A12f4B8F0aB8057449b80200C251C502f79,2
0x3470F4e3932c720467125Be1037b14E5840DBDeC,2
0x3B5B0E94eFa22287Ed2D43D1A842CA5495263352,2
0x07349fe9D2B90FB21Fa823246aE46589b4c8E7A2,2
0x9A78d13f9Cb57eE73685a6c792E26c8dF0970667,2
0x2941884E7829ee1d7806d57B355Da3cC37deDcb6,2
0x65976402E43B95E180788C394F52d595c97781c5,2
0x15f438c3fed4eB5474e3BC3655D0AB3cFD0CDdf1,2
0x144C1dba38B2AD72Ce9125Fc8e0B917aE75e2046,2
0x7bcDFfc9adf07F9B69bd34b8fa7c3f94c8DC3B6c,2
0x0aAdaA54b39CB6762184Ea2C57b3cF03CEba6d64,2
0x4ee8564Da1Cc3028D14aF94E9A87fA7376c1AdA3,2
0xA191a156B5869316259e8B2d8B364Bc0258f76b4,2
0x7720B9f9687340Df3E4D482f56F5139FB2723e16,2
0x90EB7213Cb30Cb671f1057746d8139C5dcf9B6d1,2
0x1c93C94F387902aFA8B618EE5edcBd8372c8D359,2
0x06902641aFCf24472E29807784042F46950028e8,2
0xF866F8a96b1afd1e8f064fA11eBA81bEa40F3791,2
0xc21B449Dbed3fff8e71250d83FFc27aE24669CaE,2
0x80a345735FBBEf501B08c36f1bDB96740D833f7F,2
0xE8a63B086CC7FB2f2c4B48Ee03dE68fC6b517bc9,2
0x242086FBB0a6F8a374bdb00B2177fdA50868522c,2
0x66dBe8A773b2AF1Cd5722CbBD7b11DE445d28082,2
0x062710C908Ec7C4A5B002FaA918e3d9F2Fb14c0E,2
0x4CB11cc4Ce988B40a6C20E798904199519a665fa,2
0xf3284a18B5BaaFcFFe6E0635F5452F7f5a2A7dA4,2
0x400b8cbcFA477F60d1e7e5Dd1BEA5dd076BEC7F0,2
0x2Ab72D1ea07c8DD3Bb2280281819414D5c22d558,2
0xa7a0b334E4270ab31034119cEee80cBB617Db6C2,2
0x33CB48a6AC78e2f62eacE4426e91255d400E1835,2
0x20414830660BD39e6245978452ce4AC188524100,2
0x281cAa39D1877057F29BA185a7BdC9B66edAFf87,2
0x8e1343508cbA64EB1AE15C17182685b4e38F37e1,2
0xB00b36e3c3B81f4B243931e4cFF30D22715b314C,2
0x373d027DfE2A1af0886e12055D059f71354c5D24,2
0x9C88367275f6eA7d8F0b9416Ee927D22d9Ff7D28,2
0x020Ee2b3876d33EdE0D7C751a3a4593CAB11b90b,2
0x47B131b85401aE9e5f37F81312a80f7083c2BA02,2
0x6307e08137D8Fddcf798e4dC2335905912c0e9b6,2
0xa41D87b153537a32cF0be9Db5Ae81E4cd48D5174,2
0x94A62fD9C228a2637fe5553Cc0b8FFfBa41AbCB7,2
0xfbAb7d1a5c77dfbdE04d5649D46e183906635ed4,2
0xe6bBe7112aD0F0aEa6183D904a2CC044D277A2a8,2
0x65fd4df72A4041F8F97EeF1f379766a5C4858aC3,2
0x18685DBcF1Db3967c69a89C55829905166Ef8c84,2
0x346BCf45617c19C3EB2B6F0252c7db3922b5C818,2
0xe1551b01A46BFA5391827d65f8d8a88C9D3CCd4A,2
0x1cc42446804338f73C9cBa99B5a0e0A695fe1074,2
0x3bD99939365A7c4426e7556Dc1F54d868a1d2c09,2
0xd011e3875e3D0229b0E186E64295aa47994c40d1,2
0x297141D643b04ac17A072E2E750C7E06706ea699,2
0x1F8b2514845c9F5C992A17832f75f829Eda72927,2
0x408570441054B712a9F8b4c96101915C75e3f044,2
0x961D6b75ad37403f37A318E171128b36d0CfFF26,2
0x038470d2B2EfCB50FcCb5508e90F4eb737862e83,2
0xe40bBd3CD595b1B834719c3E113ea64bBAc20052,2
0x7415a096eC3D3fC08bCDFfa632DcbADb840a2286,2
0xabd67a6bd9498DdCf8810b73bf91e67deB7923e6,2
0xB24B961C30F5a4A0F599513c52b790c2b369d7e0,2
0xE1Be969218EaaaA06390396FfAC2389bEA87809f,2
0xbA937896Ee4cD2d6fD2510265070A8B69d729c72,2
0x05431cD62F011Cb44Ec803Fe4AC96FAC651CA494,2
0x918C6e92486eCA4f6c32B6a0A1D319573369c2d4,2
0xCb0095Ca1c0bD1EE7f3ba2Ad1b5590Fe4dAD3C94,2
0xE4649E4021caFF7FA6a6d79dd67807fD68f69FD9,2
0xCB6586874cc04B01Cc4fDB777dE502cEa7b3D6c1,2
0x79D1a0BDA63a79668AF26F5b2B4dCFc15A1BdAED,2
0x8de8bD3B27932eeDdcdb354CCa625fE3dB491E54,2
0x49000B54784C0359A9ed744a5f3505d39043e451,2
0x2a9804E8A97135EE93D16d35F65a640FBb7Ec379,2
0xb7eba91e21325d16eAe515948990fbE69e8Cd181,2
0x59C5EF981ddF319e7Dae5328B4f54E8D1EA1d430,2
0x45a1FE688c01CCfd4606aC31D1F7b10FE2aa875e,2
0xe3D871d389BF78c091E29deCe83200E9d6B2B0C2,2
0x4Fd556e95f3901e11a63F8d49D35a12Db577eD4B,2
0x39C3c3C652B5e5724843f9d7aD87257Ecc2d4356,2
0x55e9e240714E5EbEC3A3322DE60fC61c58E897aD,2
0xBf97C2f9f756ad8823D8000Ea76e3096D2f9F8D9,2
0x31aE516fec557f8372343661EFBe2e874792fB9f,2
0xFA1E7B7113Cdca102df05B2aDC1122A3E99c624a,2
0x25A04Bc7379FAAbc0bE0421DA74191ea51713c8c,2
0x4e7A74DdE4ab66d7a40Be0B4078BA13FaA11B23A,2
0xF447B405fC7b41DDfeF3CF66EC790EaBd6b26A47,2
0xD5f1F24a16A780716FC0e0839E8616f49AA3c4FC,2
0xFBE21b2c323219a79b5FEe7dD4d6f5cA8a92BAE8,2
0xBf9DE01Ea317cDC84E6Cc63Fe621a2E30b9618d8,2
0x9a9Cd621bD840F45A9Bf206d712681472f749d08,2
0x4F321aD6dDC21EBcf9eE7213D2B41895196b6a9B,2
0x7babefFca22C2079569d573E7bFfbDA93368868e,2
0x0CBD39F71c68DFe81a89D39C24100F44374282D7,2
0x42Be65310a59e2B61Cfb3EC8Dc14880f5aa882DD,2
0x9AdCF58Bcd59a4485Ad2f367Be509E4BBb536e06,2
0x64C8d57Ef262eC6f8459F7df256E865e4692d0c2,2
0xEF3623a9599cB59F916d189346aE02486131A98C,2
0xB6bd1b9b3e6e3512BB354789289f6d8FBc0F65BC,2
0x073bd72a224946a368148399C1c8b558605D90bd,2
0x4c9510658066BF7f8604540467903aA3E5C5c344,2
0xc306904fb96508Dbc19D72CaA58ACC214b922f5b,2
0x813365348385DFebD6461C4052043f78615771dC,2
0x9Eb90fDC301d5C749E15E12E869aAA9914648Bc6,2
0x3C002B9E99CF8352729d99416BD680649Bd63852,2
0xE8995aeE06F518dE9865917ead8AA489D1034649,2
0xcFE64752F207D6Dacea2F5D0d414bCB6112eC066,2
0xbd9c046aE37AC26BCA525094d8db8E3ecF33AbF7,2
0x86A3f19e699Cf839DD3D0593bfbFc22B0fcE58b5,2
0x2fEf32dCCeA9fCC0bd5911c1d1B8c6a6489303F1,2
0xb129C3c627b5168916A197C752db9912fdB5ad85,2
0x6Bb275953D6297261386A8eAC44db37e8f278eBF,2
0xC529f8B3Ba2B9ffC16c00f108780E91E752D8567,2
0x4581b0c0D0d6Db8Bf970E93d6bAa004F0254d6Fb,2
0xD0886275a97757676f051B29D3b636bADcB1Acb5,2
0x266819E6C2Bc359EEF9f2F850E3701F56a16E8f7,2
0xCECA6fd65F693E888c4b75701284D66612acad08,2
0x181F96993E04B4626C31d1F935981D3B6fe0D663,2
0x0EE55aE961521fefcc8F7368e1f72ceF1190f2C9,2
0x5dF3EE425fE4F7903cfEd113DA02D2730d5Cec01,2
0x13AE5042d3ABe5371b6b24b73e57EC718222A4dA,2
0x6574080a89289178426c3065eefa43982a3C2312,2
0x1d1eC8969BD49833b6512483A75c62Fa98621e8b,2
0x83eE33564EA39Cc2152baD87F1D0d464D07FA3aB,2
0x6c56A406770685E93d660427b3dBc471872651f8,2
0xf1258d74c5188Cbb1E5Fe3d8508223525A4FCb23,2
0x19CD3605D3c490B8E6a1538aCcb45D2a506DDE7c,2
0xBAEC44d3Fe3899510f25c3BA32EaAA13c4E88E96,2
0x08a9f3DBc25318d7B75305368CF88513924B8A94,2
0x483970af3cCA462a7B43cDae93563C1736562c07,2
0xfFbaFdeD70D1C3e4a012e2C92e60fcE4c7aECE69,2
0xAE7C93a1F0500Dd5Bb85b44ff66458E366C4BCC7,2
0x7D60b9996F4B3Bfb907Ab30356352a7C07fB4d57,2
0xCfe99e4DAdDCf2C3D0666e7b23ffA0766B1a4C84,2
0x10Fedd3a2eCC9ABbDE294C1d13e1f71EB71F3aad,2
0xE954F4c5249C505876DEC5324754Ac91471Ecc36,2
0x380F200e11766Fe86A24F4B9BD57d730813a746e,2
0xD923dE646D3f0BB9Eb7f9169f259C79C3edE2188,2
0xcB15649D7B7a1eb01fb1ACD14809de6cF82Aa1A0,2
0x69E20D17FdC2ED47395073C47DCBAD51e5b42126,2
0xbb789e8F9b89673DF72A5A04F201dfc9420789F7,2
0x10b4ee99F35df1fDe98226eF7438Fec12909eF96,2
0x8F23d0114753290f21f334aa0F8C635b793f2B81,2
0x9084ac2ad37C6Dc9B01691e45849b27Eb0455bf4,2
0x59c9A0c946395e32fbbAb13c58E041Ec477aEE53,2
0xa5f146cBd3eE13F482315dD0F873c2bFbBc5F2C4,2
0xabE495B1aAA7b8d3B77e160DE01e160AD5673863,2
0xE59332A8DBC718699724534C6785b0d12924675d,2
0xb34B57462b0B7e8884b120A10A432Db1b2e6C1c3,2
0x590C673a9803748bF412cCEa5FedF71AEDA3EeB5,2
0x9982D3de23521f1aefCF08b6115f1AD75C64ecAa,2
0x156548113552Bb52AE921a0B44794A6a5F588C9c,2
0x436F6d1335558a1C790FbAe3fC17e1fea4A9F2c7,2
0x88B8073739F867126C96F392512dDB34EF3A350E,2
0x018F394AF9bd4496b9b7f06cC6C1925F8CDF004C,2
0x88D0B1b3Ad75fe4f03FA30F8647653bb89c086D3,2
0xAec1028a1EfcC54Fd702A6fB409C27acb6f71041,2
0xA788E0586409FA4eaF986E24604003adaa3dcC9d,2
0x9219e2778E0FAc0E59010157386f9c930CB25ab6,2
0x7d4053510C0E2cE0f127cf890FdB84F1A36cDC6D,2
0x1341df844780b66AF4ccC98Ae0F34be87eABe1d5,2
0xB1f8Baf8c50D9Ff4d96B5591a2588237Ae90589F,2
0xF823F9D6f0E68E59B385B252d859782aD6BAdc72,2
0xF586A2940180725ebE8f411824b0aB6fA589Ed60,2
0xBE5E3D9DcbFd29Eb9b3764EA2d3d21e9f201B95F,2
0x119E82772Ebb15D7AF0019e4f7800BB58Ce59AbB,2
0x36C172CACe537D1DbE36a37531cB338dd416f65a,2
0x827B4277CeD13f7eCD6d37CC214C26bc6Ba1D76B,2
0x54394942195699a83DA6461f5603eb6A250bc32D,2
0x082CDB957D0EF9aE865e71F0fBbc5D7E0AbA6e8c,2
0xfAe311F16cDb84C3A4C2E9B8AD429185905B4dB6,2
0xa63570553e61Cc5363b19b6F386956eF96d10B17,2
0x9BF12A0280DD6dB2d7Af5864a67a9E0CeDe3BDee,2
0xCBF9FD96c81823BF23E3e2F51CaBa189f29104f3,2
0xabcAeC399A891Ed703d3B6889D0F385B5DF135DC,2
0xF7Fff4bbd506f4994738C5C8C86A409FcA929e5b,2
0x56Eac0bAF81DCaB4b302C8008Ec95b466F0664AF,2
0xbbE6b6050Dc3457AF4fc0C422f1cD42993D2A767,2
0xAc7A0E73dA97f46186ec111cac78daA61D693c1c,2
0x500Fca064b8Eed97d0b2581904f3264408438423,2
0x5568d637aEfE29D939a724f64e0515B238353Bfb,2
0x31E52b8cbdA2192913F7509D70912aD3Ce6149AE,2
0x5466DF4E7858684a003C1073288B9947e788Ac69,2
0x41d2F3add533465d1038bFAC72855e8430f92eec,2
0xeA0707629A205b844946D8D76fAb7264E85DE012,2
0x3C7125308D633F903CEAf2f2c44927b92423F084,2
0xA2D35E418814A8b6367c66a5ac2FEc8ea16332b2,2
0x4D9b4E6E0965Fa464e2baCef4cCCd81F628746e9,2
0x63B4D906a8adB9D9da2F435Ab8436Db2D4A11631,2
0x5fB89Ce4ba97D3C4ba451306FC7f0B2b1bD1e5dF,2
0xa8Aa913e78513e9B9dC3f008C656b6b983239bEc,2
0xA4eef0a1A26fbf1C1A73105284749beC3fE4C9b2,2
0x9B971d91E9794B81094B96191Fef5eb2E2d24315,2
0xEc49834cC86Be546d2074355a8DE7796173624F2,2
0x97568d242AB0233C55D992aA46cD41E7311FCc14,2
0xA277ba906e5bcb2176Dc183e982637c38c7Ecf27,2
0x724008bd0c49f7Ffe5edfBE2B1c3b35a8eE1d4Be,2
0x19655b64BC180742F8CC62129D2B29A4b76897De,2
0x86369231aA60Bf04b6b66DEf20f38c497e46Cc2E,2
0x4dD7AfA9C43Ea792E5da4C341054c6435c71c12e,2
0x62F89EAF4a53F81BEcE4cE9458c8a5BB902a1c87,2
0xD0F55F7E6AC44C9121b655BE7a1E1c425D52106F,2
0x157Ea7465237654286Ba3FdfAeFD145cafc8859E,2
0xA8129913F7961fc3C62325fea1490ECA51b81A71,2
0x6df6752b8118946bF7e41E66cB4f6d1Cb5917AC4,2
0xF851CbaEc4C1FDe75b25EF1C2C14EE2C327134AB,2
0xA01e8b200BB96e9fa246bc66F6b4FDf54089735b,2
0x73831973e223f12415aa915F1dEa3Fb4F1786851,2
0xaDAcbA4Cae9471C26D613F7A94014549a647783C,2
0x88CAE02d3D7D2bF079dA9ec37F5660B4834dB3d5,1
0x1ceB4110A956F29ea04bbdB599eCe5520C61F712,1
0xF53a1d42d43926aAa55788811D6F23bb204fBC83,1
0x6d044BAA718935e25d776F0fD9Eb4bA27369cfe6,1
0x758597A5671231211ed2DD13075c2f66cFaf4A9F,1
0x1976118727654b2904ea113F330Ee33f1798282A,1
0xA94dD7c35D42df65D1Fa18B22f428BD5a0a30889,1
0x536f27fDE152b20551a3ff818864B3d9a42159F1,1
0x392816aE06C9897C36b32d70d0f5Dda0d6B454Fe,1
0x9e602c1920443F01Cb100a57A7F894df8Eb42f66,1
0xA11F899d951dfaB8Db5A41a6B0e1d5Fd1a258Cd5,1
0x9A62308aA00361e5DC2c520EC8C6814BBdD1A931,1
0xE537E65598aC32d5f090C21A94c5E44Bf115c21C,1
0xB88c346dBb50648b7214634Bdb6A1B779B4b2F4f,1
0x8d88314f74891468F2ABe29e056c2B970d148c67,1
0x4952f791D9F1cE339eE2Ab250c044c6c9DC653B4,1
0x216903E23181E35b337d4245BF667c44a124f55E,1
0x7DFf93fce783b91F347ce7BA7181ca4A02Ea9De0,1
0x29168cce1A88138e9cdD3aEb509F1DfC6E21a857,1
0xf4bD058B86946dff0A6EF2a2977Ee4C40EFe8756,1
0xBfd0Fe82C81d2319D7a536B4126f7353Be2b1338,1
0x621ABa8bC0d8aBc56b3a0699ECb22d8A7d1F1A4f,1
0x158fC5C57c179139078732b7746ACfbb2122de95,1
0xf64eDB06673EB5be70953BD1ab473b5143B08302,1
0x1E2ce990FcF14ba2097e8cD3028D12f1200b061d,1
0xB11BfC1D25c23a86e954ea7091fc34D88104279B,1
0x7B4D11a3E5eaD71AD66fD70eff0Be1a5DD09336B,1
0x2C21E5bDF5A29C6D6Dc89838C4815B539f9f8B89,1
0x57Bbf050D8920E133869949C0C3803AFfc4015b2,1
0x03A507043314ef13A83aFFFbAf15d89055F64666,1
0x3c698d1E054A921dcf46Bc213CA407E39AE4Db8d,1
0x8ED07226eFac3F6e3543626aCCf302095008b613,1
0x7314d37db36d7403Fe37669704eE9a33F589496E,1
0x11925475EBd17C662409d2c0c352f144AB1cA637,1
0xeC022FBdC042A7a3968b4d18D4B0763BA667A570,1
0x6a4379f763b3e444C8548CCB7B7C061DB3AD7Cb8,1
0x0EBA3c1E84866A65D99B116b2B3EA4529dA8916f,1
0x3B3FC24d1732e4593CcaBCe3A89B7c25102ed3ce,1
0x101Eb380D06E443C7d456AED63961b16E290d8C7,1
0x1D54eE6c2e15B168F35a578Ca2BCf49F6A46c473,1
0x5e8eA7C2727D71aeB3af26c8D9B4B8443BF033E5,1
0xA91bB688dd1931852ff7136342ac730de1EcD027,1
0x1708C67F9d3095c92DDCf92E920f11A0aB64eD53,1
0xAe82EB087d2F65E96a0ED636b2AF0988845A2114,1
0xb5fB0f4e71e3377bC469d90995994025708d2F38,1
0x04D518B6da6a454d781eC54176301D8D9164838F,1
0xcdcf7A41A9aF68a67d9781e55b1AcDD9b6F96350,1
0x18e9664A094D8d134bb3bae84119305aFE308ECE,1
0x8464170c9Aff39719545681477f22B0136ed33C7,1
0x97219Ef57A528c1f28A07A8c028b13C25464AEA9,1
0xe9fcD6A6F88A2FE2272E8e19A7c3895AA941dE24,1
0xcb8523CE4f16B93b4D963A1E8571aA4Fc13e94D4,1
0xfe02da19bC266BfBa1b52dd468D7541DfC6887d1,1
0x1118003aeb105955eaC012884cB07B36e76e0181,1
0xbD2208bFeccd551B7bbd4cD915a53f63E2B9042C,1
0x7E478e1D56622dE64F2Be653f007E07aFa19CC2C,1
0x5F83CEa7eD90969b22c6d5d5C96848f7B3dB28bc,1
0xc7CdcE4ccef3Bd836fC0ce06e15B8853D77285b9,1
0x88B0BE658E72C5518B37cE0A5625D3fD494dBAFA,1
0x8Da8a63717bfC7197DBAfef29c6a379dA6F9018a,1
0xCc13D14B55A3C6DF9806fc816AE7028dCAD969E3,1
0x609ea0c7d913039d9D52fD0e72609020531eaC7C,1
0xf75729DCA43E96dc38F519d1dbefB950Ae95A507,1
0x86269fE8E5704825c3E5dAd4b678c5dB12182152,1
0x7ff7c8a4B74a5dA6e8d1a8d1991d9a8CBd6C4335,1
0xb94b4220265419cd8279706b23df25036862D1f8,1
0xaBaeE1F1B3Bfd8493e7906e7b6Daa78297DB69Cf,1
0x999b98242f5384E225a02aFceBb5Cfc817559e65,1
0xA4b43b4E3Ee4aa39Ef261e424DEF838Dd43C1781,1
0x5C48E0A540048125a7A0C922DF5714E0822C967c,1
0xF8C0d597BCaD5E964f520B27a9dd8ebc99A9Ff89,1
0x79Bdda65C706CBdA69C0AD4C8da1d3e91724f48D,1
0x83bbe9CFCc205bb8E53cBa0b51d6db9386CE58B5,1
0xa884DeB7E52522201118058a8981A5A18D99F60C,1
0xfc080b19617A8139619C762d2c97B39a4e5B50Cf,1
0x76ce075e6CcB713099dEe965F4124fb204c741ab,1
0x421BEE479EF728f666c97ebC9C259219e36A1D62,1
0xfCeA11FEA318A68BD40Af61D23F188FD5662c04d,1
0x8F37fDD3037b29195975d9e2f7bbB36cA51887dC,1
0x86D7933192B1fAccb62dB1e893dfe25D1e2104A7,1
0x1cD7dcb57D66Ab33a1d6AD92b874093dE47b139b,1
0xd19D407921F5D4772e358121FFEe9C802eD73CD4,1
0x5BfaCe33343C354D4F577f4EbE29e20B1c691Ba9,1
0x01F467F381462143CE28BC45d1eA7a728b464dbd,1
0x82b5A6119d70a87f81b4624d69c57B44e617571f,1
0xf330Db6A0aA6489C5E05246EC0CEcB84d6002C28,1
0x96539455E49b8DE5738f85C2347cf7955775f502,1
0x07760eCA15599988f72881C7710CBCBf42C7588a,1
0x54Fdb1b740A23a720a1046A1b46B7B4D586D386b,1
0x166Ac1d09C42C4950e03aDF0e41e4bb18536B29D,1
0x70E7F45634a280A4dC335C5B84498c2c35c80f45,1
0x91628188530F7B93919C81eb4D5dFE9D93ECb5bE,1
0xAcdb39B36AF8B5AF9394d46258FAdbAaC5da819C,1
0x0ff33fE9BFd306B4973d94c5C02D43fd28fdCae3,1
0x6760de24ab5548cf5102a3686586E0e266E093Cd,1
0xc960517deE7a3FC8b1F28481fd82756023D3470D,1
0xDA360606e4E484E7C97ABbcc8441aE0887F88A18,1
0x16831516Eb5707589344662dE26F805fCE69D13B,1
0x403F7E60F35D1f8bE646C047b49e107BE1790D60,1
0xC0d271471A542448D2AB34b0e142e8971adE0380,1
0xC1A3078e1308ae72c79B472A92b1282Ddef5Bd7A,1
0x9E0E9CAF794E039CE3DCe292EE99345F30879680,1
0x7887AAB40cDA8f1A3d807F4c54de269057371696,1
0xc80eF6397cFDF375D7E189a31Cf2fCb68780d559,1
0xBB07CD2aA957949553F256d1453c45C547fE7357,1
0xA2Af448B8EE69d9757761CB6e8F0487623587C24,1
0xbcA064e6186B943ec4E1B6933af01e47850866d9,1
0xA7851139F56f366C507DC889D2Be39063F14F06A,1
0xB066Fc78998dDE088662a31c99ee2C9196649989,1
0x6eDb9A10f28D3b79CA7CB4e95Bc73581DcA89896,1
0xd0f9728AF51D6D0470c5b8bFcC299615D494F423,1
0x55DD7D8Db617E34c37b43DB2e1Ef154e2558c6Df,1
0x4FA9e659Df8333E5c4F7901C2a5Efb867c2E9053,1
0x0fEc28E5416fC3D6A21452600bAC46db3Cfbdb03,1
0x506685ad6E1D208d37547FD8d10a9124444251aC,1
0xDBbD65026a07cFbFa1aa92744E4D69951686077d,1
0x20A6A6aCb4f7CaE11D302C52dfdc159154387161,1
0x6b2e2194Ef477E0764ba953a7BC8c507E2D6361b,1
0x434Eb950eF67470F1c255BDAcd1b6A39e1c67A14,1
0x585A1D90DC75166538a0a59e13Cf6578C40325C2,1
0xAb8eFf5bD445a90E2fB87Ab679ACDD5BCBf70931,1
0x881E45c2461Ff3CDddeED76487Ca61F714827738,1
0xD9257B97d8A9cAfCD3b92764f8800D7b591648aD,1
0x9ffA87C59Ab119D6f63e4Cd94a5613Bde210cfb6,1
0x06FCc5F1e7af00F53e9eC513A1c114A3549aDd0d,1
0xAf9BE60B6c94D66E72B6B01f6ecc77A14987950C,1
0xf05E6883f52Ff6Bf82f9d3120eA163E65dA32Bef,1
0xd1d1F716ead02c264D6dC574840C611e0fd6DD45,1
0x97538e1a3821f3327Fe2a2fF4993f3d154f28B01,1
0x73371E473fB129916F80bD982943DD1A8f38Cf8C,1
0x3eb21666f8822BEb3Ede687F4b1147bf6EBf6a25,1
0x61e61AE4fCefB8FAc53cF628B27e41Dc8C7e64b0,1
0x2BA1D521595C5B31B177fD5263F8B002F570E92a,1
0x1FfD9409c16F1178359EF2e1a864620Eb6662ff9,1
0xF637c4E0b24116794403267047f404Bf7A28D5b3,1
0x54eD45aFF3462D5E0B073d8E446eAE7E758644b3,1
0xe57eDd7aC8811e160B1f3Aa95De55D81bC959a88,1
0xA8d07E4A64dC7d9E04570DefB3B6CEf9f150e461,1
0x6F7990bB203154bF15C45C6ba23E64a05cFcD98B,1
0x3A79a25F6002F737b671F08f4f5Ff6c93A1d30f1,1
0x022Fa7392345f6511cD5b8361E9F63Ec48D337BE,1
0x63e631F4C238087683CC07124D3Cc52B1D76c46B,1
0x04551ad00eAf4552adeE6377804E4c5a5c011904,1
0xC652B74aF345E1c50E18255Ab0B0987Cf64Bec40,1
0x40c1a2BE500dc336D5a6084AB5f29C9720975023,1
0xd1117e7305Ab8A0dfEE8Bde09AE150c88D0BBEFd,1
0x36863a390D1e8D117A5538fe1A4239f9eCFae2ed,1
0xb0bFa24A73936D3B3FE05387d89E8FBba363c393,1
0xCd3F680ccD5332B29f065DD7D4f19dF541E1ef11,1
0x6469eE4fE6382087A52A354eA1cE0FD4Ed7C3561,1
0xc6d1cAB8aa6c6099a4dD7352EBD4B25521F6C79C,1
0x93c9e8A719925c515b56286B54E6b2215809fD42,1
0x7d62b87fB561AA18810f811586f8047B608d83eB,1
0x8490ee34d78f36367Ff31C98Cbc9530B7Ec4293f,1
0xD89d8C4247931dc0aE095Cd1A223420d68dA7247,1
0x01DA188b2fcA7D69623aefD13f4b8c086f4be0ac,1
0xc716045A5cE81FDf4E40515713062d91c6619ADd,1
0x3e51C2F221d97ebb6b24f75b7C62fE59B5Cdb2B0,1
0x74A1B97Db2e9C4742653F46047f6a434c55f53f0,1
0xb47520aEA870C3fB9715C15fDF255C435F08c6c9,1
0x0c57668d2dE20253D4C97C12d0Bc01f990D85A8E,1
0x2bf047D48CdC4654FcfeF5e2DC34b73036Cbe4Ff,1
0x72570Ad350f8E31C0f53546F27d3e75C46CC6162,1
0x048620158FE43a0bc9bf1FDE1F6CEaE0d27B1231,1
0x2aC0e2d80d9639cf53d15F8c3e0AAd9527a4ae83,1
0xABE84259a932Ec029E65f7fefcB9323E4Af78fBd,1
0x237FB0C0433c99eD0371AF4162e67B14E358397f,1
0x8AFd615731c5E28c87a3d712a653D70F03dFF89B,1
0x576bc96edB7Dc62802F0f58184f4803530ee747f,1
0xeA71c50389D51e85CdFd290e00Ee1BCCbF73e95a,1
0xA3523581B52b7632A571c42B4d44d56f39C03C64,1
0x35EAB1C2cD1d3B158B56f1BFF36fD6DA625384cb,1
0xED1e54f3328524543B31D427702910CC355e7FA2,1
0xCD43526982380DE2eCA26d8De21E93BF2f117Fe8,1
0x757b8564088F39e235e9E5FB57c6FEf37bDD2506,1
0xF11F26468BcD592809095659f7cCD143D213f612,1
0x3eB26ea77FB02F78190d2f9764271cBdf2edAF8d,1
0x7c7203E3f60519D8a259936615Ab396668Efa957,1
0xA0eA2aCfB6a4DB7aaC58a83196bC9c2247a952aD,1
0xF0FE0f60e8253732BEed0F9e5d631A0b8B3A8D7d,1
0x1d2D77E566D38d2Bf9d441345532B5FA6793d7F8,1
0xada8940d6869E98bB67b78904f2713aB213Ea484,1
0x36c0b20c23b8F4229Eb5F955C7e627dA60ce9372,1
0x6b0125F1356C12fc4CEe7e941E03A7bD5B4c8100,1
0x45b0614445F20477c6bF0C9012319eb0013eCd5E,1
0x0a32D74e3248dd329Bc48e6F1ddAB0B85bF8571C,1
0x43E74C3349798b4A50b5D23dcB43B3a400aC830b,1
0xbeD5520349c7fd50A9922818827C8C65A9436077,1
0x506D0199ec8F7C0b698a9a92c1A40EeA89344f9D,1
0xeA8016C59654FDB28Ea54C1543f5739B201a8662,1
0xa0BFBf3cb57fe036Dc72aEB0D78828772a4b8C3b,1
0xF1728a3eDD09CCDf87F80Dee782831b0E11F127A,1
0x20ba40081ee0B8A80D075A167436a80242df7b64,1
0xcEff98A045a3732f3e26247A29Ba5e7d52FE84b2,1
0x3Af7E5193B35Ea72cE5815302a9a5d1DbB198A01,1
0xf845A40a01763ba1b83462BEeCee331bc4653ED1,1
0xb0a8B427EE85f03bfa78D278CCe007Cd90B31AAb,1
0x3e195F9fd7a46Ef590E28AC5cfE748396ed71247,1
0x5e384faB11E08078Fe174Bac6F3Aa2999F1895E5,1
0xA75B96693dF8eA8c7C1e82Ece15319bF2e6234aB,1
0x3336C90D96123590b38520625e2e1B49BFDD3C0A,1
0xF80E2Bd063Eb0418FcF214354858090d16fE85a0,1
0x34b36C3EfE1C0Ef5013e16aD5053fF44F9b950D1,1
0x1CEF01Ee8014ECFc4cF07E4764C13ea7635f1439,1
0x8c04a646a21289Bb1Df2f11FA52F1c8A1e77e69a,1
0x2e5704D650343991148788cDb2839f0b0218F365,1
0x9e93FbfBACf7c30C0E032B1Db368B52Bd6bd1765,1
0x82C4277661e1B1842B2fA9816B21b2Fefa4Fbe50,1
0x41a415BB5973998B832072D50780EF32dd7A9bd8,1
0x4f621F90483a490CFF1343fF59E548D9EeEc0A51,1
0xFaab87B715CA55A45440baD1b12b52f8f08EDEb5,1
0x59128EC8cCC090450C920cFf7a9244e2239144ec,1
0x8144733C44A9D7a5F0DAD5a870f79C37E737Da75,1
0xa10f965Beb0FC1D6776d7117b0396AE19FA85262,1
0x937E40636A8D4c970642aF91A28149343235FA17,1
0x0F456a269a3B23A0BeDEb403aF2176C5fFb3130e,1
0x572a4716979814BCb06835D15C13d48c21860a17,1
0x72110c7117Ee3D0BC77D4682107EA04b02312ED6,1
0xd5fe6dFc92bf610D540C891Ff2df265C3D1dc4e9,1
0x69189f60102717c4F9B0825a92A8B850Be5183ec,1
0x4215a881dfA38fA2FAced28778c9366eF3E5FBb6,1
0xe20934187F8EBDc92a1342323b934911022Db30E,1
0x19bdB6069A4A947294AA0C4DdE02CCB1462C3024,1
0x68BF599B7D79200D50dfCa985CC1f86FB329C586,1
0xa0020E26DbD5d2EA3f410905b15fbA7710EE30a3,1
0x200dae8c805b221b0D334F6b693d8E07b7881671,1
0x1e0a32F18c1E75BE00B2A2D118d5278714755D17,1
0x997d17bEE24c1878220E218E7e4Be926fFfA6d56,1
0x2D7Cd1Bdf1d1A03461687F9ac1Ea54E653214Be1,1
0xe7Bb57763020d3fADbD915Fb14b723F1811f6EF0,1
0xcdE212c5B66cddacd470C1aD045eA826fbbE486C,1
0x3a92e9760BC6Caf8e67aaB162ff045D2Cb927f1E,1
0xFeB3E0f50107f6cfB2EC8C2bC8287f2707E0E2Ea,1
0xc05cC603bc49e772B23D1fB5CE1064D54df7ff72,1
0xf1452D07489Aa448597baf5Bb6303856Da3C69ce,1
0xae2C69a04d74735c9d50498e7c6d9483E388a8a7,1
0xff2aEE44952ae629Cf4EF76020ccAaE7be8F1d5B,1
0xa86693888186C3F4632f7EF237ef61C68e983443,1
0x851859D0bdfB791Ce47D4D99a6B670466d468C09,1
0xeC5897C5466558Cef257401a92568B543aF6a864,1
0x3e0DCd1C945026c9e839C78638c83a61AB7D7455,1
0xc2c28b65c7C766e9c62fBdcEDe502B5FB5dD9699,1
0xb50a04b2AB02f88B20B75c82ec747143FA84f84d,1
0x85D35f63281E5FD80A30B329E3243017a8467784,1
0xb69ADef1596b2b0f600452581C786E3Db7B87De6,1
0x3Dc80B10A70F109a8ad06a42d94BB41b9587A476,1
0x50b20b52e04765Fe37B713D9639d0A3FCAFe8768,1
0xE4f17778C45b583aaddD02653631172e8Bf26013,1
0x3BE5c2698D245f6AFe3AedC78183EcF24D13F765,1
0x9B4dd5Ae78c4518A5f48E0082d234580b2f6b7AC,1
0xC89bEfE4503B29baE842bEeDCeF0092Dc072fFec,1
0xB73a62Fd2952Ed68243cbD338a1205a0cD68D300,1
0xe0C965B6B22eacAb35bFE2ab009D4bdf7b931026,1
0x9635bcC0E4845126FDB133DE103d1F84DA3f9ece,1
0xE1506a397e4fe51bCc038F1BAF4453610E7903Ec,1
0xceE10CC0C025d962B31679E58F36AA1De2B6C752,1
0x6D0CECF442ad3aa5292c09E5843a7ABc387A8744,1
0x4A9782d00c52F28f0cEF8a44b21c14e2AB0fe6F6,1
0xFa5851723bBfE516015809D91d56b16511162E45,1
0xE9853DdB8a5D0679753F0E951700CB1550Fb6a98,1
0x3b02559F1CE1e97e1aC6AeE7FC1195Ecdd317154,1
0xf9c6BE39dCC4E07C94A6b50a552A968819d9B4Bc,1
0x4847Fad926dd9c390539643d61c953D9fEcd52B2,1
0x960e830E81c4B41d4Beabf6CeEab7C54b9ACD017,1
0x4281ab035eb865b2B7866a7a850315a8c76d0E2D,1
0x320F879A382E410D3361fff2F8ffdC149ABFD6aa,1
0xEd80D5A03e833D05BF190e116f22E5e447b8E39a,1
0x134F5a1e7aA655CE6104694a59C58E23cb28a9d8,1
0x3265E8A225F066F1bAE5a9Ed734EAeC24E869d10,1
0x803856E6A9f3373c7a41DB37D8B7D754FDafe8E4,1
0x62c74081683af8840d97c6d0D05e5747564BcF28,1
0xe0BC62Ac0156f3DfBfeB6597dF2CD38cC1bc63f2,1
0x0D12338EA5db8c1732eFB9031cA4853C1128B1f0,1
0xba6C7A241bF13319E9aF78422749754082d8b75E,1
0x9D2462a0d2A7DEf54Dff373d22AcD4c39DC21f1a,1
0x3Cb149fc3FdBa1faBdCf31655ED1df460064aB95,1
0x8e22a7bdb25eb28c7dFb10664d8ed521aBBB494A,1
0xd65902904b489512b522E07aCf83Aa2f6A533D65,1
0xbEA9ceaa39fDDb4a2188C11dEc48434Ead4c30bE,1
0x4513bfb8137f419d9031520C6972f097a3b2D51f,1
0xE4a9B34921Ce86Bdde9CC2C4FD39ea4fA9D02856,1
0x8Bc54D74fDFf1094aAD1fbf4eE83C1b491466403,1
0x3B5013Dab6879Ae5442a2DFe75341Fd52CdaAb04,1
0x5C37936739bc25285Ff9ae4bEbE6a27926189b10,1
0x1De37833529B3Ef0bAD542Aa841E647398A3Ea03,1
0xf68dd406cB1e1d1e083cA2690DF36CE737fCcd37,1
0xcbBb123936D627d91e9b41455B4eC9715B433333,1
0xb4C02336C640B8260f1c3265Cb38c44Fb71180Cc,1
0x290503fbc2338e020A884fb36f7969bE6947BC37,1
0x9A19c154faab5FB600f4B4a28C5a15302fC4cec6,1
0x492e527B7040B471044d84B9040160cbfd272dC4,1
0xb4514e7D507bb6a2A13090836B3E1B0eFfd9bb07,1
0xe9Acc5796A789BFfD6DD829dC13652Ad92ca16Ea,1
0xF73b7672dC8E5f158685480f65BF0846BcACe11a,1
0x1b27bc22017bCBEbC9807Cc636559aAB55Ad9473,1
0x9BD47354FC1e9B67bB2e1Ba2BCdEeFb53f96F3Ea,1
0x8a21A7A76A47217688b6BefcDcCe2ccd91c34C8b,1
0x40AC63186d0b997485D02F602e6002BEB1006148,1
0x40594F31B9F2939851fBE64bFf6dff996c75Fbe7,1
0xb7bD544ed9126f7B634F360c12cC994a4F228932,1
0x98d15d41ccA53AA95a273c966F7b2F0523FB8F91,1
0xE7b2815Fb6A39fb6bb81c2ad72a2248F7517537C,1
0x4E6A0929C673728941EaAfb6eD0284FFBD3d3648,1
0x64006F3bE7318c579362AE068cAD2d3357888888,1
0xe8Cf545F7fCe035EF4719EaA8E07a96FD5349465,1
0xA5d4Dbbc18091cb4a43E31C773AE9b5383d5aeF4,1
0x6C8B3F3b9409fb6650AcefC8dB10FFD34aaB1F41,1
0xE0d7D00BD5261C9e97094Ed4d1108937F039BBf6,1
0x8B1c1eE511FA0f3c5F602A84D43dbbfd2c5b1A6a,1
0x1d6cdc9EeADcd5967148C726e3f3835ee78fDB2c,1
0x64Bec522dc88CDAb0D114Fac2Ce42d6Ef7D8dBf8,1
0xEad8a1Cf44389AE721BAf399188a2a0A8d2EB246,1
0xA5c0F1328DdB891Be27789437d6C50Cc0BB08129,1
0x3DDec0C41595D181F361F8dea61ad250b4c9dF83,1
0x92DE600F86669D5BC23fd33c4b93689D49C55aaE,1
0x39f9dBe4a60b5F017d95889eF9DC50B58cC543cA,1
0x1Dba3dEc4eB8Bd12E10fdbEa953b0a407FBe4e51,1
0x973F7F241CeaB3b9Ceb48b7f04d4E6d1030EAbA5,1
0x3B981fA5dD50237dAb6F96A417A6690B6f20FcC4,1
0xe13aC87C5Eaf5A43a9aD2C20f84a4C84f3642373,1
0xb89842d4361a318D7729d58950676d4649448484,1
0x6A1F0563dcCFdd6029f23f729979c5B6aD86AC4C,1
0x421BAa8cA5A7E3bb4fB1963bdfdD8CD3f6fDcb69,1
0xe3921277177E0B9ACd49f90D6D02A155d6B3a894,1
0xAeDc9e1Aa555d46fe393bA52D30fE6e741659A77,1
0xca6aF8b3d57F2C79bd7de59a222b2C6565180FD5,1
0x939d8f09e002EaF17E10acaB804164becE5B8e3c,1
0x8D198FC0E5254cC969B955A5718D05E388150aA0,1
0x080BE6ddb9d0E2Afa36F05B2199b06A08826EE4E,1
0xdf8C014A6b68c66d5c774f3097EDbC917944bAA0,1
0x556A257F8Ef54Cc0ab7EaBBfC74302047F528A6D,1
0x4eBe2b7C35462e97BCCbb8D3Fe8737CF9d98f9F0,1
0x7387d100d7a6c3a250d36249511cFF966E0Fe018,1
0x415799b4Eecc6D561d7Ab97bBD494d469e1155a2,1
0x54cF78C31739B97F87381b19937d13F04DC9819f,1
0x2eE7202593506D3b713eE2fB49f96241d6c79A89,1
0x41519a9058e9BDE98c6A2c9b2e2A7c22B7c0Aa4E,1
0x9103E3D7b1E88939d83Da54464A49Bb4eBc7F4Cf,1
0xB9Dac5C3965e5C582faDdE3B383622747b22E1Ae,1
0xe47Bee11096c3251d34fe184345D8C31F391a6aa,1
0x8Ee31245C4226D6afbA084360DA52bF1692Fd9f1,1
0xe5A6DF02bA73FBE067f74353d6E92078785f38ed,1
0x8d1cdd26BaB908EB966400e96039b0A6Ba75eb35,1
0x8Af7B17787b38afF12e632fD7800f979fd75218A,1
0x21761c076c57a5BEEaec1Aa23411C8C808DcBF00,1
0x12cb4ca94136b6e8Fb11636c55F47d0885f3Dc64,1
0x4E9648CB151Ad194e021a1804199F63Ba33d4B42,1
0xD576eDdaB9399BC3583d6bB0Abd4134301BBF619,1
0x3BB1A621D07f170a939C9a823a68C485dd819999,1
0x5a20D2477401d87dF1884506D49F9d21316d0Bb9,1
0x10e7b9e2CD1dbfd4b9D2ffbAb83E53b47701E8bF,1
0x416907B94b2550491495083048Bc4872E8b12593,1
0xDC2a82f1d03e6E6bBc9a05969c48122C274AAb82,1
0x852663a31eA8A8Df75DF08810Cdabb56A866e883,1
0xf7c6a011CCB9274876c1787e7bdA7Db3de4A2d1f,1
0xadc43075f2e45dAf2dfA5230fac6Ba6aF6283bde,1
0x0fBDB513423B0418292939B818761e7F129c4eA8,1
0xDF7DC75e3349470062beEdAdf87fe07acdFa2fF2,1
0xadcF37beEE88f9BD155c95f6B29757a850C0eB10,1
0xB4bF2cc836d0e03945e518F2DB31D68AcEc909E4,1
0x524B12B03181c733C01FE3713a03cD5782C6b14b,1
0x7B19897fA7a64FA5208d4d9f3d9381C845412C4a,1
0x1d57aEcA7DDb23A25Bfb5864Ec18f53A8dBf18e3,1
0x459cB9Cc7cD3adF75B4d314e890c25A2E791af34,1
0x5dEA1C783b013545D0AAbA38351Ef00049557584,1
0xE9c59798E49a039823d731eE64cbde7151271482,1
0x288a6f913aE5178929f731651BdA34380A5383d1,1
0x3E68FCA5b47bF0510DEBB0fa95d51c54B032A1C8,1
0x40F518b319cb0EEe96e0E34462b81C4C5a93FD3a,1
0x6aF4f2C0672a9e4b85488EBb1Cbd356c165fB003,1
0x7fc98250D960CabD6a41f27961af42b252CC0577,1
0x2b5bEbCA8c546153eaEAF46dea46303167934111,1
0xF656ce6a48d56FCa0C9fE40907f35941236aCE90,1
0x4bdbF9965D5fbA4fE16705fC4C035E5c93BD3654,1
0x810b692aD711815FE492c13bEf64A7367CA549Df,1
0x7EbAd2d883828Cf51D43965187D1F1f0EA3A86c3,1
0xa12c33b6fbfAd1f331e96d8c5E6EB6999CdFD371,1
0x6F7a435Ee094BC31FFaA8A4503912732663c9ECD,1
0x1B3Fdf0b7349aa0F0D405bC7EbEbAd6cCDE0e9E4,1
0xD72dE2f86d011b04Ed6a600e84BAA14bBB2be086,1
0x936E8650825F5E9cb29B7A38432559295ae09448,1
0x63853B6D54fD8a26E71e0624C34A15376b1758D1,1
0x7EcE4f0b6F2266072b473B130FA4214f6b8CFA08,1
0xBc0cbDb5D40aa7c24906f5D0ccaDe1DF844f70AF,1
0x85CA517437174438C6f1F01C501045BE559C68De,1
0xcDB0d203BA6ef53312C56e3651430fBd46CAFd51,1
0x3F0fCfb6971963bbD01c18531AF78AF6bAe2bb52,1
0xA97EBF430875b4d9E2304effC172994c91618794,1
0x0d1a1F9442D4D2e86d7c40723709057f0b6DBe33,1
0x23dCE74E2F50A5073B8128C6879c23E86F0142fB,1
0xd2bE0f86eD46FA0eDc88592C5C58Bc25975b8561,1
0x95de4a806313D77c98aF87496F27D3b6855eeF36,1
0xF37A1e05106bd964E5095B328D6Ac5629a1f6b54,1
0xcD2aaA6584E358Be845Da1faE1Fd69cdD20490CA,1
0x1557EE78Ab23F7264366a055eCAce48390b5B0C7,1
0x3bae0F9811fB3869267CaFf8B5a1bAF00a352935,1
0xD752b313E23Cba7d98080Ca57fC2d5C84A525652,1
0x4CddA893aD32551571d605032Ec7d18B558C2566,1
0xA0164833C956F812294fe624e08C17Bab439Dadb,1
0x100dc81A70F761071DAF9123D217967cD1f30a3d,1
0x9C38E37acFB3D1DEfFAddbB2f647d855c5D34e79,1
0xADcEd1D80BA31eE3E0a20f429E509EF5A9866D8c,1
0x7De2F67B4d0c9c7482AdFdc1b4A9B1CFF3532394,1
0x9240d1217650d84F5fF72D26f01578787a2Ff28b,1
0x28228D2E395d82B54B7351A78e71E6b8d8211d5C,1
0x37bf80D6d6c2A35BCfb86572762977c361EF9A4d,1
0xD53996EeFFe4222c9eD6ED69108cb5d811e4e6dD,1
0x8F5b9906fDD245E58f081F07c68C6d3237479b01,1
0xd4c909910F9EaF64a71ceAfbe1b619282C522dDA,1
0x4A232E0e170a34aC29a2b3e96D812CfDaC926137,1
0xc3FfE57d3F7C48Ad8746D5bC8d7C86F77B583AAE,1
0x8408a05C117C98FcDf649F59960D44F4f97b52Fb,1
0x8A709cB2f722512833313b393aDbe27a968dd914,1
0xE9E157361693cCc349982c1C32Ee6700C80AD133,1
0x46380849d493a20402b690caEdBF8B883bFA5018,1
0xE69453bD9Cf83f7a3d12B5bAA2E555D76A0c8947,1
0xF196836B53E8f03E32f5186C7909aCbb8B742615,1
0x8d7dE7c47dE7c4976a794981ae15D7C2077b6e90,1
0xcFbd305AFC4144502C03AEd299Bb05e798dC197c,1
0x09208B7BA6105a509f1FF370A612441525877acB,1
0x7bc69f91D394e8E0344a7aa0d0599355413F399F,1
0x2A95C881ed4eAe30E2529Fc58b2bFA430b7AA647,1
0xf4Af369c5C069E26B8B03be361CFca2892c1CF07,1
0x3fE2e08a1F7766606574a91a5CfAf3342d023947,1
0x3e1855B28Db05801e7211f27E6e4Cd3738084cbe,1
0x427d7F19cdBC7dFFd0551ff9985307719492f226,1
0x9e242abBE816Ad940c436c298668a03AbE957EbA,1
0xf281Af2aCC706D553e0e9f0931cDe12ac51a4Eb7,1
0x4521cdBa20e3c1f98A148189b21151c26307a63E,1
0x4C142Df6247A6BF8E6de6925A64a7e6293819074,1
0xD6Af802B6661dc741A1FdAA7E25c3a3509EcdF8B,1
0x57487B21b1A2fb766CeCA030a5685d16269f929e,1
0x3dbfb54181c96ec978E3696475FA368035df31CF,1
0xAf72E36d1d16aE80b6811a99909cb92396d18777,1
0x97c494b558a4d4f58a3f77061C96b9FE818920B6,1
0xFb280a1F918a1A05b64e817c9Aebe2aaA3976762,1
0x314fd5D24E1Db1fd89c5b5B96025724ac51cE18c,1
0xDa370FFb09574d557eEfAd2F41bd4fd3A53F27a0,1
0x28879fFD0Ca2265Dbf31c980aF0e1c3B5A93A610,1
0x916A19139059ec76EB0fBC260c0C13f8c558b6e4,1
0xD3490541076D61Cbd5f6B91139D0853c82ee0BC9,1
0x8fD55abAfdA10bdeAb69Aa64caD209BFD40BA145,1
0x46E4Dc9CF4dD2f77d4b132EE5C44c4EdcEF6C5a0,1
0x009A54532176298629CDc0AB2B399380166fAD9c,1
0xB8e0dc3276e5F3e5C6626595C778ea9F1c501D74,1
0x361AfF6C1Df5F6AFF9F8c17542bD0E94CC5a80eA,1
0xA624Ee90212b96b5E9AF1dAAAC2bEe3C06a3477c,1
0xBF9019f39B478938df968D331C282b06F7B436BA,1
0x1E4Ac0F985f910EC7AB29B49284870aDCab3731F,1
0xD4de8BD4fe769992Fdb0d32023094E7Fd6812c93,1
0x8eaaA758D821bA2D37635b23E512864004E5bdFF,1
0xd9C13d1BAdC0fe49B9eECB41299832Ac42D08972,1
0x12734f36E365ed769B16b4157e26B9Ee7180E8CA,1
0x6ffbb6C376d0cf590289671D652Ae92213614828,1
0x1d72B9d5fcd580B01960dB873E1e8ec81520FB04,1
0xEF55EbaFa9B9D005d4449514e5C90030b9b244e3,1
0x5891DE93aB83fA3AE89BF98cDCd878A1cc4F715A,1
0x994B99e259FFc9134BF9504c6a42387DeFe54515,1
0x779F086bF0481c59460D9a7e2a7D296B026A1417,1
0xbfc9ca1c434ab19E5F75ACd2d603dc0621ef64E2,1
0x61c708d28928a18a84851f815FDbbFf8E137cA98,1
0x4D7BCF37c4F04F8780A40c101e7475E4132EC296,1
0xdED77410241c3bCC3997C1F92ad622b9eacB2c6d,1
0xa1D5F73484a1E5aA09BEC83897412d9EdCc792a7,1
0x5e158B4457d9f5e34fe03DfB13abf5FBf489fEF0,1
0xB0Ee517e2DA88B6Ce35AB8D2A472Aa597033A84E,1
0x0EdfcF9bB8B59B07E53b9B1C4d92351E8D922AB8,1
0xCE436E5B28918Df04ED04D14B06081797e31Ed77,1
0x2f52fD101A9d766A87B3b241Ccbe596337310761,1
0x238B834Ade3676AE78C66BF49bd91f21f37C0B1B,1
0x78B061F0780cceeb7e5404593c504B848D2E9778,1
0xccA554D3a5AeBfe142Bc39D19d72769bc3Ebf1B5,1
0x3b6CA30C608eb80f8b9c445045FF33CbF0fBC051,1
0x37740372eE862Ab8701f49412F7765561caf6520,1
0x8028bE0a226d59AEb1C1144ac8264aC28004241a,1
0xC3EE19826F13b3509c8fEDcC5576552c36dd74BC,1
0x1e9f7e255F5EE76241eF593b390fFe87FF419079,1
0xA6703cef72eD7536f6648BA375eCF71DcD25d641,1
0xc28f5789399f41aB981Db01855964A9543479183,1
0xF87Eb3A8457Ae4e42AACE1733FC321d9D1A10678,1
0x533230eD2657e7eBA5AE94520fe78955a6548238,1
0xAeAdc4DC6b1DB189fc4b2C53Cf09431DC86D1eC3,1
0x569a657715B4d708B239B31f1815Ca86093a671C,1
0xC4907Fc03ba7B2Cf25Ca52b598C243b7479EDC87,1
0x7A650BF407718d36E210DAd29585d33066439160,1
0x604Df42975C82b424Bd779e2f3Dc42fCD9A37614,1
0x0BbDE37A5B38714164bab3A921Bf485D69F1B2cC,1
0x3Ca767b793d6ac28ae77a093d9b9Ad28FB41DB8a,1
0x61776Af4bc5b3FFA8475b784aAD9ABc8B9bA85df,1
0x246c5c562D3924dC1cA4fd2A6d1e68Dc8ffFEb5d,1
0x44BB200792Dd929C6360C95847C4006Ce98Fc25c,1
0xC34D931CC6290DaE177a6Fc645DB444a132A442f,1
0x31e01a9B0796E131b5661eeAeB93981315B7d8D5,1
0x69CFe8D5C28045F421391e0c50CAC91C456713df,1
0x7Bb9dCcc97052dDeF05141897fE8313fD4ad0418,1
0x5383C545E4da91018f99eb7689aF898f32979E42,1
0xdA16C914858f04BF35cce30C001F86C9edA11571,1
0xa8293Dd8eb52564a35b8357a539146321b934153,1
0x8fabB4F765d69A37074aA30D550bc5f64351F1A6,1
0xEeF9141229894Fa2ca5037135bDb2b1b8Fc3d6c2,1
0x513b4Fb84dF4f8E05C05cDCbbB8D04c482ec0b4B,1
0x42Ea147b87D32e7213853bcf98f3e84870312e27,1
0x8FFd4ec67124a503D34e5BB73f1F502959039fc1,1
0x41F49e42Cafe08Ce9aF322187739B74537a23f9E,1
0x12b50BAc9A30801cE81fc36A5CEA4a5Ef8f9bAdC,1
0xE9B7AC946fFB2c02da98095C127b28F78Cb47087,1
0xf7Ea93Bf0C74138Eda5c90e7cf6844c4bC786D3A,1
0x14EfcA67ED15d631ee4D095512709cD1d2aE87a2,1
0x00F9C5776f4D4B9De0972161089165313f9b3438,1
0x6D9c0bB01FE11EB9EC56350C6f72483Bd9A71229,1
0x12CF138c7a5B45Ed60aE18FF2226c0C391674f3c,1
0x91ae6B383fbA985F6641D46Aa4F6bE41f081E347,1
0x29C66F54Fe449041555D510AFd0c1657Fb3624e4,1
0x8b007d95cEC8Cd06293A0EaCc9b2108dDAfAfD91,1
0x103d1BB271cB09b0b0D04998607560495c47735e,1
0x3fF8398914059A3d24ff72c03a2E63708029E05B,1
0xBf36276e2292683FAba57BA4864721FFb4419AC8,1
0xE7Da2c73B289Da4A0EF328dD244692Bd46cA1883,1
0x38a404D2e859572fab457ad9AdF3cd2d4781d718,1
0xcB70aA1B424a0ED377945D5FA5D22A2956270163,1
0x6ade630ca595731886Ec0b4cdc9c64fA685FBd3C,1
0xfA40463F85c590180ad73734128f38DA0596477D,1
0xA007b5D85f67A4d882927ef2Ca992735a21d5028,1
0x8434205c1909c8B7ed0D225043bc114d86582ab0,1
0x16c60a2a633630C97CDCf38C8F9EaA4D135E75c5,1
0xAC812aDd26634E5E32976226a35030FEac78be1E,1
0xCC3d7F9fE6946979215A901BbA385a88FdabBBf4,1
0xe97fECEBdE0E222c4DFded8F9Da7A8Dd8f8559bB,1
0x65599B0C7b07F238b97f3e7CcEf474Ee712D57fe,1
0x2CAa8BE79e9b6a9B6D93A168922dD498087a1b6A,1
0x4c2a11F6668d2140880D456dB89C15a2308c5bB3,1
0xb7aCFf9f8AdF276e89F1a85fe573A7C2e6A63bF6,1
0xEeC62edc33489ca70964797e16A894cD649427B9,1
0x0c035492f786FFf8Bf618a385eeB2ee1DEF246b0,1
0x056C661CF9E36093e4A6a7c3fEb2cc04398f38bC,1
0x25fAefee1D443671eF07E366d2d5Fb1CEE530360,1
0x0fA6fdCf1556A74f2C67AE501e4eC070ef3dc5aA,1
0x7e1634E49A7d1f2FF1cCFc4Cd643451Bb23DF90E,1
0x07203efD09F4cf434C477B568001b834D6c94762,1
0xE32eB09310E601c15877D8196A76F047d7829142,1
0x8bFd5B8a8343bF25f619494F7165b6251a23b41c,1
0xf5622aAb67b6559cef0cF9064D5C2e5C30167fbB,1
0xa6498f1E08cCb9BCc688f6c386B4d24aD066b71D,1
0xec51ef3a781D2f32A3a42Bbc49DFEB7A79A871Dc,1
0x3f17502dA0ac0235eD5CA05B621E73bFcB0a9B0e,1
0x31EE1e66c796cdFeda8f109C5f5D30D60eb7b884,1
0xAbD4d2b15ED7C40A2a37a5C4eb4d204ba6F208dd,1
0x2601F38304885Dc5AC12960B910cB71B17c5E1Cc,1
0x972B8Ed609d5577739cc585Bc0cCab03aEe621aF,1
0x3079F63Df53bb3443636A92eB1768efe37E21221,1
0xB8b573Af3AF72d19AEaf3208E1476326e0b5Ff3F,1
0xE7dbee182F5Df6250E1A906b2ccADEBFDfb6B7c1,1
0xA6aa6c951207e0eE408c9c87C691aAb207ec3E77,1
0x35ba8D18e0D2b4f04510E4B9A9c97f72005d7915,1
0x8dC05B4204556c0534cE2bf5D10ca9e4b616537C,1
0x8F156d9631E818Ef7007DB6b92c7f687c85A9F66,1
0x6A825c184Fb1e5552D63a4E3442C5EBA3069AA30,1
0x77e3c25e57f98a4206437Ab1A96e5dD12718429f,1
0x897DFCf156B2Ea63084ba206D1D929493624085D,1
0x99444e1861b2dEce3c2CCadAB1A8565057b032A6,1
0xC79536e16487b8EFe0ecEBD6f7Bb07FC40EA04D9,1
0xbA059BbA0CbAAcc5db66f1C8501b24Bd8b792F8D,1
0x44C6B84A73696a61481C6E31E122EF79017C7730,1
0x502332851802A274E48304C58d37ca3CBd1be595,1
0x55D896348E132D83A3Be2897AC7d013517b42016,1
0xd6dC3772CC7A339fBF22A6EF8530adC37edd9032,1
0x44FDa4D2e2C04D35D3170634ec56177Fd3D6e027,1
0x8bB236E8F06f73607A7E8a4304933f9c206D82A8,1
0xBD476B61b7aa03Ba1807EBB8cBaf365b55Ae0e16,1
0x4614cF4c12C0c008ae5693e51Ccf492391C64873,1
0xe977a57fAD4003d3b0beD9c59261465546dfe082,1
0xCa51ff0530a3B61A3Ee1DEC7e53309e78ed63bBb,1
0x8EB2ba0A51064d230Bb686d5d035C681B5e70479,1
0xdE6c82156C42cd3fB1Bb70b326b3b0FcCAa18CeC,1
0x20c539CE41d41993d82549b183bcF9a51648f2d0,1
0xcf5C548AFBc3e92eb3e93E5b8106AA9500CE4B62,1
0x189597384d2b8a86539e08Ee8F2A2C3713826124,1
0x4d8AF534c227c2EB907885e72142eFe7987b614A,1
0x466FCfC210e2e61DE1263ffef73038EabCE9ED17,1
0xcE23eE16d944aAAAfbb9f453fAB4228C8781Fa7A,1
0xA023FF9A0582FAEb8e6df05b6d709AA4Ea902FD9,1
0xc9598Ad18f9AF6b9Aa06F020D47A798918feCff2,1
0x394E9fDF6D19294c012869245106e5e6bc584160,1
0x012Fd6ff6d903C4b42869faE84A2106785817721,1
0xe3a7e954390853532f0882Da57A085260b1acD56,1
0xF0A7EdAC0d668e7dB45441706fC7E6DF308896F3,1
0xef242504dfcB598915f7c1D471ffc3589761802C,1
0x7BF5ecAa5eaC6bacfd1B8041b4de657b5aBA1770,1
0x105A16ae094DE69d6a4bFAC53B3BAdb217B169e0,1
0xea2A81Da4969B11c9e43B7c8025846F84c126494,1
0xfe40ba68660Bd962785a6fe3B278c255D935Cf20,1
0x8c9f707525d3cC621101fB687eFA1e43b864c5A3,1
0x55E687Be53140Bce2680ac74672e9255bF6ff1ea,1
0x031FDF608BFcbeC5AB476A902DC02d5BebA0B4bf,1
0x47b70cb26cAF783D4b07B6c24d1e9CEAf1201abA,1
0xA24fF099abB0961f44F538a010a29F4321bab381,1
0xfC145c3FbaC8a074A0f70535D40a06346a232948,1
0x6aB3CC188599Ddc67500e4Dad5f435598Bd2f14a,1
0xF511470999e3F45550b886a3b483cDE0AD1B7201,1
0xdCAd95C9894d80fB30817F59e7619Fd9128f64d1,1
0x0c20385c8645aA869D82B0aed22cb37a98B92f04,1
0xd6976F40Bd80f2837Ca091759B26E3DaB92658c6,1
0x092C6801Ee991514F8af737Cc18a3A49501d73B0,1
0xf40A898BCc7d9d5708E4dB3C4A183f5d5e16e17f,1
0x7c48B0BDDB7498DFAec0afC7f98C7580118f4b74,1
0x6142E2BC07Fab7C589CAb233c3FE4d2edc437De5,1
0x71EA33732304F931B79604c357c8Bda31ED4736e,1
0x13DD3eE355a4eBEee538D4477FdBa885Cf27482F,1
0x65565Ae7A300ebbff1a5d8456667729Eb7554a74,1
0x4C33e7317083ecD55328cA6bb3fB13B6470Fc95D,1
0xC39f7c89c564Bde6640e0623C7c3Cc4b038CE195,1
0x8f6bCf33F7fBd05244FEC62630db3FD54E677733,1
0xB9b93bF2DB3678b010E71Ef701d763Aee144E93E,1
0xA28389B1cebbe01c201b1e84656870bE0BEEC1Ba,1
0x37e8640870512943d7E491Df50Be50cb9b8431f3,1
0xbAa8C022189fE94c0F6b07b8bf84DD24A10BAED1,1
0x8b5505419334c6aB123Fc51FA55bA5eDf164bA39,1
0xD7972B7f3C94BbA5d0DCF78B5edfDfB94e62E20D,1
0x50633c2Fd1c38DacFba118a35d8986CF297182CC,1
0x22693e25D5a48a9FDBf582Bcb621757aD344E494,1
0x5cf2d8EAd8251D30c477Ed772E155d30b9c335a1,1
0x592fD5d5709baddba2986BFcD62995F45E0Ed957,1
0x036c494B7eEe3F132E15DB6C0Cc2D5Fe793362ba,1
0x01a2B6c749b778053bC81551E23675F0aEe641DC,1
0x58fBE30e95921Aca69D44Ca07dFE7799e1e7C6F7,1
0x1761042B43590A755478D1325b6424885e6ab8B5,1
0x56B364f8a99404464A9448273ba3F40118B06A11,1
0x40f1a6e618E99fbF1970836faaE3f8CB2F85C8a6,1
0x4F530B21DcbbFaf523eDC4f3B4578AF945a45C53,1
0x95C3917F458C00171F77d9646ce63e7B70e5cb4A,1
0x3A2Ee4251D8490ceD7F3A5977977C75A5ACd26bF,1
0xd5921f3Bf321D7B38422e6feE0d5901616e77042,1
0x2Bf08f2E7bf56A5aA496ccC0D71a1D86e4b2910a,1
0x1eE6412027c73fe678595CC5BC92dA9Df225fd36,1
0xA0BEFf760b011c356dF9eCE35B1a20692aC9f107,1
0xF97f7AB76A3e9a864bA39b0032DA5Fb3423C85CE,1
0x0476Fc79C97f68E3e32C37B83691D99Da5464CEc,1
0x3805a2C0E569Dc118FbF4cAAa301C0f181227772,1
0x0ecE669E6439cC6467505308248b3d8DA36D8D35,1
0x338daeA8aB85318bBD18738e5dc75d856b355E72,1
0xBE5bbC487c99cd9A834F168344e57F6ef6E39fAA,1
0x0a3F339610CE87D6546e48809abA0BCdC13E74bB,1
0x20BD3Ae9171cf20436a8a7e8027c74Bcc7E2DbC4,1
0x8b458561eCaf5197000b4dfFc5757800934f71EF,1
0x9f834835927a0D9d589620669c0cd16B6AF87D57,1
0x829EEE57558E8Be2C5B963232097ccB2a2A06d03,1
0xe5eB3553199604b98f2e7861Dea4420CD58C34D5,1
0xb777F62880a621D10a39BD69Da17BB4C0AeF366C,1
0x25b33F7C95B3738deA0AE99Ba1EF5e4debB66cA7,1
0x40E12464Ae4edDe22e0F02315fd22b048e71F363,1
0x51Cf692916B9FBeD8Eeca57edC139f5E22fDE9A0,1
0xcCa3F822315EF040bcDFd1eE41c2287ea49B7B07,1
0xa92E8873eFCBf3eD200D49C23DDE67Fd9b5E6325,1
0xC3d43f8E008ccFf959101b8d0d26562e84d2B204,1
0xD3699C965E22E3E57662b9F5F21082b0A710C129,1
0xF6A1F53026dC95152269aB4fD5De04CbaffDb528,1
0x93404EF51E28aB27E44584Da999bc9d9E3729D01,1
0xDbC7c2e17A0B52D8Ca50fD8B591B48c5D42642B4,1
0xBeEA01031dA2192F9620e33ceb77Df2d90AF0D68,1
0x57466Ecc5D5C0B275e065F029c1604d83B81bf0F,1
0xD0060dbfeCfddbf14995288021C91AEA2Ee9abf0,1
0x1312Ae68f317C79b147FF840617618430F98569E,1
0x3b94c93C674E79599A6D50952fDbf2fd65466485,1
0x98488C8A8005E8cae743d571d2a0f87DB288Ea99,1
0xdD0E8bc42f6126D0D2585b4Bf07692D9B172Fc77,1
0xe3F34535F01342aC8145078551DA423795313Ff1,1
0x9f9f05D7b373B8EF57CC9579D0b54f643e1835e6,1
0xD574BF8c9b0716e6245c175D23696F5630Fa8C23,1
0x2De65707c9181d100dd95529c697DF125Ec85aA9,1
0xc96acEd04A221D173799b5bC795f615F450443F4,1
0x55DcFE71136578198452039E1c9eF781e6970AA9,1
0x526faC944AE89Cb26335770426b83f092128265d,1
0x4ae25A284b49Aa6489A1599242249EBe829d9cef,1
0xf97e27765444aEe8986fc70F43Fc9e64AE4bcE64,1
0x476Aa955410F186e893654c97fF90c1439Efc8ed,1
0x326a03E4cbf536FE3133F16b6dD45Dc3a5D9C411,1
0xc11cc22BF4E4e43bf658EA18b774E202a12b3Ced,1
0x9eb4F8a8CDA726A4452A5e3F11955fde6e3Ec54c,1
0xC4a3a02805B3dC4b5D0AABe74ed395Ee47473F1B,1
0xFE14E82a9ef942584CF9fe426Fc75556064091B5,1
0x85455DCEa704976273Cc111635eC62a4bfC2E8a8,1
0xC853eDddCE601Ab374D45549C1fa6568e10be39e,1
0x3FbB8A6a27F8F5f317434A7753677D6159b7D262,1
0x0CbCaBF9fFC5a53976Aa63F2bF092166B3727151,1
0x818f663692834974d5A9157C40f2FC933721bcF3,1
0xE303a9962753EFDE83F441090c6132370E00Ba79,1
0x7BEE10a601D3473C524e4E5E94f1DE2911f1Be12,1
0x56c202807C8caf656f6818cDC66C51fAf2eA1628,1
0xF69033e143bD9d105091bE5C142B2C6737d612A6,1
0xffE99f3b04567a3bc47C77DA483D3cB4F9bb32A2,1
0x78f9beCab83a79Ab2BdB29E63F863be0fBcCD0D3,1
0xedAFd47a87A652c260A1E851bbA65F27EA11189E,1
0x617Ad53A738EE4a678C34B98DC45605cEFf42519,1
0xad9379293Cb76A735149EF74d40486101D43d060,1
0xc07e47564822C953912c3E8a8C653BEc8A4c3463,1
0x3f57b19e454CEAdE4A600d48b83112c681d392C7,1
0xb1F62686850EE22F791EDbbb56609d2c6B9dE2E3,1
0x06Be7D7AFd39C4b8833a0B766D237b7bD8E0518e,1
0x4aa1f613e40272266dC1c376518a8A17A5fffc5F,1
0x70a7e66b50F4fA105D7Cce0E4D252095ABc2e57a,1
0xdC06D8EaA3dC6C68a447849EDF0897E469386E67,1
0x147490a4858b6cCe658a43E40AB06C34c79dfdBB,1
0xCBa0FD838E8132B7d542aB30a3FF55F3341049F8,1
0xbc45f249c6Bd4aF69E8658695B27a1A3Af936Dcb,1
0x2C457EFb9dDfc1019077F134E37aEc092b31c522,1
0xa686c4A2A4cBBCbd3da12AbFFe74B78f43B4A3f6,1
0xEc4fa3851b818A1FEEFBd96b7C446AEbf7ff23bF,1
0x4aB33a0611A44F2C4c5E5E2eBEE9373C82d8b9Cd,1
0x856d5B3277061A3C27bD0f1be6d3A148fDbaF42B,1
0x1517F73d1FB49ecB9f69256F325e9886F7d29380,1
0x913934612B85B0D591Ad2FbF32C3986142e9C538,1
0xC97E6DBdde0E4aFc0A8cFe4F0bC12092FbA79659,1
0x3494A89EA61EFd857B12918B9c7065F09375C5EA,1
0x0Bc03760C4902d6abC0a3cD052A5D52a02863de5,1
0xE796c8aB0f86d5aed8e74Ecd2F95E75c9aD54D8A,1
0x760Be20F0C6F5B81E1D21E4E44280CdaB9B3566D,1
0xDCD8f004272231eB3bc028350dF6943aC51eCeD6,1
0x69aEAa4bd9766C4dc63D38302B279489478c9e9a,1
0x0F32b522a8331890fD0d6Ef45b51C180fdA5EB5B,1
0xe473Ff6ca87ea054F364Afd7DB8B24393c51a58C,1
0x3651f3c4E503BeB23c8C5f63b23c589c2f9fA5Fe,1
0x0E7c3700B3ad9e741D787eC1dF337A6c71D45b57,1
0xf8D2c0A255910622CD1Ef6c5E82828759Da721BA,1
0x24D87F1C39102d42da307B44362df70E6eCD5f6C,1
0x96d2a8Bc5cA25B4B4CE4a11ecABD6076c038c0Ec,1
0x400Bb866d73696D193A90cE50B4f9EA2510a7A65,1
0xe747B23EdFC5484B450C89aA2120DC4362BcF68f,1
0x3297b474DfF0be10badBed69Dba7f893BECfcC37,1
0xd840552ADB9502F1F70d37B7f66Dc8533FcF666a,1
0x5B7D2BA411E629718eF51fa6670784D1d7368615,1
0x67CBE4949c5221bD0AE833d9223Af2F8DBcd7D5B,1
0x477E665eA49D49eBE1Cb27b668e977225563D9f7,1
0xf83228DFF1c1d9E7072AB88ECa2015e5C70E74Cf,1
0xAF91399E191fFEa97a574479f95c90896C2CbCFc,1
0xa056D660D21FF59a52e2d9Adf1eEfAFFAa875814,1
0x3D89D4245ee192FA05a80D2aC1782BC1C8f803D0,1
0xa29484d06A2Dc6c51D238C6ee2B76C4f1719f28c,1
0x3e7e835D416a1976547E7940Fd10b2239aA23548,1
0xE359eFF26068b6134395857DF5AE61eC1a3b5560,1
0x76386072cd36aCb04a67949833858B856Aba99F1,1
0x6aa93A3C851C54fE8b6C3BfB135fd64deaf2E752,1
0xbE738B1C83c6a1Cc96955Ed2d5C1b72a008DfE64,1
0x5f6Fc709257d5B456637a6cec8d43449372524DD,1
0xB7089487720024850FFa5a59CE12B0714AB3ddBe,1
0x952D909D81263a1ADD414384860C3751D3a8c3E3,1
0x054037C99cc64EBcf9EF6C976792638885B69039,1
0x773E38db30035ead0650B20D85732f1cEFA7A1fe,1
0x035957504CBC83b95C5A5821858368b1b99F191a,1
0x91D300c8977eA33D4D1C4178Cf8e339E8F2d0C3b,1
0x673737F5eFa441BB9D36F64ff80fb156eC4ea0a4,1
0xe147977c319fb5CE78b22447097b03B5C5191C6D,1
0x53e353fB64F53ca8158cAE714e6a960C0b1C7aFc,1
0x7589dc7D136f03C47794282a70E51af0AE4aEf6e,1
0x98Bc23814c99BA6eFcd2246ED81B8bF521B9566F,1
0xd9004d3a97bf5Ecb142a741cD9993F6Fe0248863,1
0xfc67865E1bCe3C4c04c6F932A92d842f4aC4F468,1
0x43e2525f1e3f07bC5eC02B2135D7B6EBb8Bf8310,1
0x73E4921E2EBA1568Ae7Ebd063817A1d9C52d01E8,1
0x68FE273EaEd3BEdEfa7a100A87B2F6f2b5159DFa,1
0xA5E93B96459Afc4feB5B8C2664483BE33afAc0BC,1
0x5D982C0722E152E8D5AD16d9186d86d9e97A5482,1
0xDb9A4082210Fa19fc76d18787a0cb35669445027,1
0xcB6755ecEcD0e4bf3049e1d1F86527Db6EDE9AAc,1
0x6E66764Ca073eE3bdB622a272730Bd6d2bA3fC74,1
0x20ab374Cf846bfaA64e5f37F85675bfB0C86a8FA,1
0xE709882e5F85Cea0E7c2fe4408951afDC89E57D9,1
0x1b6A83F6fcf3AB0879199350f4556AEcf42A6180,1
0x175d7aC3844aC969c1d17431E59FF057AD17Ee3b,1
0xF507d8235ec866CF78e5DA89e59BCf141346bEBE,1
0x003c9f72c550FaBB7ac70493d5cC9A4fe1702770,1
0x41d4a1444b457D211FA8e58e51f819d6C2A4fa82,1
0x4b5CE31DCE36E1dab6500366A55a1F4A139dafaD,1
0x54E801F18b21c4EbD18114f5F5fB06695246a9C8,1
0xc8431499801885416057D988eBaFa2572a425639,1
0x36E4272D906DC9bd50E459ab3c8D6935fa56b2A8,1
0x1FF54110f42AAD649cA5f32b750958c36504D627,1
0xe0fD74F55273C99E364C34369FcB291e7C1e4cC3,1
0xABc0769eF11D896A90d648B92B169996a6AA0BaB,1
0x0AA3efd163c945fa7e8E39F631a924B03b5ea2D4,1
0x99FDd2a67ba5eC9fb98f451F0e88d0fbEc1eE121,1
0x634F972165886D983515c664e072E7e5a5E6B7E6,1
0x47378d02AD49aA73DB8FA6f4fD187142da3B47B5,1
0x894C886De83ff96c19D58828F125ff31c8340Fd6,1
0xbC8Fa485caAF8e4bEbE2A2540eFE29731835DB67,1
0x0Be9cD8A94A328831B60a5245A154Ab23130E516,1
0x4D12BF0225D608Da08474B6C3149026632201C89,1
0x46eC9098eEA384c0F04EAe6b969A6dDdA378bcE2,1
0xDa85b72091828f7dD6b5091f9d90e2686F4c169e,1
0x560545E7f8A76D47056e3928abBF44D4432afc2D,1
0x84c9c7dc5091AD2cd6a196Cd86581D3A71D551fA,1
0xa758b893faaD655f6944277eb9ece3fE54820a78,1
0xEdb289A9e9b97c2215DbE512Fb16Ba41dAa205B8,1
0xC15e7a1DAFb9B56904BA559182667A8468825827,1
0x2fc9896cB056Cd3F28716Ada06e509a1C8fED40f,1
0xD131F1BcDd547e067Af447dD3C36C99d6be9FdEB,1
0x5135606856a0a96e8f50dd3d69b028E608663F62,1
0x25e58696FBC8eB88301Ee06a57f77d9f0715Ec97,1
0x85E66244B3e5817C338450e98264b8A40bD6D3af,1
0x656b51e1CEaD1d5C2dD64fA68A76aFB7eF91a528,1
0x50b7b1cA8ae1C78810F4255eB382e29322c184e7,1
0x07837D40f89eB13c4aFF62f20420129a9e92a646,1
0x1d2622961ef6997Deb6B4Ffd3a81627A3Fdc13A5,1
0x474c9250De6a5A24873cD2D214B403DD05B8025C,1
0x88E385Def57004Ec13a164F32C9E784594561072,1
0xdAE80D5547F5B9431829eFeb2f654C17FD270b41,1
0x6335308e4dF71222a06dDC3e6Ed41d6f5B3BB58C,1
0x6372baD16935878713e5e1DD92EC3f7A3C48107E,1
0x6C55aDfC84612Ba27E9548c78C10aB3dEaC6aFdB,1
0xd7E14e6D6C04e4abb671C0d02eA9655ea0a149d4,1
0x666CC1B2f91847eB2EF6bD3426a6822016B363CE,1
0x0782b1906A15dDd2E4e8d1553efb176F392E01c6,1
0x6b5adD7111100eFA6aeEE0e1bA676b6218eCABDA,1
0x7fD6ebAA0925e704ba8e56766e41Bee12Aa3558a,1
0x144579Ca8832050eEb8853e1A3793AC99F4b318a,1
0x8F70F795CA5ca5cF8fFc2E9d1B8B621c2420DF8d,1
0x808FAACb4a502060A73dE1F0f4B094eedbc60c08,1
0xD38cd7340281dBcA93Cc21C108F646D8626a03aE,1
0xC9aC1B3C8CF84C9E22ca0F05b8f771F0b640e0CA,1
0xA8f39d3EB65c3e6e81801C28Db713d686E411b31,1
0xa11240942f5A41b29405b62446B6DD7feA096419,1
0x932F7b79b3aC4D9aEe3de6a897F40836488413fa,1
0x47ea9e812f39bc26F95Cbf1fc36230558492133d,1
0x1fD9053c40351E83AEd0D7B1FD7ef3d5CCF13A39,1
0xAcd54246EDa0c5638a247C4717a8782c21497eb6,1
0x719ADFD5a24AFA32D434C1b425A6DC5791af0794,1
0xB5C9364e6BE9c9410Da6C5be314C566FE3821FF0,1
0x2224524C356B2922C7e15657a24C33881d199104,1
0xa7Ab74309974C46269E90b001a9a8858172a97b0,1
0x0332A05C57a3c9C56F06329fef7B12f30dff8085,1
0x68FF5cB5F3D1bB0E162978449Cd410E04BF752d7,1
0x0724a8f50e2a54228B0EB947fa9D561BF5BAe145,1
0xFCD179B74c53f1C43aaA830BD386bE978837D0Ac,1
0x705f66f3e6d808A073D96A11c0106FBc988764eE,1
0x32Ac47E55549d1B1d3dd5BEEa6673cbBf3833010,1
0x496D94F7A42E0B17D685E3f28a79566C5eca3A64,1
0x087edD7433202Cb1f1fA4fB0149ea10796a1734B,1
0x4662B891269e2196E67CcA73E4b7812dd91C7ae3,1
0xF96f6744925bc929d107a09E4788bf4d6b77D418,1
0x41ec28eceb137789032B2B505A57c1dA829934CD,1
0x7D39522cCe8312E29aC57DB307f93FAb57d810Dc,1
0xa15Caa5EeB9A1A6B9B2Bb439f809384D8036F1d8,1
0x317d447133CD4ea99A75f6Dc1eF21b523886317D,1
0x32B3f9831C8eDbB70d1cb542c13AC5dA0035A7a7,1
0xF4b40B20572D117EAD7b5ca3C7eFf7d3CBdC4067,1
0x9a4Ebe90967C5A3e4c15Cae6c14926e91A615C34,1
0x6CEdd78Ac46a71b1F944faa221af7AA010C99064,1
0x084cCF7fE5383849080e0bb4B5D5f6d575232041,1
0x5d1F4F1E99a9d0866Be15d7300b9ac2970E232D4,1
0x42053756c5654461DB5DA2F0bdAB584705a60f1F,1
0xd6656aBD7f8fb609045E39739bDA22673Afe2D91,1
0x9ae208455eC2fb251c16BB3895425C78aE60FB91,1
0x228b1E6E41189F3a66A8E4e088D3bbA9AB5de5fA,1
0xaE21A3B475a5E6Cdccf389ed81530e1ee3DA6464,1
0x1841Aa56dEBA1e83425791FbE827B0d6ffb03E10,1
0xAE80fDcc486e493eF3D5bE81Ec1BDc6C492C25e3,1
0x272034Ff890C1cdD59606aFC50798459694e1968,1
0x442f7980DbF32CaE7C8E5bF11Af0F252F5bBee5b,1
0x2E424C44266713c829b76f34171660B98E8f74ed,1
0x078A0B6D78D6Fa119655Fe6a1b7c02Fc9dC7FF73,1
0xd2e44E40B5FB960A8A74dD7B9D6b7f14B805b50d,1
0x437e76922a42CE2Db362C745A585f4d54C357593,1
0x4b12c81612B1ca7675C3abAF2b1b5f493e6413A5,1
0xf775eAaa6177d7852FF40e14d6B1E9b60C0a5C3a,1
0xACa4ED4BF5F8644B494814B1A29B7cb392B9F216,1
0x987C1fF036e490dff3Ab9ccdC8AF1C0072c9BAfC,1
0xa67aECE985Ccc3DF79c8C9b00c301f287F6aA540,1
0xaE524FBebBFe94311A2138270B0389f1021840c2,1
0x6268BD2ff3618C101f723fb06E3011cCf84BA5Cf,1
0xA069F2204CAB4862c861925AD40b113D158A5E2F,1
0x953d9A5A14FcD2c9856f9bF9f0aFca955C68041f,1
0xb7376B6E074B1F2688F7f0dc9F84d11aea592755,1
0x9e61e3aEdf6417c36d8D39Bed3F70385791bdAB2,1
0x6E3Ad644a9c50aD961392c0A2261f397472F4884,1
0xBF1f4301d06E0106b22e24CBbA651D790D0638c1,1
0x4eC737D7eF9739bF9Bd0d0722f13bd2f09D6A950,1
0xfefbA63bCbaAa60056Bd095e75c25918f7D7e4cd,1
0x006c77e68d2cE85db549BAC376b4C7283A332447,1
0xa81698817f79d2894A5EE806d3634A3811C6abf4,1
0x05F761AacD63e4e96Bf98f0fE5614De5Ba90856C,1
0x0B410fd2c7B7C33e86A3705079B4DB876D51b178,1
0xe784B14DeB9f925030086cAf590C61C6d52e4dC0,1
0x8E6040f2D4C0B5f10862842443106284D6De90a9,1
0x37642f150b392cCbadBa784e7941e58Cb109B639,1
0xe324c2478a8C2CB019c32609d60691f2fA362F0b,1
0xf356269d9Da0fB940FdE1CE06bFa5b588d793D92,1
0x665e340CA9b29cB3BD412D69CC73F9513e2D0577,1
0x1fF6f3f1873230d20EF3A9d9e85CA64F4421F7e0,1
0x7FF7Fc81303e12Ea9C8A81358c4E2e6696f2B3A2,1
0x88e042ab5F7d9761a2706F073aA4b23e1C4a1DBf,1
0x8A841c4D13aff60152F3cCecc055F2482390547d,1
0x904262a3cac41bF5B319D843E09C6e7E557f6440,1
0xdbfEaF48cBaD9b9B9AA3d46642c8cC65bBE73E88,1
0x1F809a6131F81369157567062D48aeA6DD269E18,1
0x37e151c6abAEF35Dd48190f047F3ce7C6E1cf8e4,1
0x174741E6fe37Be856700619fB90bEF60682b2b23,1
0x82e22104Ab02Fc7f3fEddd0499e1e9aDb9a3Cf06,1
0x962820F5A960989b8dD9230a6B0bd1F7f8516Aa1,1
0xf66d4094d0c66fC43494B453008f6853b4A45c89,1
0x66D071A20d7942767739BBca130E08e4848D12Bc,1
0x650DdF5D6737f94eb065EdD13C138c53bb8Ca09D,1
0x25973e9B3e5bEF3258ae97e0e6A922b37A1456d4,1
0xf4e7E6B600286fFba8154F5125420A0F78DB835d,1
0x917b4B0E86fC7766695095dD1A5292B3BE8b2D14,1
0x7aD7C0133587Df970Ca27e3b635894d814E9C5D3,1
0xf433A14Ff2a2D0bD72adB6a638E87FdcFBC62bC5,1
0x7149cBE06884A679712Cd2e1B0f73a4274dce274,1
0x5E32aE3005494fbef4BFA44d147fD6986EA48447,1
0x089d0D1A4e7d02886667Db6D31E195819CCb5Ac1,1
0xA782D8eD68bFf68D60b1c7624B5Ac80A8abB4274,1
0x72CB40A11781Ff0149abB55a1AdEbE2407575030,1
0x99133b47b92a51CC32BEb81003e68FF1dDdCf061,1
0xC5887bF0b9F5bDafF1C5E77366486FD4da8332e1,1
0x613CaB2A89b9C990d18b14c3FCA7b384aE2CA1f7,1
0x8943b6c8c565a4a50cdF14Fd1BA48D633ACd1543,1
0x7145dB2ae1D565A1D121557E2DBea78d70587cc9,1
0x31F7Cf998Faa90B8163926C373C1086607EE8bC3,1
0xd44604244074D12025f5647D237E0BB21F44a9D8,1
0x45f6D822f4Ca03F53dD70AEC6FE91c30eb93F48a,1
0x1C557EF170C9e60d6cBeA53dAa2876a55A4F7244,1
0x72bbF491c1F4bB264668973666e6EfA94214F893,1
0x2582Ee6Fcb829D76727d7f20b942A4Fb8B74Bd58,1
0x00d4359E5177D2F13488Ab5e335cA932cC02C2c9,1
0x714408B699193f7da051729c2d277D6F07FB6287,1
0x566cc9880795f0299a0a2d6eABbb09F86Ee392D1,1
0xC598456D6101723B2f8FA5F8fd21b929EcDb5D9a,1
0x38d8C49C3dA1336b93f3b2cEdb7DBE5679648c4F,1
0x1eD90C95Ef3B632De16756d5c3aF1F44572EE9A7,1
0x494a38626ba7C9f73A9c9bE964cB3F9B323a24Cf,1
0x351852CE4Bf8a0ff1fC7376F375439D465e2b90B,1
0x877B37D3E5467B4aAE7687Dd3480A46C8D3e16Be,1
0xAC1281Db6B2D853F01FD1fe85cD6d6dC4096Ca7B,1
0x7008217b053f6234907efEED6707a92D60A45221,1
0x2B83F654B3aA613D91a49fc323EBF8edC5592734,1
0x0B01168b77425d8a4Df02F794d2ceD416EC6e7d4,1
0xecf056bd396e62F3F5f863697ee0d7003a642CBE,1
0xA80D8F033643be6b0C26d540a9B10c43310DcC61,1
0x94Dae66Dc1d42b18CC8f5a6a288e6004EF1C7C96,1
0xd9433fEB77953cF723f672b1E1dAf228AA3F55ae,1
0x1772ef83b2279a672154476C8fAcD9f2196d8dEe,1
0xBe5cCb96dD188D8FD855C08E5090b843E40939e1,1
0xbf27b2149836dA0ab4C58B7B9b315FDd14Ed07D9,1
0x40d5CBACf037D5C100134e3A6bA2Cdb871538d5d,1
0xc6F38CA3B9F12a7C9B17c6d8E832779adC4F548D,1
0x437D1Bf1bAaD10B0e67c36165CC0893F9552247E,1
0x9C01672bCA7C85b7D0422B8cf93A1D4794DbF08A,1
0xa807D962FD2860dC8D5c3DCa573fdc4225CC22FF,1
0x69E30A33c7fefCccA2aCeDC84c70e40B4B47C2d6,1
0x0666Ad0a89C63d6a402277FCa0f90eaA16883e09,1
0x3707ea13530C80DDa2F94AB7B012532E6328B1A9,1
0x20C8b516e11bC44DeC6Bc3AD8f1c36bB26cF7F35,1
0xBC710cFc60d2fa3A213466fD393276cfe086effF,1
0x7a69fb16360a9E86508Fc46194813Cd7ef35F0c3,1
0xD9A8D4aa2B5F012ab0ECF50B5dA8A55714CBBd15,1
0x1A5B9A64189F54BBD3C01335e60C56c027fCF633,1
0x4bd78324Ba5a88c8b5eC40C44b9AC33edF4BC4e8,1
0x2E514978a84227D04625D560da4D33f09343D122,1
0xc4Aa498De47b3591fd889A349dA1D4aD87D0ef19,1
0x63b6206f53954E123f5dB5284Be4bf416Ed56137,1
0x6bE6C401398F5578E5F3c494008C44dB7DFdD29E,1
0x4c1eFe9Cb913fDe7C5E9Cb8DA70bd7fa3100Ec88,1
0x5dB9e26D5035C124a9b7dDdD545Fd60C23Cf26D0,1