0x6fF5723435b7dfC2371B57Fb5cB4c373E5995C78,22
0x6fdEB67296A836BacD8Ee47EE61ef836a922809B,2
0xAE2a7feaa6B10F5e5F6829A8017656fc35CCaA23,2
0x8e77C563c2B2F35cd5560828e197E4eC57556687,2
0xcB305e31d605dF759728c7C431fefc6E94E14710,2
0xB6fe1d4bE26159715803Ec9929244D8B2c1cFE9C,2
0x878C698e4bF3940B7432A2A2782a95C243790aDc,2
0xB3C79fC838F653c720b9A90145f51329B2a90De9,2
0xfCf12f8B662f8fdc5feA9FeAc25790Ff7Bb9aAC5,2
0xe1FD3A4ac407De17391a69e2484832cEAb06A438,1
0x47378d02AD49aA73DB8FA6f4fD187142da3B47B5,1
0x03A507043314ef13A83aFFFbAf15d89055F64666,1
0x81776af2Cc3A879a27B48b17076AD3752F99d746,1
0x143c7679008720AD952F600d84A024a6f4695c97,1
0xbb0B83dbfecCb9C36Ac06533b3A29822Ce63c8e4,1
0x13ebd3443fa5575F0Eb173e323D8419F7452CfB1,1
0xb5026494ea932cBd161c46392ffD7A2855Ca05Af,1
0x84E42b2f03Bf1B78cb17b0D9eCeab91534d94137,1
0xc191a29203a83eec8e846c26340f828C68835715,1
0x8c72489065E15B9d4916FD97f861CBFa18862DC9,1
0x74d4E11f14740f5BE0756C6fbCB721b9454C6b5D,1
0xf1c7028A56CB8402c31F98334C350f82dab83C0e,1
0x00682C5BFA15039FE6FC90dc9eFd129e758319d1,1
0x42EF487f313b14c084fd902Ea7bea4b97190D6e8,1
0x07a9eE7842552E6cc924D9cc7590d8F82DF7078E,1
0xB24479d193064131b8CD51AF1C41Aa13f7860b23,1
0xf3284a18B5BaaFcFFe6E0635F5452F7f5a2A7dA4,1
0xefBEe49244701f596E49FB649b46A8853f085020,1
0xFBE21b2c323219a79b5FEe7dD4d6f5cA8a92BAE8,1
0x1D05995dF87EF51727cb84F545D87Ba031Bc868F,1
0xFb84B76Be13A6c04B33C6b52d3CaaA3597Bc12c0,1
0x758597A5671231211ed2DD13075c2f66cFaf4A9F,1
0x1e3E7363f3adfe408D1F44b98845De6a89e04A35,1
0xbEBDfD8683f88cEB04C2D8BE56ec244106c0d8e2,1
0x1b05F4675a627463a25434b8fD703536f3A840A6,1
0xBd71980cA03FD7d5BA9792730C833DcA02875e26,1
0xE87BcE6e3007D6BeF420462Fa12F0a1C60cFf080,1
0xE4055766C1C2dB0685DF29808012E9cAA1428826,1
0xF161E1Ad51fccD598e5C44a536F6659f33D6e0f4,1
0x156AC784BaE328f6aFb6403460145BA8B029d3b5,1
0x9cA112f13f5F6621251aF6F7E841FB3c6cFcF509,1
0x7f4071f7C9d16B1467E178bc86C602a7a0Eeb85D,1
0x20cb97EbC067bEfc988C5E2FBB198cd9E2c40c93,1
0xf977031f2558b8D2D6576CAB0E1b40Ca8375aA05,1
0x5Fa6B94256251EB96aFe69774D3Fc658f9e6AdE0,1
0x5Bf36c14ACB0cea8C905906E101ad243472a67DA,1
0x568c34dF0919a6bB9b12585f9Ec8CcF434916D64,1
0x47e858bC6ac9d8D6617CC6B2D263ed38d6b9aB0c,1
0xc3914B5D44eB453f20c7FC215979eD85672CC596,1
0x4E87E6e8b8708d343a8030b496c35A56F8b16d8b,1
0x0945C91D5DDc3CDfDf7FDD45deD0746D0F31296e,1
0xC702ACCF44649Dceb7Cb71dc06086Bd56Ec1bcE5,1
0x0209D2271B607d992c558f421f77a6022136e4ce,1
0x31C0844C8e56eabBa4599A455cD9f0bde80ec5d8,1
0xd553Fe129584198F36DcF6e54Cd3176Af2d5BE0b,1
0x9709a59b7075f9fe38Ed232F067Cdac33CA2193C,1
0x525320d8712AeAB3f3FC6195102ABd477AD998Ff,1
0xf838055D17759a9Ba621F9BB9160E76A0Ed3e279,1
0x966DBaB588fCd6beb3B4E308dAea35cbeD9ebFA9,1
0x459b778DCa127Cf4e7EA14e3728FFad8394Ba44A,1
0xDA9EE8b143CD049C91B390aFcad2025F29238190,1
0x57b9F76Cc321DCB62076dFfeD1fAB736161aD1b4,1
0x9A0fAD09FE4eFb7Bfa3387CF548B1c5d023Be8De,1
0xeB94Bd011F6b794B6C846457b85Efa895D2DD744,1
0xAFE2b51592b89095A4cFb18da2B5914b528f4c01,1
0x4759A22AB61466354410519924f67023646B555D,1
0xe48fE6012f97b6A13C0Ce5cEF314cAF66E972deB,1
0x8Cc55149aBAF30236FF97a9f2A0EDa6438263E65,1
0x539909B48DD9e0651982159434035817debBe54E,1
0x828E6FdA8A4975Ad8F4b73f4e764b1Bc8F123c50,1