0x6fF5723435b7dfC2371B57Fb5cB4c373E5995C78,50
0xC06d834FB0cAd4C7A3aD1754E42F938A6DDbC2A1,10
0x22E5f91Fa0C0fF4654D22219d0707C68BeF8AF22,10
0x59C5EF981ddF319e7Dae5328B4f54E8D1EA1d430,8
0x8Da8a63717bfC7197DBAfef29c6a379dA6F9018a,7
0xB99623802408c30Be6995bd8ed0f198Cb679b837,6
0x9387F71F3928ebe9cE8B3D8cF37a8FB52739aE7d,5
0xc4DA6319585Ff59912013338108ca895e48Ac733,4
0xD2602C7bDFC9F413974e944280BbFae275d1B1b6,4
0x98D6716059fE3e1B8a0808d85FE6B9C5795B2E7C,4
0x21E723f7FFE168f9B4D63Dfa4fb469E44A3BCee6,4
0x156AC784BaE328f6aFb6403460145BA8B029d3b5,4
0xd553Fe129584198F36DcF6e54Cd3176Af2d5BE0b,4
0xA2D35E418814A8b6367c66a5ac2FEc8ea16332b2,4
0x6D67d7C698206857689de8EC6621d60cd6A1D79d,3
0x525132158d6966AD6BA7b729295a73616a8A06a8,3
0x9e602c1920443F01Cb100a57A7F894df8Eb42f66,3
0x350CeF1AdA280E63fB62bBA4952ABC7c98aC215c,3
0xb0a8B427EE85f03bfa78D278CCe007Cd90B31AAb,3
0x30790ccD8d366552484a27BD0f42E9c980D1C3E9,3
0x38afAEdb78E2A0018860b06FE231292184CA14c3,3
0x25A04Bc7379FAAbc0bE0421DA74191ea51713c8c,3
0x7B4D11a3E5eaD71AD66fD70eff0Be1a5DD09336B,3
0xA200369d36d9a1040bDddDf7F83995220E87211C,3
0x35EFE6F151786f9cEcf8B952f09dA4F50573c8Dd,2
0x1341df844780b66AF4ccC98Ae0F34be87eABe1d5,2
0x8b2244bC61c64c2F5BF90D43C3B93ec73C786E3b,2
0x6aB3CC188599Ddc67500e4Dad5f435598Bd2f14a,2
0x161b1d3aB6cFd2b9F42Ec758FD5a9CEbD0808952,2
0x5C72B98aa0C0fEe089e7bf4019c509d880E4199b,2
0x2Bf08f2E7bf56A5aA496ccC0D71a1D86e4b2910a,2
0x757b8564088F39e235e9E5FB57c6FEf37bDD2506,2
0x999b98242f5384E225a02aFceBb5Cfc817559e65,2
0x03A507043314ef13A83aFFFbAf15d89055F64666,2
0xd8aAa186db7214926cdD4C8aB5Ef1d919913402F,2
0xF37A1e05106bd964E5095B328D6Ac5629a1f6b54,2
0x45E13B5680B07Cb88dC5781Dfb79C66e4773E2E9,2
0x5EF2CC4726691F9B39183579DC9D0ad3b2E7ca0A,2
0xb0C0f73f84CE7355E755846C123f0a5848304B52,2
0x97219Ef57A528c1f28A07A8c028b13C25464AEA9,2
0x658191594cdA88744d8158813029420dcf137A32,2
0x3e67E9c147Fa18dF710199D329F46bDaab128087,2
0x7a0FB632f86a8C8236aC8960b3a9cada3e7E0B30,2
0x6cfDFDDFFB67B514C74daf5862d6bcE7d4D78fea,2
0x71b14C31c478cb346FD13B03937a1597842F90Ef,2
0x97373f01220E9bb5Bc7c0B59b929884ffdea97e8,2
0x5e158B4457d9f5e34fe03DfB13abf5FBf489fEF0,2
0x592fD5d5709baddba2986BFcD62995F45E0Ed957,2
0x43e65F8116174d1c38Eed3545d21fC37ea34B565,2
0x12846A6Da4e729a6B5c33d32F93bf52EE3CAe8C3,2
0x42EeD31a8BB26099364b301ae087ACFB037Ba864,2
0xa80B9CBA10e137CF1279128523A98430B0f30733,2
0x35D656440B4CF7281080314D0926Fc61144a80Cd,2
0x37Dd3F1443cF3783AFa577be2C26CB6A0632Ed6D,2
0x91628188530F7B93919C81eb4D5dFE9D93ECb5bE,2
0x1Ea8544Ba9d0BE1f5C6Ef07C05d63B5726700E22,2
0xe1FD3A4ac407De17391a69e2484832cEAb06A438,2
0xC4d9b526ff9F1a1036C338991CcCe30587f64B9E,2
0xFcEf4d87d1D2a3b99d55D31d46c97170035bA348,2
0xFDD867CC29822F89194F0F9c089f9903183d5423,2
0x6c543fbAfc5A4dF7B85ecd09fF5eb3B5Ebf21e5d,2
0x2e7735AdB640c4A1f6C72657c66FbD892D487d5D,2
0x2D1fC47C4d6Abb030014f68fad23249257F73eD0,2
0xB6fe1d4bE26159715803Ec9929244D8B2c1cFE9C,2
0xADE4FBED97eF37F3BfbaF36B575a1B114DA92155,2
0xb2D33d830cC7a56c2C51002Ca75039117D449E2B,2
0xAf20c4f8bF47B92BdEC0b9d85e44490eD1113C21,2
0x0a3251236bCA4Bc62A7a1009f4fAf6297a9fc8d0,2
0xf1c7028A56CB8402c31F98334C350f82dab83C0e,2
0x51818b30dFD5D880e6bf5800f258E95f81FA1C7A,2
0x72ecE0D43F92dfDa600a880c51b8c2e1340654B7,1
0x2E588AA11dc6b426aE3C44C03097b5844662A2f0,1
0xcf09d750d1EE4B9E7B124258E39D3ab08D247475,1
0x2e74d90e771fEB64e7E34575F1b5A4A56D844258,1
0xcEFF52BaD1AFBAc4F8cC5546c26c9508362eddfe,1
0xEC4A914814710b5A842320A2124E03B2FB87a6E3,1
0x05427c09De33ccC5732F033087eBE08086614fFE,1
0x112f0174E51F3039668a9df8783451772EC9DdA9,1
0x08FbB279E8F9db67CB6496cC7a3CF9E539525E20,1
0x4E87E6e8b8708d343a8030b496c35A56F8b16d8b,1
0x07e78Eb772071D93234DfE3ed489e900dD241365,1
0x99344B575b83360410a0E4dCe75189EdECAcc824,1
0xAaf44f900F6f8431530Ff591c110613d1bC8c876,1
0x603605EE6BB1F996216B6B2a039711024e3d8d75,1
0xC1a59841dfd2bA17e4D6526d0A0b35EDB6159163,1
0x5bA4Da15602257E72e7c472dFf7e0C541D7D0BcA,1
0xc92a8Ae80B9676eCB816e2864f33b6e0639B2060,1
0x33372fb9EbD6E6AEE0A29FC674A2bABAc707df53,1
0x9693200746C056Bb3E548B6A25c5Fb1d5db2d874,1
0x40594F31B9F2939851fBE64bFf6dff996c75Fbe7,1
0x5FE922845A1F2Bf90289cA3609D6285B48B2bbec,1
0x0fbbbe5cA14d59e4042F9A54bEc486D955472781,1
0x02227650d4b5E04467550D2646C17bA6EA180548,1
0x11d373672753c18059fb021DE4E0Bde2880CAeC4,1
0x97538e1a3821f3327Fe2a2fF4993f3d154f28B01,1
0x3B981fA5dD50237dAb6F96A417A6690B6f20FcC4,1
0xb967688619d045B4feb7134ab9A72E66Bb900F11,1
0x22c9783EFa52eAD1208f7F353226588C9aD6c5A3,1
0x741457F25F8E13a8d8fb566646e7CCb8EF1607fe,1
0x8D198FC0E5254cC969B955A5718D05E388150aA0,1
0xe854E410fD76aba8Ef411724a4624E176aa5408e,1
0x8e1343508cbA64EB1AE15C17182685b4e38F37e1,1
0xaF7a97a5DE304042478e5Bac37b43cc2fcde622b,1
0x0c5FC2971D6234A6f66869c6Cf9b3e1F1cA48343,1
0xbeb34519791B50a44DD4a485dCff092ccfF7CCD1,1
0x4ab4Bd1C8B0DF38A4B38bC19dD4D02068430b722,1
0xD593be7D470Ba396c180229308EDAb4e60b98479,1
0x1d572a34171586D587d12Dd999d18DB8b8f7b2F0,1
0xB7e7b0bFF7e556d033675CaDdcb496f44eFaa14e,1
0x11E14b7A383F3D7B82dD63da8f9B6B4D6c392B6e,1
0x31379BD6b356CfaB504D6097395112f55b3e04aA,1
0xCF92C29Cd74aC91027c88D6290697953E0489087,1
0xB479cEb3FA4eC82E4Ace4b54BbCfbb9B3f7d8665,1
0x17A7Aaa564511583E67C0A85DF4362745B2984bC,1
0x7Bb9dCcc97052dDeF05141897fE8313fD4ad0418,1
0x10D9A274C8Fd85B9C16D57ae69ea7eb0A72f5876,1
0xec51ef3a781D2f32A3a42Bbc49DFEB7A79A871Dc,1
0x48b0320c7E9Fc671841a713156dA73df75765c66,1
0x1D54eE6c2e15B168F35a578Ca2BCf49F6A46c473,1
0x408570441054B712a9F8b4c96101915C75e3f044,1
0x3CD19b965212aa1abD650c64444C4A06Ea645F1a,1
0xb6571356D810c8aCbB0F2Cf647AF9D8dABb6E563,1
0x68042f47345CEEF88C2CE04c3C1216b7cDffB123,1
0xA245363016DBeDC79b3e80442049Bbea802eC535,1
0x533230eD2657e7eBA5AE94520fe78955a6548238,1
0x20ba40081ee0B8A80D075A167436a80242df7b64,1
0xFCe600dB2b8de9a6b5AADee798170bc8e4D993c4,1
0x7bA5009EB75b45438630d2Cb91cc91d21eC7385f,1
0x9A8d4b0F5Ba089A03e89DA86fc4D4DE7BaEc40f1,1
0x79C9c4430dD3c7c8E486b23E65Eaf805b64Df50a,1
0x7450205834164cD2FE5725bb00A416D5B55A6436,1
0x895d6B151700B7B2a2163a695E24742a99C2dE28,1
0xB4c5efF3c5FA2E8c4D9B42c347AE8971D90E69a1,1
0x8a050aC45969Ab8CA498F4E9840b7E9D9Eb8AE1f,1
0x7Efb5d84D5b91A1d548A2f51036ff48398e9AB84,1
0x0EcE0B0508632e4BDe2A064b4855A5B3f963A093,1
0xc716045A5cE81FDf4E40515713062d91c6619ADd,1
0xD2Af694093324Ef79359Ec0B502DcF7f33A2e60d,1
0xd1F4572Fb537d1dE3722F263844Ce2aec6dA472e,1
0x7848C2D074e2F74D9aBE2C284aEe5F8c997Eab58,1
0x6186928DF941e4d3fDaa0d9D37e14Af32e4C53Bd,1
0x857F601b13dfca6c16BE9a712352cfcdeB96b55E,1
0xAba9FaD0213774FA1E58dc1eAa1417394f748a0F,1
0x2f52fD101A9d766A87B3b241Ccbe596337310761,1
0x2B31666c2a9b9Ff3cf2dB66836270da23120d9d2,1
0xC3EE19826F13b3509c8fEDcC5576552c36dd74BC,1
0x525320d8712AeAB3f3FC6195102ABd477AD998Ff,1
0xEBe910Fda39e33a866A1eE7DE986D843158AF88E,1
0x79Bdda65C706CBdA69C0AD4C8da1d3e91724f48D,1
0x6AdB5efcE02895c94f914dbA684c1d6b691D6E15,1
0x5f690790e3BEA9B2DeafFBc569a8e35004508029,1
0x1e9f7e255F5EE76241eF593b390fFe87FF419079,1
0xDe84399fBdb23E8E8f4c4fdC47Ca5c25cCaF26f4,1
0x2D7Cd1Bdf1d1A03461687F9ac1Ea54E653214Be1,1
0xB5E325637C02B9105D46F1b16be2Eea7B2CC2a37,1
0xa45d1e5AB69874395585D28EaD44bbe53be1eD11,1
0xF8613CDdC962b2Edd5d10cC6feA6e7CeA7A2F423,1
0x30E6eCD56E30bC3d6C1e08E0f3d8bc55adc32Ffe,1
0x47ea9e812f39bc26F95Cbf1fc36230558492133d,1
0x83bbe9CFCc205bb8E53cBa0b51d6db9386CE58B5,1
0xA6703cef72eD7536f6648BA375eCF71DcD25d641,1
0x199649E69337fd28A3fe5616FC111d665a75640a,1
0x05431cD62F011Cb44Ec803Fe4AC96FAC651CA494,1
0xF87Eb3A8457Ae4e42AACE1733FC321d9D1A10678,1
0xA6DD08C2837d27049AC3BC73693D3C09a64Ac41E,1
0xf816433683ad38146AF38671cFE07eeF6e79662F,1
0x6372baD16935878713e5e1DD92EC3f7A3C48107E,1
0x95340b60C91a377704330B72e7E68954f22C66A6,1
0x49BFe8E45d9C269e742fCC156fBa0719189E40C4,1
0xA1Ace6c87352E26aE8Aae4BC37F0a1c74Ba737FA,1
0xA772FF0D4D5A4D46Db6495c22Dd8fC9f29BaFDfB,1
0xa758b893faaD655f6944277eb9ece3fE54820a78,1
0xc28f5789399f41aB981Db01855964A9543479183,1
0x515A82d709747b49BB95BF4A981D2d6a94a67FFf,1
0x2c2264a7EfF97E65B77088E79c778D10Ee7d17aA,1
0x46659AaD6ddd0b63395D800200566E5DE4Ea9dAd,1
0xDbAC663A283E4D739Ecaa4CCA9cf39649Ba1D0d3,1
0xbBFbd3bdE85fD1BEE8163751fc997CB3a41C2eAC,1
0xBd2bA1ABa81360596DcEC2425C72d97Ba2db535a,1
0x7Ad77F8e214c01bDFDF5762FE93AB29B03683c9f,1
0x6A1Cb062ac1A54D1E2BDD30D7Da9C2147bc097eb,1
0xAeAdc4DC6b1DB189fc4b2C53Cf09431DC86D1eC3,1
0xE4a9B34921Ce86Bdde9CC2C4FD39ea4fA9D02856,1
0xAf72E36d1d16aE80b6811a99909cb92396d18777,1
0x7907d34A4697B7a1155B289DBD9aED25793CAF01,1
0x78B061F0780cceeb7e5404593c504B848D2E9778,1
0x12734f36E365ed769B16b4157e26B9Ee7180E8CA,1
0xbF5Ac243dB0DBd0735CbB7e5754C72c6e5eC4442,1
0xdED77410241c3bCC3997C1F92ad622b9eacB2c6d,1
0x0ff33fE9BFd306B4973d94c5C02D43fd28fdCae3,1
0x398f0d4d479BCD7743c21D51125C2d4ceDd12B93,1
0x0b153bF555E81362169EDfdf83e22453946fC724,1
0x1E72a2576289D1cb77F1523d06cF23284601713B,1
0x1fb7D2BB6b5fFf5F73fFD026266554F11FfDb687,1
0x766d0Da1a514Fe0c095D11C60b3E22d3fc830513,1
0xF9287855066fD96C8B6977987E7aD633749f74a4,1
0xE261732f0bAEF944570eb280cd7EF56a102302C3,1
0x78Ac1e6c58FCe2aCdF77de1479723D232B773278,1
0x377e17d979bF029f8D09c3239108c4B775E48182,1
0xD9955789F7094b6C0BD5f7E7aCFB046520A6a85c,1
0x89F32ef6dAcaab10322DfE32817d41fAf85E54b4,1
0x246c5c562D3924dC1cA4fd2A6d1e68Dc8ffFEb5d,1
0xB8DdB7A0E0617C530a0dCB6538Fe28ddFe902800,1
0x64Df2eD136Aa64Add306E8499324B243861a07ce,1
0xe184a6CA86BD604771B77558a49881f8b3A73699,1
0xC0eC71DccaCAd31B277b7d943db5662e23D392Dd,1
0x5379F91e094c1c87ce71752Abe74b928C7d4056B,1
0xCE436E5B28918Df04ED04D14B06081797e31Ed77,1
0x61776Af4bc5b3FFA8475b784aAD9ABc8B9bA85df,1
0xC34D931CC6290DaE177a6Fc645DB444a132A442f,1
0x513b4Fb84dF4f8E05C05cDCbbB8D04c482ec0b4B,1
0xF196836B53E8f03E32f5186C7909aCbb8B742615,1
0xdCAd95C9894d80fB30817F59e7619Fd9128f64d1,1
0x3B3b440f3B5a9c01a4C1213932f790E973B46EB9,1
0xa48cD684ded1EeE3dE13E052BBdcFed59558a1Ca,1
0xaAFf1eE99C147DC7D021BFEB49439100ba295FCa,1
0xccA554D3a5AeBfe142Bc39D19d72769bc3Ebf1B5,1
0x0fb5aC3b10BCF21BCd701Dea5f1dD01312b3c7cf,1
0xfB3ced44B94c012Cd52f783E2b37Ca9f3a994b0a,1
0xA391cD2337087949Ec93dd99B3c817a0c5b17a5f,1
0xe6BD3781Dd984c221BC357FBF071fC448cdCa4a6,1
0x338979ab2128Ee68205fa032547BD72B8Ba7b8c5,1
0x7c96d9887ef2668BD26136843904e431ef6e3d30,1
0x8EE9BF9Df34aE86F00499a4D4A19188d8754d53E,1
0xCb28bC0f95988E8A54BF6FF9C20d09b1A66cFC00,1
0x0BbDE37A5B38714164bab3A921Bf485D69F1B2cC,1
0x54cF78C31739B97F87381b19937d13F04DC9819f,1
0x240234e05d7fCd8349dc1aC7d0Ecf3829C4BB644,1
0x2462F984D78D402c29305146999371605d1cC5DA,1
0xe5b0f31b041E7730c3f8AEf407B0B4C0633EE4eE,1
0x63c4891C56eC141C25C1Db3e2ee07f90819a8062,1
0xa5f146cBd3eE13F482315dD0F873c2bFbBc5F2C4,1
0x6B39033dfEFd4e74267aCf521b49f3919093C91C,1
0x6a93A30821F258c8A2eC0Ba07a57c97BB7198AA1,1
0x86369231aA60Bf04b6b66DEf20f38c497e46Cc2E,1
0x2f6B67A9E7Ca9f025b786e455261EFe3C65FF7E8,1
0x19655b64BC180742F8CC62129D2B29A4b76897De,1
0x421BAa8cA5A7E3bb4fB1963bdfdD8CD3f6fDcb69,1
0x6Af1c53a7c57269a7E0D35871147488F673CF419,1
0x29168cce1A88138e9cdD3aEb509F1DfC6E21a857,1
0xE9907C1836f9C86572D3C65544568CFe16660e81,1
0xc69824336e85FC092e0352bbf8b03FfFF040B9Fa,1
0x02c523A8a66dfdc5F01BE54f269d9da601c1229A,1
0xE9D9B32796de73b45b5A5c97748F1E4c0Aedb0eD,1
0x5272DFBea5AE4dD7253017D564f81e5D59Def961,1
0x2b312E573Cc66a6fDb4AC527358b9F59195A1126,1
0xde6d8c8A5fb4C7Fa0bE232de2311Bae35373a379,1
0x3008087707330e3b85D61B6972934121aEd8E6E1,1
0xd6796E2bfA4D946b755774d96bc016b7434556a3,1
0xd77377D71eF1BF732696fFfa35517fB7990E99Fa,1
0xfD67c57C5eBB687A9fFd0Be8f53186C745a898C7,1
0x31819CCa344ab147477b5E183967390c1AC2f024,1
0x1a5E346b51b7201565EcAB277d208f3E1952B993,1
0x12955e2112D4E7A4eC55dAa1c88B01D2Ff900682,1
0xB22e87a1162A5cC1E697159E8AEfD61f623b2786,1
0xCc3C96e77488DB131b325eD183972Cb8530624C0,1
0x0cD26F520efF90b64C5cBA77111BFFDf56927275,1
0x5ed035a3423B8C5bD4282346942bD72ed45FE054,1
0xe5A6DF02bA73FBE067f74353d6E92078785f38ed,1
0x3E9Bf101896A0780E53C4B85D6c023165e36c0bF,1
0x0600A1976Ceec1EB579839c150E5365EB1C22a64,1
0xf03AB95a37D9566B6dE55BC933AAc30157c75295,1
0x32c30B7254b3AE234112abBcf8c86799bf02d926,1
0x6875Df488740e7c65819DeBB4F6b3a7297326d27,1
0x3AB7Eb31cAb4C5E4B0fBc978596577903e5E5a6F,1
0x775e3c7F79f9a9A00E190B9f004cfDD2ADc90C91,1
0xD3ecd5eF20567bC6277E58760D39887eF4c4Ae1f,1
0xDb5B351AD95FE5e852748A3DD44C963093BC9ceB,1
0x6107e830BDf0a371c141Ff0EF6d7Dd2b4aD80f72,1
0xc862A70E0411f27D42FFbCC5FEF8C3Ec497Ce9Fc,1
0xC10bb0f31101469C1351253a5358F61cdd3Deb2a,1
0x6E4FDcD8Ca541831b45Ae3c19868a812a3E7A44c,1
0xeD26B14762eDcE1d38e17b94afBb810a441C08e4,1
0x2F39427108908e67b3b3684e4513596a07E9810B,1
0xB9dD6b966Cc7870970B78a39fd15fd222CB21b8b,1
0x1E562736E22b53c5Cc8E7746Abc1F4548010d4CF,1
0x6540Fc80D3Dc06F847706443D9027eAEcB7953E7,1
0x4C7BB6d580610877Dd283d431bC30Fde3A40f49b,1
0xA6586F56aDfa72A2047EB1b1E7941008F8c713D9,1
0x8a53C76368E108eE881eaafc2B5Ed3C36961dF4D,1
0xD40d6A7beA3C885a02b55a362774efa2F48D6878,1
0x72d02eb7521AbF16eB778dC4C74120f79B3F2965,1
0x14EaC6398144D2C2Dde7F5772F7D7a46b01b7D18,1
0x0EdfcF9bB8B59B07E53b9B1C4d92351E8D922AB8,1
0x7babefFca22C2079569d573E7bFfbDA93368868e,1
0x593911A45C4AB007E711e4006F0C60dBa2138Ff2,1
0xd011e3875e3D0229b0E186E64295aa47994c40d1,1
0xa2854d15266165b8aC07939102F84b95ee857d05,1
0x9BD47354FC1e9B67bB2e1Ba2BCdEeFb53f96F3Ea,1
0x5b301B69704dC9bfBDfeD62F36B6f8973aC84e51,1
0x73BEaA2Dd24aDA65DF6Da284729558aFDd8105Ba,1
0xF5cFc413ece37d86aA2Fa367aEB789009808caF3,1
0x74EB11c2FE85c134Aba8e1E70BE602daF639A659,1
0x8b299707096EFBe0b9CF79D2A1e38312bf346845,1
0xDc7831919E92000242dC64E6C5A5bbAaBf214094,1
0x46F71fee97Ee8AE614867a6d85082eF5daf704E7,1
0x7957B673ec01f4C5B732Ea9aed18748c43888332,1
0x9d4ac2E82C94727B814CC015c46b591210818402,1
0xa8e2AAD1d4993B26330da78209A081641B5Ac6af,1
0xA19e0fF3Bf948c49bD166273a37694fF72991F43,1
0x69189f60102717c4F9B0825a92A8B850Be5183ec,1
0xbA937896Ee4cD2d6fD2510265070A8B69d729c72,1
0x2bC12061C8912505978472C21d4a23dB43AF62aA,1
0xb414191Ea9c943CAA4431c48a7e7D23d592f3B29,1
0xB2CcE45044506A854f0415dfb174f8812a39dfb0,1
0xEeA4813A651482E6015b726d30698Fd161A59627,1
0xCE557bB2EeB69162116E60472890503b9da8c5A6,1
0x94CC3C8981812Fe6Cf1aCB23Ba4397735685fE0a,1
0xea10F10142F691CC1cfbD7A0D7d31557221C6E98,1
0xdF8111093Ec328108fb2501056685c01A888EdeF,1
0x2ee2622F68925Cd3c1845b0ca3b0806Fc44015df,1
0x3efb9AA2900E8789a016635FAeCdd67c2d248bec,1
0x25Dc46F7C8D4E06b5Dec66d6e4Fb1Cd0a68a2178,1
0x20414830660BD39e6245978452ce4AC188524100,1
0x4C48b0aC9EcF6Fc98229e45Ec4f0F038dD99A316,1
0x4bcE3cEC9fFebdC48B90cccBE3F568B5b03f31c2,1
0x45626c381Fbc99fC533add673D5440ACad685Bb2,1
0xfA291E63b1956D2C950d3d5AeBA9E37a48679b62,1
0x805b6545b6e919df13523bdd83597Dd531468341,1
0xDe88ED71EF52EcB1F12e8bbF86A6d9e1C4A9E6de,1
0x054a1Af53F6ACB9b2DDEA43E6915E91D7e962994,1
0x937F250B6ae6dD9EB8bD8b86F4B9796b6eF05d13,1
0x25D098766289298962Cf5d4388deEAEe731f0621,1
0xE34f75D2C82AC050FA125b5A3A7C2Dee3080D2d9,1
0xb6AdEda66E5A5bc0b4f4B83bfb3ef4486243be5a,1
0x5f4f120D8435ea38F0F4635A910fEe03801BE88d,1
0xC3E972BF1c0B2731CB1078e4f2e241ad33baf889,1
0xb0812e0006470fE99F71165fC7C1A2312F7b90F2,1
0x6BAf4C751924098bD12A92C02A49df21c4b19fa3,1
0xB6FeBe3D208f5E540108ACd84328b1E5A9C849dC,1
0xF3A60FD05491731F6004a88CaA91f7f2dc01461B,1
0x2e2D86B5368d2F16691d2A1865269Bc819dc35B1,1
0x22624ab25a119AE289dF53abCd0F5456774C3E6f,1
0xa0945653CE6100c2f9Ff67FDf7c68ada264ed048,1
0x4453eF45cEb864103E9Ada88b18A9d6a6CA8087A,1
0x391B27d0eDBa477EC65e588C7560553503D2a6a1,1
0x79f07D49c5Df65D399C25671b077985A18aA5707,1
0x88D0B1b3Ad75fe4f03FA30F8647653bb89c086D3,1
0xab148fa5F7Efd717Af893cC1df0d670C5916872b,1
0x928D16333bDCce4f05f5F5bD66845768a17A475A,1
0xc23cc68a66F7f2C387723897948d16f89249ECE1,1
0x938c7f2B6Faf81a30A696eA4f7350892441aa0B7,1
0x0f67D3c19cB2644C3b869E6D116Ac77f14c8Df37,1
0x00d5F1c25EB7E2e540CDFEA0e9a6B98067B2D80e,1
0x81b06c9f87B028DF62702c52a6ebBAfE3Df5b9Bf,1
0x1b2f5B1f0bEBd3cBb0E3084633daabb24cc49e80,1
0xac15cFbef6d3741c6124a5e4Df29EcbA08aDEE69,1
0x737ba9D6E001B2002886bBE77eC9981c494954Ee,1
0xEc71d3fA6aE5Bb458fF625e5A3f4835AC1D5a50b,1
0xCa883D1247fB0F3710bA51c5Ee89c93Cb065A03D,1
0x8381f7bfD7dd646E0BF4D74b413BF1e882FbCfb2,1
0x875A6dC230931eBD99542a89f76837d861d2C2F7,1
0x5E1Cf387782df14AC9Fb9e024d04F96C003BFD80,1
0x9a509e8A9A4470f462b8417c27cf5c4C84D3E0B2,1
0xe943b58744db6C93BcE15C5d85412c6597d26833,1
0x403961822A0Df4139065657953c57008CC9af85e,1
0x8760731CFE89B792d59C92a17b87c8666C73e054,1
0xC3D3e1849298C846101dA9Df131bAF7aEA227b4E,1
0x8Fc8743e27E7e938dC635DD4449D707B51fB9c34,1
0x0Da1B3a30C4133B38c065857897D3Cf380e1D1c6,1
0x73D248439677B686598A8e8d84DCCE98Eb814387,1
0x2a99f439ebDf80a4C1735AaB9729794Ba441AB07,1
0x8dE6A1750fbb1e214e33643C899aB6bE33115f63,1
0xb3Ed3E6B149dBfD8d356A00b34c26f3A5ABFD779,1
0xa81d28C00C9F6463890480c9A0E4B320a6D2f2D0,1
0xc1302f8E4C8fFBE7FDe93bE3f29Bf8502b7a27Cf,1
0xA1C02350758850a579b775815b418D30E896bE5a,1
0xCe91EA13466f6B4eCbD551e107cCA8BFF379DeF8,1
0xA1c39Ff9ffE154A571e27953f0d3D3FF31077486,1
0x42863dA723f9362B0B500B0B25383d6DA7C5dE51,1
0x1d15Be46Faf1Cff74BB9e33F7836190e72731a52,1
0xB9aea1C076ab3E39490B8F2f7A4b3d57cc01981E,1
0x34f8F08f41c5B2E8cE12E59664e10bE760bF6B93,1
0xE9c9c31D50eefEfc5AA58C1a47c83AE1ff99e7a8,1
0x62B8e69f9540305cbcCE6A94830597ecaaA8183D,1
0x22FcC67Db9683DdF9329b436A7AbcB02B7eeB100,1
0x33E9Df7cD9Ff1aEcF48C7f70930f20FFeE6bf876,1
0xeF6AF382efa587130eD5408eef3c32044b88BE0E,1
0x7FE6CE1769d511597C8862007d514b5440754093,1
0xC8eE6F074786928374dce78391c2Ba5039F2f288,1
0x7b1E8B4C96982D828eC3d99bB4D5951Ac62D94a5,1
0xB11D965d48DEC3F5402b8f69cB1DB5CC99A2128e,1
0x1a363fE0cDbDc0be1d000831ac4F444454Df7753,1
0x0d02159751A4D9F888e70D87F6163C09aC63dD31,1
0xdCFC34dc307C489Ef7a58216875AB94E7FAAb340,1
0x693d662975391E58d3CCC81E8c4Fe083e032Cd8d,1
0xA0Ac4E2F67c86f3C7860d924ebcAC84139c55646,1
0x57c28F6bc77c205C315DF12Eb6CFE0F0D7480Ca5,1
0x75993b3005444B49961119F7162809A7E077d37E,1
0xd692e8e0DBd3b4b9dFefE0500F097c17AbEA4583,1
0x5D15649D8dde33DA71C92194836BdD3DA964802F,1
0xA8A5fcec8b2a014eBE9eA948F76c5801a676dC63,1
0x4726EA8609e4ac4EB9a4C0cB74B0e379Df4dD387,1
0x566DD0Be0e187ebDf6E81FB5FB060B0E877B2fB4,1
0xBE45117C88345155e25A7ff75e84EC51Ac0F3e3a,1
0x883E3AE4114fcc7495556e6c1FaC8836A2A979E6,1
0x710A54635f58Dcd9FE45eBD966c3a877BC83ea8C,1
0xA34f4BEf3a5857cC12f24E126ABbe752443D09d3,1
0xdfec12A8d75cadB4aEDF9546039D8AEaab066d1E,1
0xc3Ebbc1B0B2E81e6E1Fcd59b20A7Cd9E88957c8b,1
0x586DeFEB9C0E59c06148da2Ebd6D499e2A2902Ca,1
0xB5EDCa78dc4cfd67E12760586d95977F4dB3F44c,1
0xE9e54908f2f73b186360A5c8Fa02Ab20514e9fD2,1
0xCE51FA3d7Fb657502040a745DD607aC77260C616,1
0xe78118e370F2da3Af0e580edDEd498AA239Fe360,1
0xe04174b84F229C18787Fe0859657E514148a95Fa,1
0x62a76A458e8144c8FF90D2DEDAFCb35623e9c010,1
0x6772D3cd00D0301e14aA95e640762EbFA75aA31f,1
0xbfc9ca1c434ab19E5F75ACd2d603dc0621ef64E2,1
0x612bAf289Cc8E4c3148AB46B5cf999F87F371E55,1
0xA49E804A96A013a34889484F49416aB1EFF35da8,1
0x93505714958FD268276cc8C37aB2AADbea729BaA,1
0xe2c5E5c8DbDa90A653C8a3A290e8E7bB05D6631E,1
0x24B27a22568057d47c7deaDDdc7eF0b16a6a6C27,1
0xB59b9EF6141a19644cdeB6859eaB4a9CE300D2A3,1
0x2212a630CdE91EBa86391736Cc0c41F197e1a403,1
0xa181E487E846F85a6082f76Ac400CD3AFF7371f5,1
0xed0b27FFF7915E8583Fe82ae88eeeA640209CbFb,1
0x327278fb5D23dfC4Ee90A5492b8248974D41890C,1
0x8D0D2c347Cb43098Ed7219cBCd6F504963CF2756,1
0xD4467Ab27a32F3B195ED65226aD6561012bFFa51,1
0xA8BFF3639AF03294BF073564382EE4812499722E,1
0x70660B391d231B7425b9515d990cc8d1B35eD63F,1
0x86D9020B01DfdB24D5c07ff8328B65E000B7a448,1
0x48e5499F54D1B17aaB2bB1c614D123fe62dd96C0,1
0xAB05170458bDA3458Cf3b5554AB706851FC73219,1
0xe8839C5eE72026D3BEE8f3D6C54aF08C2289c786,1
0xBf970FA9aA3961011fAC06674CAC674A0f69cc38,1
0x3098fd179d60878bACb3862DC6B2b38310e43559,1
0xac65F6377293d3b02C0A303396c8fFE11Cb0596a,1
0xce9E30F9568905DEeb808AB090f4C1554501E486,1
0x179C5f6f80848e78E42c6BDa102CddB22a8A32D9,1
0x9712e390d000E082f399389183e4290ed3ba70fF,1
0x4C2A2D3Ea95e0b903df3063A648eAF7F477849D2,1
0x3E60F879360F2Bffe7f71bCA32883B6B6e859C2f,1
0x594176c99C8f080a7e5AF5D62f8465F5bEd17fE0,1
0xb2d5e9CFCeb8ad4844381C184496cf6d4ea25DCc,1
0x80704176662B1855734364FFCc21d7915f9F73D0,1
0xA454696d2D0be6Ed474FAf3C152E69e768392416,1
0xE89552F046D0930400f4bDD6300c9036f667a16E,1
0x0E468A3D970B60F907BFF986A6e909aA4918bE12,1
0xFBBcD48C4118381997c060c5fDFf7457BEa76442,1
0xD1101184A0eF0f2D1E0F274BAc0b02D1e9A2B0eA,1
0x103bEAC36467E244ADcBee99987369Fa2a516B59,1
0x6Ae4Ccfdef85bC5e489146117B8439c4F814507D,1
0xe00c3C9cb7181d9F9bc033C7faa2EC7cBC3FB2fB,1
0xc45222966EfFd6F6c8B87C32737975Ce9F79D6EC,1
0x7aD12e0308a9F7D4CFdF8b0D900a68860fCf80AD,1
0x5f7c48470b217E644EfC4D4cE6524d3DbcB27c4c,1
0xcB2F507570a05ed4447893CE7548cA9a6AaD579f,1
0x909c39eC97899f10475B25f4A1DF888fdDceA3a1,1
0x96B80ca294263c7E05050C9885dEc4c124b667c1,1
0x35135416A75Cc73f28924fe9607E44459C10D3cc,1
0x9dD3F230B3A7c77562a8A2F0d7b1B02c0Bf7304D,1
0xa99D1B7Ac990E8b3cB91Bf4Fc2fcD73ED2382Fac,1
0xf60DE2B5601E1a94DDa0015EC594fB08d0e94613,1
0xC42aC97Be124E8F90D9dD3c646C698Cee7a8DD53,1
0xB0360727f886F68520F55f534b0C5FCa25ECA78A,1
0x6bD4297430F9206c37FeB5FF04c0Fb6b439D50F2,1
0x614D469aa14cf07B77aA77d012BB635AB4EC9970,1
0xD47DB9ca7AA3B49090671A6C809944a3E36a6B54,1
0x965C57AcEfE57cdbDe6Ef8cB4741b35B3C0F4DC6,1
0xC634f02bD09b4B1e05B3AE8B2eb76BD65B839F38,1
0x1bCdCC27c0fe7713dFa88f68896401A8EAD36C54,1
0x25cD04048d44C7d59d79FC0C1812793e00A02d05,1
0x2D361A67aAeDF8eb677518C079141FC04Eadc324,1
0x0D550091dFc6dCb6049a083B25B58CfCc0a94f6C,1
0xD8b948C964106BfBF35a11F64eE177038Fc770c2,1
0xf68431fc4aea96568C7390e3a9FA2BA97217CB7F,1
0xB3C9650De630EF8B0a0B725141dbE6E36b624De3,1
0xbeA007A14C2550b5375cf1425f861c39d6326c37,1
0x6233a9755069Fee857B76de79c5373749f1589de,1
0x9CbB8ccA3c8dF33CD79d4205C23CCa717f2fB831,1
0xb666EAC6f2b337Bfa03eE564d30158a265325810,1
0x78981972024f7A8A5fa4925a4Ce218b2fE0f742B,1
0x840a493040c454a6A64492a10795AB60e2e9500f,1
0x3319ee7c908688a4742fE33eCE8329d319ec8c4b,1
0x7eC868410Ed50B8C2C4D3EC36D7f3442774eb084,1
0x389DF9C3AE0ccd050E161F585ad04B2469bfA3B3,1
0xB821aEE19b6a55A6e1bE0d4036281581fF813013,1
0xA4e519EE0f77fb4221cF8A06C34AcB36D227687f,1
0x2037b870C76611ce9d74495C967073c15FA56181,1
0xFb09fe14004F8FD28AbD14dAA0Af0191Bfd974b8,1
0xaCfbc4531Fb0beCC93D0E70eC7344E5F644f4eD3,1
0xe6c2Fa69843E162da8DFbf89e09A660315431A03,1
0x5eB463ae2cEb936bD4c7367ce775bfd01b1eD52c,1
0xa69C1465c1eFc571Fc6230a13C6B1bB03253837E,1
0xDf6Abff59E8CeB1b9d3384f6B5664B6D4F61ee2f,1
0xb763C0a629490f0ec2D02645E6204BA1675f8B67,1
0xA39c0fA5066df916D8f06c3A43db6242520208cA,1
0x9BDFD1d6b8d74Cb016a0c3005DA0f8E9F9666838,1
0xD128D7adf635962773c2DbB7FBe2A3d502C8b680,1
0xd84C3945f60a744ff49F8a8dfB5F56bf0572C2d6,1
0xAd5d6734824444b433377b91AC80973B7F840D58,1
0xC0E74d59B16F67e26E22e2C3483A8114f3d19912,1
0x9C1D39475F9518c8208A92e16210C275375871bA,1
0xc96D20E412B160A3DAcBC48691427AC330F69048,1
0x5eDD50F7C8aB1Bd505f1f99c19b9c385cb4C1D5e,1
0xe773AB8140C4E4ecD10D0B67de74332Cc705e0Af,1
0xb674FB74E74Fa2103c1900a1fA97e0B9DC7a9BF4,1
0x188A6CE34A9B625447221d104965F26342c401A9,1
0x08F96c35293236AFf9DBc2B41778AEfe8B401149,1
0x3f790DAcEA9300397f871F1A7fac304f014df428,1
0x07938d19759e8eC5efd8a6768E20D582e02d2FfB,1
0xb3d0f5E2e66d74345e68f30211d11D951a3974D8,1
0x8Fa10dd22a8E8295a2Ffe13E18eeeD9b6d0Cc6e9,1
0xF2D9e5F52097AB2C63Dd24ef35F90200dE6c3e15,1
0x50bf7376fB423ADe44a000b54C48c371eC5dd0f7,1
0x5d8c68441D82278f8a70B9B26609A8ab229213bC,1
0x41aC6443A94FB1027E1C06627F466eb86128B488,1
0x7adF379380504faB2B443caFEe69928b8D75556c,1
0x715470dcf2c325C98a6bD162E53E06364f75D5CB,1
0x81E756Aaa8c1a5f7b3d8eEBe52d0FEcbeeAf7999,1
0xD9Eb7ca9f929e1cB274868fFB688907f1D0f29E6,1
0xEE361904c57469E27cC2297E84F68Fba41E2c0c9,1
0xf4E8a2CECC383033765EA3468DcB73D996131aba,1
0x9AD4fdfAaB2678F61b4C1E4b506689282c61a6FA,1
0x16781D567521239348f232E7E1b808f97902c4F1,1
0x213E4a0362aE7eb894DD712888e6ae20E5614C8E,1
0xc9E7d085d1A0cc1ef5214b03d3bfdc753B96D4c4,1
0x3a4595faFE9b711cb13FEB8590C0049faC2351aD,1
0x43cc212d40DC35E50d21E9DFb28C7Ba656541016,1
0xB4B7dc8C640ba6766eEEb556B621Ea610E0f6541,1
0xA9d401Bc54FFA695F1584801B0dc3610c9D217cf,1
0xdA734ffd5CAACfB512c425065219cBA1648625c2,1
0x0660e726BAfB9311AB7e0142eA9381bC25f4F22f,1
0x3D2F8f9108CBBc765DFa527C4c4Ca8A48186D043,1
0x39551290A5b2FeCe4600d2Bf9cA9395e238DBeE6,1
0xD936c8254575B647A04BA35830a0ab8B3bc78447,1
0xC41f0F757a65ceEf19497FC3bd708CC8FBDbBCC7,1
0xAd618B211b38Df9eBac8dB75c3ccC83dd04cCB7E,1
0xde448dBDfBF6F3Cb0d470496EA484109006BFd91,1
0xC938E10d6C8e94E294119c56f76F23d4b5D7eaB7,1
0x1F01A89Dd51D9dC0227c657F8F25205E4cF88F1E,1
0x89defA18e34239F1B6F7991474D8945aF46D57b4,1
0x1DFaFe7bd19529E97590dC58fc43500465Ed1e24,1
0x1afb60753DF6FE6Bb73817b6397406248636f9B1,1
0x93d0537edF7F02ef56c584f090c991D2FC7459b5,1
0x9859504B127493007d5D980FfEf3E989B3bBfe3b,1
0x7AA4A7Ec98a883A34EEE2522113E0eaf5f07D5Cd,1
0xEc193811d9636736587f8a73c53592b0BB789E09,1
0x6C0E9bDB3a4e5F2bdB5d68285b38A54C94EBEaF6,1
0xdE95263170A4178096b0300D13017189538fd2dF,1
0x48552B22402790ceD8c0598E6a92b8661B8fe61f,1
0xE897457898D58Ed21B9bA342cdB8029559184d1E,1
0x6774dc86b0B1b679403acFaFd8115DC8D65EB322,1
0xF8BE67E0d4759b985978C7226F283B1cBA977117,1
0xef9cDa8A70CF322317B740C0d2d6116367C40684,1
0xd95c99D9061655D44895dF08EF109dD52c142572,1
0x5bce5aEAED60B1Ae9617234F7A8eDf9eb8f930eF,1
0x4349626d320612a608A5eB6bc503E51A97F50BB3,1
0x70872Ee0075b3234938D06776b4fa8EAA00bAEFe,1
0xfafA6D4DC20fb6A9618DfC54F69976A9Ef8c1677,1
0xF47CD24F41b346802c89eB8836e0B3c88BD3Ad50,1
0x70E17892f0154A87E2bAFbC0eB048f556733FEEF,1
0xcD2aaA6584E358Be845Da1faE1Fd69cdD20490CA,1
0xF7528491498c531C946C9a877D0D77bA46af0ACC,1
0xf4bD058B86946dff0A6EF2a2977Ee4C40EFe8756,1
0x5AbB24955e7a6279D13A70247483233e297D0d67,1
0x7e5E8574357d99435A4b97BcD5c79C4115F0727b,1
0x1EB3A41555a8bFB9b82bEcDA7e48179079651A24,1
0x45D43F8c924Dbc2b1E89521c88fc3039E6fE754f,1
0x1208614666298B08C8A3B49FeacA7dDB3A105d05,1
0x621ABa8bC0d8aBc56b3a0699ECb22d8A7d1F1A4f,1
0x69e463844Ff530ED20fA8D426799575Fa9C01c56,1
0xFC33181FBaB11D8C33Cd904F7ee1D4C62685470F,1
0xd4281c0982c626aB1AcBAA88F72bc4F0E1a59ceA,1
0xEEa83d08ce7B5299382B7A621920370A9C91B255,1
0x8B758966e7f56C291Bcfd3396fDcB6496CA9e0aE,1
0xe85B26c9C74078240eb66412fc353057c5605489,1
0xb66Eb029ae4a26A7D6daa1cE878eE6650A8d158b,1
0xd28820Ca4e3e52430Dd653012441Cc0d5aC06CE5,1
0x9B931c205000C4bBa8757b5E1ce8430d3dc2Bb5b,1
0x37c37fce10B3552e1fE34776848aB1534447579A,1
0x99777Ea61Ba1071A8CA378Fb5053236E4B598718,1
0x27807c764563c8cFBD61fD594828B6fE92298488,1
0xA37E4358975a24fb4FDDbCB9b7759610b7E68B52,1
0x3B041D6a16B95e8cF90E608bC771CEFBF473Ee28,1
0xBb5a5A13aAFC8923F3703e505732F082Fdd67e63,1
0xBEa0373f2f8459a5Ac04DF2C02416Eff5d5b85dC,1
0xDEA5fcb090c3eA98345C835C1a1750621CD1567A,1
0x84ad027C066B0F5Cb7e2d61cF1e1C6B616Df1bd2,1
0x175d7aC3844aC969c1d17431E59FF057AD17Ee3b,1
0xe7745349BD9F159f284705B71A265C2b3ceC7829,1
0x31A2a7Ba4214d589b3188D3Dab15befc9E53326B,1
0x003c9f72c550FaBB7ac70493d5cC9A4fe1702770,1
0x41d4a1444b457D211FA8e58e51f819d6C2A4fa82,1
0x4b5CE31DCE36E1dab6500366A55a1F4A139dafaD,1
0x54E801F18b21c4EbD18114f5F5fB06695246a9C8,1
0x20B3eBBC3Cb8Ea5b7471d838AEac45c46a933036,1
0xEC43d8E6433E1Bb63e2d03Bf5BC997F3bfe80Ccd,1
0x103Eeb2776A9AD7a8E6C6D39B2dbB2540D13cDbc,1
0xBaC0DF984715BC5DE9109d710f4eb5Cb34a56b37,1
0xBAC0d8CB3969FaD7fa5353B1c97765A52ceaF0f9,1
0x715b9466E38c373cF1c18078C5F9C2BeA3D5Dc52,1
0xCF53f38d9E92Ec2BE050C73BC619e1243A686e34,1
0x2e3ACb316326c318ae54fA3464Dc6877daAB0429,1
0x62D75ab0db98289eFF25bbB98c776AaCc92bd9d1,1
0x7185F37F81D132a185C2f4d19b8108C4a705bB3c,1
0xBc09716f78c97f9A07821d3AEc752512228Ea17D,1
0x957E3f78Fd8B94e64fD329133F99833907e61C0e,1
0xa5CF6dFDb0076Bda220eBE49d5623f4E851183E0,1
0xec1f7C4383C403694a98aDAF86c828c70efED4a7,1
0x7f1a47DA846329e08dd7E0Ca9587b38FEEEBDcEA,1
0x4D45a4d1FF02B271D2c0e7Fc051419Bd3207990F,1
0x032872909a7bC370876dA2b6ac4247F0EbD509A1,1
0xa20e8a921b969e690C1F7eF8dcC1Ea88821cD4A1,1
0x19B06c77D2F1278a6CD05dCb716B3354299C53B1,1
0xBE2218dd0706F786c6d53D044c22802a061476A6,1
0x0600Dbdec41AAC872FEbA3bdeAbEfee3A0f52618,1
0xBD89c7409fe79AB76EC73c689066Efc7C24f8411,1
0xF846aCc4303213C4aFB3Edbe30946fdE8803b15e,1
0xDc9F968125D9d1045908153C7cF9d67BECadA469,1
0x38854f59899159Ae2eE1f79f602800D35064C45e,1
0x783DEF97Fe054434067e38360372b442D96e1F66,1
0x3bFC2ed831Dd0Db30ce65dBC95A72371bD4ad2CC,1
0xc3cfA8234f73399d997297e36c05c85e5383A6bd,1
0xcE7C6df3D3e3d49F7aB2B617f42A38e6582fB230,1
0xE51e79FEe438000417C4FB609B933887dc758e3a,1
0xEB50F847D430A0B26Be4EF66cf517b92631C8736,1
0x5cC36E9487487f5AA61A7D5bEAE61901498F0a92,1
0xcf7927b2a95F729EEee54f1Ae2c43cF51aac67b3,1
0x8B700c7640fAa64a2c800F594Cbb21e4Ff64dAdA,1
0xb43D1D3ad00c1b02d2dc76aa8A86597E1AFc689a,1
0xF41E3f6F6625125aAF8865Cdd51e59286fb98F5f,1
0x7De2F67B4d0c9c7482AdFdc1b4A9B1CFF3532394,1
0x219574ABeF52f0407b598DBCd8E8c6aFB5677777,1
0x78A1Af88ae6aE1d57731ef7AeBb1bF42c2BDC767,1
0xd1a45e0341AF69d49397d3b12aE5Ad1E9B53968A,1
0x726Ce4a19414f509eE811274d28A0921dD484e8e,1
0x9ccCEA927385163f8566df858fF1b4B8eDc7fe90,1
0x63851095d89B7C8DE75E2b51F567803961d2102e,1
0x75511335eA9959bE2Ba2AD71D2e51238430A3eb2,1
0x76F772E37A3C9C0a597b1d9F36731dc2dc4EbEba,1
0x0d35fD6928CEd141e6aF4F5e58c02C79aEe7a9ae,1
0xAf99FE5013415BEbDe8727790E2C2b1222fD71ec,1
0xbb6cBc06059133e1Fe4Ca5b19901da00B6878D88,1
0xc8180C2cE3f2d3354dC652677f55eD47FE28c458,1
0xaceFDD71Fe88b3A2909496007eB5010159f054B0,1
0x69E30A33c7fefCccA2aCeDC84c70e40B4B47C2d6,1
0xCC1f757e7830Af3349E80EbD6A0f947a3CeA3fCf,1
0x7f0f04F72e068637F5e9a39c3e89a194da55D86B,1
0x6E2c266a5fd854373ede37CDcb1bF3Eb06900B07,1
0xE8cD1710D34fbe9606c89c683Ecc5091E6Ab9F20,1
0xE555F5a3b09abC1ecF4c45229997d98536d90CF8,1
0x6430F34e563C719a74cDf9bdD565bc569B1CDf51,1
0x6907A38C1ac73473C7f52CfA55e1D08f04740D8c,1
0x6D995F78657AfbD8953b20d678D863b7B3E11a22,1
0x0da0bdE2cCf8DeE7633e1B7931797d2e84a5616e,1
0xF4b40B20572D117EAD7b5ca3C7eFf7d3CBdC4067,1
0x5a153Ad13Ee9e954c4d96F4Ec62341c80a345b42,1
0x9B3DbEC5BE92A0851939e5E5A89E47D0e54c0142,1
0x0EA9c90c32c061A387e146628D723fc87841A9E5,1
0x1e2F785c413640AA2Bc17E8A2cB3659F216729ca,1
0xAB41b811277Dc4D6B12191a00a56f6dE45eAE828,1
0xE9e71AA6c8639403E39755F6B0A3805d9Cb8d057,1
0x28e60Fd30536AE13156232f8920AF8d7862da5a1,1
0x179bE94475C21458E5787F27e032aE6EB55e6A5E,1
0xaef1889D58677805399C6F8326c11D159B09cAF2,1
0xfebf29DcF12423739aA0081411114Ca5B6cbd622,1
0xF851CbaEc4C1FDe75b25EF1C2C14EE2C327134AB,1
0xAec1028a1EfcC54Fd702A6fB409C27acb6f71041,1
0xb0BbD5ba1558d6C5E1701f5c4593AB0367B2b9E4,1
0x8b458561eCaf5197000b4dfFc5757800934f71EF,1
0xE725bbb91A11417863E546Fa2C72141b74B4868e,1
0x63A43A24DE2CE6B1BFED393f6FAD714B172a977e,1
0x0157602E1fE8985cB5cf40F9294430A863Ef4b1d,1
0x7d5E6E52443433BB8df673844b16a391D770d001,1
0xe40bBd3CD595b1B834719c3E113ea64bBAc20052,1
0x55842426EcF8Bc5Ae830550e9cc8936Ddccb253c,1
0x6325569B10bCfeeC6E3006421DdCfC9a9D5688a0,1
0x9C88367275f6eA7d8F0b9416Ee927D22d9Ff7D28,1
0x3E65bB5465BcF9ad961763bf1745b0cB48f46fA0,1
0xbF77B8a74Db0844032cFfB3EEB487FC500765C4e,1
0x8Ae2A3F459005Ae1c83c39E24046936bA18472EF,1
0xBfce16256f82187D75B67261C055eb3bC28eA31A,1
0xF8f1718CDd7C16D9dA3775E61db3f0c56cfC4a03,1
0x36Fdd3DD2f849A2B8932Cb0d7D5E0826761Bf478,1
0x5f20a0eE72Cab0162479874316fE6c199a0D5b67,1
0xBE74C7e1aB368f70531D20D7e404324E29bb89Ff,1
0x82b5A6119d70a87f81b4624d69c57B44e617571f,1
0x68BF599B7D79200D50dfCa985CC1f86FB329C586,1
0x3CF25E997b5Da3a6568F8186227da0Df03d4D031,1
0x91bf28E62b7752097aFc4aF2FdbD27d0B41f778f,1
0x8eaaA758D821bA2D37635b23E512864004E5bdFF,1
0xd5fe6dFc92bf610D540C891Ff2df265C3D1dc4e9,1
0x625B8D9D19D4586D1c7FA8aB738876B8b11B0aa5,1
0x0B3f7B4fA7bac335dc3D509574cb3FB37cad65CD,1
0x935aaa0ada883Df69e48ef14091F4E2775Dc8812,1
0x99b17456eD9C3EB3E2F4f292bCB515F8bb9F4640,1
0xe68540EA379dC7B2A6AdAC0190d032FA2001BBfe,1