0x827C5d1DE1458F46c39AF1113F45e1E44a9b5E71,50
0x800c2a639e4cb17b64Cfb2e2d429d467E3c6ACca,20
0x222a86D5c14d93aDB853A116d6964E2216cc5801,18
0x1ed019688EA7268F86E7E8c1cAe91d87DBd25aE0,18
0x393B8bA5F56FC96cC858f67BC211E3fCf9958958,13
0x3CC4d5E7D3f4aE8CDB34d1a011b07b00309B556F,9
0x8ae06d2a588F6A507E0997dcfaeBe5ccf6976bCC,8
0x6E703F9264375b88791c958053Be7834eD49d769,5
0x88B8073739F867126C96F392512dDB34EF3A350E,5
0x4fc0e1BaFd06f57aE67c0145d50619Aeae946986,5
0xcF8373446363216f0daC6ace39cd3dB12cF8689b,5
0xf64eDB06673EB5be70953BD1ab473b5143B08302,5
0x83a26824b9EF2657EE40CF6Cc4a9a9Af39dDBf6E,5
0xd2E351099971bFDBb484d000549776FAE7e1F889,5
0x3Cb79fbD612A66B4A2183D49c937140bE1fC043a,4
0x91628188530F7B93919C81eb4D5dFE9D93ECb5bE,4
0x8Da8a63717bfC7197DBAfef29c6a379dA6F9018a,4
0xA1Db2b7193358B8467266c6dceF285C30410b99d,4
0x4643D7104e588CC5F0933bD94C23B85C88d00740,4
0x114f0bbF1318Ac34Be7d75658c98ae5684809887,4
0x35eA7689fE3780C54Be08Fd3E64B81C92459f2a1,3
0x99b17456eD9C3EB3E2F4f292bCB515F8bb9F4640,3
0x62D75ab0db98289eFF25bbB98c776AaCc92bd9d1,3
0x7Ad4Bc85D5ea60B42a59DdCACCE43042E28D3032,3
0xe5D047043d5317d369f43384EA6248dB07A78Ae3,3
0x2014856bD6C18328A42bb0925A6C45740ba02F3A,3
0xcF79f23ad29d42Ede2DD4f7237aC96A00f6173e1,3
0xCAb9f6C96f7e404F5a6799B795Feb10231C1C71b,3
0xeDD27a2E9ac8358411FFD91Cb0F0947CA59fbdee,3
0xD465E41aAC45b6853986c93C6D5f036740427750,3
0x38afAEdb78E2A0018860b06FE231292184CA14c3,3
0x5Fc78A71B3129696d06214552EafF62E98dDBC69,3
0x089d0D1A4e7d02886667Db6D31E195819CCb5Ac1,2
0x4351b28c70FD7Ca621e0FA9A977ec58Ee89d2e81,2
0x10495E143d79296d5222497b7245294dc9e2D596,2
0x25A04Bc7379FAAbc0bE0421DA74191ea51713c8c,2
0xe5b0f31b041E7730c3f8AEf407B0B4C0633EE4eE,2
0x8fC4258bbAbc0abE273574835996e77148B7C9C9,2
0x7174b2892D43B4E7860a09A8A3Df611823f73eC1,2
0xc4DA6319585Ff59912013338108ca895e48Ac733,2
0x15C26bc5b4D714cA029E2f6D691618F1263B695F,2
0x1930892b509e956150cC10D8325568F7aD305A48,2
0x2De966D9E3d116E5c7453ccc2087f6A5d908c95b,2
0x76f980Cfe17D4fF3e3F9ddCe2129C17e55A1091d,2
0xe40bBd3CD595b1B834719c3E113ea64bBAc20052,2
0x808FAACb4a502060A73dE1F0f4B094eedbc60c08,2
0x0dE1db451F402679ee5243269Dc13c8529065514,2
0x0BacCDD05a729aB8B56e09Ef19c15f953E10885f,2
0xdE2a649A23AFC45A55A4d68B7CFDd683279b62f6,2
0x43e65F8116174d1c38Eed3545d21fC37ea34B565,2
0x3772AAaCd403B5716deFb07Db23acf5Fd2308C40,2
0x2612b77E5ee1b5feeDdD5eC08731749bC2217F54,2
0xf5819cC26F0481c9b86294B4c24027518a04BD5B,2
0x59952b6C327EC10497Fd14d93E7101891f3eCE14,2
0x86c16F44BC75851a9E2E16e28366aDD78169fEA9,2
0x0bd1F209B49548DbCa131E933Cb2d6a24dE3672b,2
0xED8CFe99546f171D0CCc8B48D0954A1f2DeEa0E1,2
0x5fbb43EAfCb34a74881A9077964DDAdeb138a03d,2
0xf262A09Cd880c34e97793A3C19D53BE651128709,2
0x0dA8CBD7297310B03a0b96F596bF91a479b97000,2
0x1f9A0Ad1af012331aa12E5347296D05eC0F88b71,2
0xE1cbe9373F41b5636843b1eCbe3A7588AFeb0D65,2
0x55a5566A4Ec83319051C67D416BE07C0E474c560,2
0xA044163B2cEC359be05570A61CAE284177ff47DD,2
0x91B15D551336968889e80fe7dC3dC02F72c7B32D,2
0x8B86b69D4aAA54086A2097f8BA7Dcc525ebe6e2e,2
0x2E78A0D97479cCb3238a4Cd5f373654bA09FEf2e,2
0x24fB2405f777378D48DD0605dA9caB6cFE331978,2
0xF43a1C19e3E5bd542382De67A1b5639c61B8178E,2
0xE20f0928244BD2402955B920316d5390b0875735,2
0x4c7604C256996f3A362367Fa06c3f2321cC7aAA8,2
0x156AC784BaE328f6aFb6403460145BA8B029d3b5,2
0x83c03429C62379B6063757B00061c042323DE03e,2
0xFbc5329334A835678B48045500ef488c88D64E05,2
0x8Fe90E1618b97f30E043107ACe36aF91AcD1a1A3,2
0x6fF5723435b7dfC2371B57Fb5cB4c373E5995C78,1
0x9D63038e7f74bc089eb38e61Be8Da937918900D6,1
0xc2421b188db69C3C6a7e9BD40661b4b96cEe781c,1
0x55c80FD82B8dD363E83aEC55cc149A5fbCF4c505,1
0xf91A962814490626F237D83aeD6E4c9a7F7D7a80,1
0x98076110c0D195B468d5776Ad89004C5864Ffc6d,1
0x204BD968d6fBc2119b573D339409006d552bd278,1
0xAd86372E42622BC2631C382BB3a711737986999d,1
0xd49E50089104826d54753ca616998461F81e54FA,1
0x6Af1c53a7c57269a7E0D35871147488F673CF419,1
0x6bcFe7307663bB2B0C1c70294c8aF1ea01fEF0De,1
0xDb87085756AEa0645A690313c4713C74d1457E37,1
0x511d4Ff6305B22EA3cFA5e7669E65cf180A2C3Fa,1
0x36c0b20c23b8F4229Eb5F955C7e627dA60ce9372,1
0x897C91E7C677D6932bF62299d318504c7176d0A8,1
0xf0D3fC081863e7F466172dEAE4468D29208052Fd,1
0xb0bFa24A73936D3B3FE05387d89E8FBba363c393,1
0xBc0cbDb5D40aa7c24906f5D0ccaDe1DF844f70AF,1
0x45648cc2DD919636E57C8A5e70761BF37479F0Fb,1
0xe3D871d389BF78c091E29deCe83200E9d6B2B0C2,1
0x8Ff5D3D060F2D21a15961bF1e5D700FB9b3494e1,1
0x53fFD0C6996165aF8Ca9053Ccc8ebC28e6adff44,1
0xb5fB0f4e71e3377bC469d90995994025708d2F38,1
0x747c29e6D0529a5f174fA26645bCf8CA0C4d358a,1
0xc90883638aB67087b76A7d9EDe8Bd1A2c1edAdA7,1
0x0715C3329e38790C853F6fFD824f2771a02D37bf,1
0xe1FD3A4ac407De17391a69e2484832cEAb06A438,1
0x7B4D11a3E5eaD71AD66fD70eff0Be1a5DD09336B,1
0x9f834835927a0D9d589620669c0cd16B6AF87D57,1
0x98488C8A8005E8cae743d571d2a0f87DB288Ea99,1
0x07029499D002f0BAC847dE418C26Ede67eCfc9F2,1
0x43D5a1852ff45A3d962D325E7d08c33960bbb2AF,1
0x368AA4516ddec947827D3edB556F81c00E0B748a,1
0x88B0BE658E72C5518B37cE0A5625D3fD494dBAFA,1
0x83bbe9CFCc205bb8E53cBa0b51d6db9386CE58B5,1
0x957E3f78Fd8B94e64fD329133F99833907e61C0e,1
0x79Bdda65C706CBdA69C0AD4C8da1d3e91724f48D,1
0xc75c9052bDAeF3Dee834c6CbF1315E4b28B58A50,1
0x2898A78602EAa6d54052791603bE759E80dA43C4,1
0x76ce075e6CcB713099dEe965F4124fb204c741ab,1
0x533230eD2657e7eBA5AE94520fe78955a6548238,1
0x1CDeaf46BedE7252Ee3bdE7d7d9d07cb2338551F,1
0x7c46fb5584bBFDafeb4944544b9ca8A8841565e1,1
0x97538e1a3821f3327Fe2a2fF4993f3d154f28B01,1
0x7cE3E1539bB9A2BB75fd3e4069718E3216cf55b8,1
0x287b5baBf8aAf8189b10bDa3eE38CfB657Eb6478,1
0xdD0E8bc42f6126D0D2585b4Bf07692D9B172Fc77,1
0x6574080a89289178426c3065eefa43982a3C2312,1
0xbE08F2D6a0E862d267c8A9ABce0daF647C67A3b4,1
0xec1f7C4383C403694a98aDAF86c828c70efED4a7,1
0xa7Ab74309974C46269E90b001a9a8858172a97b0,1
0x7f1a47DA846329e08dd7E0Ca9587b38FEEEBDcEA,1
0x525132158d6966AD6BA7b729295a73616a8A06a8,1
0xAf4Bbd9B08964071C5FF8386644852ab1ebE624a,1
0xeC5897C5466558Cef257401a92568B543aF6a864,1
0xFF4Bae48a145c44429cA93b6D1bC8E655fcb6055,1
0x7809719aEE3DA29B85cF226C85CCDCC211c4a6B1,1
0x86369231aA60Bf04b6b66DEf20f38c497e46Cc2E,1
0x492e527B7040B471044d84B9040160cbfd272dC4,1
0x575A79d0E59C7A539536127Cfcd89164c07B18c9,1
0x112f0174E51F3039668a9df8783451772EC9DdA9,1
0xe3111b4b62Ffd3749Fa4540e0dF2536c28a95FC5,1
0x01a2B6c749b778053bC81551E23675F0aEe641DC,1
0x75088245B351baD134Fc2dc8e37462e395596332,1
0x6D67d7C698206857689de8EC6621d60cd6A1D79d,1
0xA200369d36d9a1040bDddDf7F83995220E87211C,1
0x9C01672bCA7C85b7D0422B8cf93A1D4794DbF08A,1
0x5f438993F48509Ac1F2e7dc4A8670168EA32bcf5,1
0x66633Cc6B84CD127A0bb84864c1a4eA0172469A6,1
0x0D12338EA5db8c1732eFB9031cA4853C1128B1f0,1
0x4913CFF514B8F77b0F1e89507E6CA835eFcd68f3,1
0xf3284a18B5BaaFcFFe6E0635F5452F7f5a2A7dA4,1
0xC9A344a7Cf253bFC2d5722384bb79e75594EcE3d,1
0x3cA32Dd3666eD1b69E86B86B420b058cAA8c1aaF,1
0x49000B54784C0359A9ed744a5f3505d39043e451,1
0x54537D6bB528e9a3C5e6ca1c4321bE03eB369239,1
0xc047AC8BF1aa561b2385d39E129Aad4c27ea9237,1
0x0d35f5987B11e595E4A76ecd0D6142Ddf5fB04Ac,1
0x6c543fbAfc5A4dF7B85ecd09fF5eb3B5Ebf21e5d,1
0x0b493Af26Fa61E5FF84290cA934b7c85E3195505,1
0x421ce93cb85B4c64B751c371Ba093F95C63fcF95,1
0x30790ccD8d366552484a27BD0f42E9c980D1C3E9,1
0x2Bf08f2E7bf56A5aA496ccC0D71a1D86e4b2910a,1
0xA0cc04B4356B7b8db816030E8bf1977bBd75ECFD,1
0x9Eb90fDC301d5C749E15E12E869aAA9914648Bc6,1
0x019EE51C92802065c935dcB8F793016ec31e1e55,1
0xE954F4c5249C505876DEC5324754Ac91471Ecc36,1
0x2b02ccc5ec1677aea88d7EAf4C04dAe0b53EB2fa,1
0xF823F9D6f0E68E59B385B252d859782aD6BAdc72,1
0xc3A6E2b72EE8478A85593Bfe86fCd612855BeAe2,1
0xAec1028a1EfcC54Fd702A6fB409C27acb6f71041,1
0x42052d2dBC7eD1EAe32B1c4696fC42e22a850cbC,1
0x1118003aeb105955eaC012884cB07B36e76e0181,1
0xE3F610A6b91Ec0Da0413AFE98d2D25a3194cf559,1
0xa5CF6dFDb0076Bda220eBE49d5623f4E851183E0,1
0x5C56660e9bB03D0dcCbA32DC0E2aFC3fa855A957,1
0x9394a94948DC659Ae653EcA90767Ad1E0e22eBD5,1
0x6B39033dfEFd4e74267aCf521b49f3919093C91C,1
0x64a8B1EBEFC4d2783AF9a123a04D2143dDF55599,1
0xFE6b1e824dA24B870c7Fd904d2C56a6cF1C6dAEF,1
0xaa68629C5104711BAf98Ad600CE4F297B22edEcc,1
0xaDAf6B98D6055968BC0775D2C50219F789D4AA9F,1
0x98CA6EA39D5E37a37A9273d4C1a07e91437C7d33,1
0x156548113552Bb52AE921a0B44794A6a5F588C9c,1
0x7babefFca22C2079569d573E7bFfbDA93368868e,1
0xD267F6CAE94e68B4a040c4722949212853C74f85,1
0x8a050aC45969Ab8CA498F4E9840b7E9D9Eb8AE1f,1
0xD0B74BAE747a7756644B1f453577449055693A6c,1
0x59C5EF981ddF319e7Dae5328B4f54E8D1EA1d430,1
0xf13fD07aFDE7c73D8AB0AB256C1AB32cC4725BCb,1
0x5F9211DbA600Ee22d9961fE35b767dA5EaA484f5,1
0x4FDC42d77B49f7885D63a80c43646EB9333a3f54,1
0x9e77580438551582f4d6d7a12aB3145aCe1e7036,1
0x15Ee42Ac488CbA7DD524B6Fb0ACA7C9cC1d14631,1
0x5e36B9EAE998093ccc8c688c53AA16ae04405678,1
0x6372baD16935878713e5e1DD92EC3f7A3C48107E,1
0x99893Bfa2ab7307fE44Ac8366968505202D497ee,1
0x97c494b558a4d4f58a3f77061C96b9FE818920B6,1
0xe3195D1bB34C7F484CF317Af24b816faEB53b9e2,1
0x9F8Fe4DcDB8b2ECc1f15Aba265724F4218D35009,1
0x7bDB2c39f78Ba88E8D17A928bd1724eBb2886276,1
0xb0C0f73f84CE7355E755846C123f0a5848304B52,1
0x617feE8294Eeb7505a3Ab08e5D302757173086Bb,1
0x080BE6ddb9d0E2Afa36F05B2199b06A08826EE4E,1
0xB024C97E187892CA5da51eA942f136F72635bF50,1
0x0ff33fE9BFd306B4973d94c5C02D43fd28fdCae3,1
0x89F32ef6dAcaab10322DfE32817d41fAf85E54b4,1
0xf330Db6A0aA6489C5E05246EC0CEcB84d6002C28,1
0x2D7Cd1Bdf1d1A03461687F9ac1Ea54E653214Be1,1
0x196beE428c6970EA0788aE7eC423335895BBa817,1
0x88CAE02d3D7D2bF079dA9ec37F5660B4834dB3d5,1
0xe5D71dDF0dD88F2D7eEcFE0A962f3DfE7023CF5C,1
0xd64b30D41bE28bAA86da483724E8B30954D857F9,1
0xc2090A0910C0f2eD6C9ECDEf95C6a381C431c01f,1
0x999b98242f5384E225a02aFceBb5Cfc817559e65,1
0x0a72E3504E67C058b2fADaa02C871Dc7aC34E751,1
0xE8995aeE06F518dE9865917ead8AA489D1034649,1
0xD3490541076D61Cbd5f6B91139D0853c82ee0BC9,1
0x6C55aDfC84612Ba27E9548c78C10aB3dEaC6aFdB,1
0x98147e0F0d4fFce4eC2F95861B08FCAFfb555Aac,1
0xF7b8de5F139F24f4760460475EcB61e0e1319cAf,1
0x2210fb59A41ea6F1E1Ac6613C4d83a2Bc74d9A18,1
0xc78ED989d84EAe2537dA1079e0A4B314a71A4369,1
0x2941884E7829ee1d7806d57B355Da3cC37deDcb6,1
0x2600A539B907CC897736C9059F6b2d4941aDf37B,1
0xB9Dac5C3965e5C582faDdE3B383622747b22E1Ae,1
0xBBD16Fc3aDB216d12e06b0Dd456BA2eE3292e3CB,1
0xB1101C790731f62BD06cc5e91551Fa523a20330D,1
0x611614cfcf7F19AcA3FCC7a09e4bb77cf5f398f7,1
0x7a0FB632f86a8C8236aC8960b3a9cada3e7E0B30,1
0x6aB3CC188599Ddc67500e4Dad5f435598Bd2f14a,1
0x6710Fad543610CD0aEd8E468537c3d5373ccD7da,1
0x005537908CdC0551c116A8bd951c5D4486775693,1
0x1fF6f3f1873230d20EF3A9d9e85CA64F4421F7e0,1
0xd553Fe129584198F36DcF6e54Cd3176Af2d5BE0b,1
0x6960d1fA290F0a60896D23Fc3b533a9b0de03644,1
0x23B5f526Ffe0079233A1Def0B53dd928C88143B8,1
0xFCe600dB2b8de9a6b5AADee798170bc8e4D993c4,1
0x42EeD31a8BB26099364b301ae087ACFB037Ba864,1
0x11E14b7A383F3D7B82dD63da8f9B6B4D6c392B6e,1
0x399e7fE41A3a2812A9734366AB5EE63e732c5758,1
0x268EF519eDBf507Ed9fF31a3EaE96c82cBE1bb0b,1
0x15F490fe47A84A50c75B0Cc4c1f4B17B7188306d,1
0x5717856A431fCAB27198B18aDCB0215E44F85583,1
0xbADfB72CC08a957aD8A56B49061A50eF583DFCdD,1
0x48328D2e8F12811151016a51cBcfdC8ACb81FCb3,1
0x3e67E9c147Fa18dF710199D329F46bDaab128087,1
0xC395154d151Ef11CC8a2e8be671f231a94406a7E,1
0xE51e79FEe438000417C4FB609B933887dc758e3a,1
0x000a6457cD56F92bA4824344e1d16923762725e7,1
0x8299fD0b56C59548FfD64E43f0b7a1AC5C106b59,1
0xDEdbd35299Dc585457B59257926896540B2695F8,1
0xf4bD058B86946dff0A6EF2a2977Ee4C40EFe8756,1
0x525320d8712AeAB3f3FC6195102ABd477AD998Ff,1
0xf97a5B1bE997503Bc88156Bb969CA9d59bDEDb07,1
0xC8E6Ce123389Ec88893740adCf22C36161611362,1
0xFDD867CC29822F89194F0F9c089f9903183d5423,1
0xc2703ea9da719578d5627f2D7E5B471E9281A268,1
0x7400ABd79F89dB73CEB08b00AAecd2dC1D6ef0EE,1
0x59eaB111E163124c2938c741B1D6997573Dc2338,1
0x033E0a61aC00288A6388D1c8BaD11a881cA9e212,1
0x970733347a1AbF4a30c8c2653522DdBCa12d1320,1
0x0E0f4f690027Ec2f59321BE818761Ffa8c782309,1
0x26cBdD5cD96833F9912f5F5Ee508537894b990c5,1
0xe95B55CC9D28922F07D3f95Eef6DF00FDb29F165,1
0x0b3bfe556e31f3c44e2004d79DE4AF01f3f362Fe,1
0x1Fa540e2573f9E2Cfd4dA7980cAb66e9Fe6853D7,1
0x0F32b522a8331890fD0d6Ef45b51C180fdA5EB5B,1
0xED1e54f3328524543B31D427702910CC355e7FA2,1
0xCBb09627453DaE12B58097E70985AE7F5209889d,1
0xeBE3Ee113D4e099aC6420129fE44039c477693Df,1
0xC5681832099869B7e612bfA8575f1c0ddD25633C,1
0x0743542070891051861f8D0a4550f97B43B0B89a,1
0x0200aFaCe79A36DBB982C792B7f0b5112AC70826,1
0x3C7E868e2ee8DbA5d372c52Ec58C7e32cD3a1e9b,1
0xF37A1e05106bd964E5095B328D6Ac5629a1f6b54,1
0xD131F1BcDd547e067Af447dD3C36C99d6be9FdEB,1
0x870D0426059F9A16f2F7Af069f8aBcAeefBdA6F1,1
0x2F2F665974261C4129b1DC6c359BD259CD66f78A,1
0xA88082B0745750a1471C7F8202F7bcb53e6E5061,1
0x2C47f3c925041e552D0260039DF5C61A15E984F8,1
0x683B921AC4095237c52Ea18668a47BF5a687c6FC,1
0x30E6eCD56E30bC3d6C1e08E0f3d8bc55adc32Ffe,1
0x757b8564088F39e235e9E5FB57c6FEf37bDD2506,1
0x6487AB75368b2d73A0aEE92399253E41bC4487A2,1
0xdd3bC8DCd86695E36e61A820b8E7cDC258E213e7,1
0x039699832a9bBf2A492F1E78c8fdB1827145Ae7e,1
0x3273C7a1993774432Df8666d43d48D3E8FCA435A,1
0x7BEE10a601D3473C524e4E5E94f1DE2911f1Be12,1
0x0Be9cD8A94A328831B60a5245A154Ab23130E516,1
0xE1c48aba4Da2a966C39C5251D542Cb6a8B30ECa9,1
0xCCC1A987Fe843ed399a133Dee7ee0A3615051F3A,1
0x26ae0bF84102AaFF595C810FE448cC474aedbF42,1
0x7edFBd2D04505e74EA6Ff6C1720275a9B16A3869,1
0x1De37833529B3Ef0bAD542Aa841E647398A3Ea03,1
0xe0a56d8d8ceFc6f012A66885d4cC2Bad394b116A,1
0x83A26c0abDE7dFE39fbc062c198B9DfCF4BDC782,1
0xb4b82f9A0fF488D93b5d3e384d320763f8879276,1
0x827e647A715717B0cae020965c246285032A88d9,1
0xE94fe0704EDCf6b2b4d595c661BBCd07222Fd48f,1
0x1565f3Be9881C204F470796Ad29d7eEAe8Ab7086,1
0x81FFc6E78e2e5e8C43D262C518688ae88Cef34A7,1
0x1061D71557dec73bF8F65dF86f161b4e00f35E60,1
0xED4A59031e82296ED0Ce0E3E1Bf0020A5570150d,1
0x63A43A24DE2CE6B1BFED393f6FAD714B172a977e,1
0xaB6207e9445dC9647268473886999e03dCaD9dcB,1
0x8498843f6D9046f7b59482978E152D61869203bC,1
0x2f52fD101A9d766A87B3b241Ccbe596337310761,1
0xdaA871A678A17e06b6322dA0398bd65D17829ceD,1
0x3d2454d68e2e62299bf881EB3B698cc5d122e38f,1
0x7Bef7b5777838b95b3A4105F2D6F4f6bE5A7F319,1
0x9Dda18135FFa487350E01114DAE14A687396Ce00,1
0xa114F682B4867406B62F82b34AA2462bDa5dC3A9,1
0x502d25E08d9d441d5004073E90DfB53A603056a1,1
0x0020aA4472066100e6b5A7497fD5FCb17148FF6e,1
0x3f1Fc4B90B6349309f91112d7A124D83D7cE3193,1
0x1d1DC008ef7E70acc6251858710fE2C7D4e8e431,1
0x291C3063a40e1594A94aE8f5F84A5359936619F7,1
0xC842dF6Bc2aa7f622Ec8D4a43CE89CBe464d51f5,1
0x7bB4a792E990313445b42aE334E0d7b9c7f24409,1
0xCa8B5531f0F010A09201ccEf1ba7C7E503613A9D,1
0xF51e815A8d7F93D5b3420279993F53538fdcEbC2,1
0x5Bc8dd7361f350EcCA79AdbEAaAA1E6b9581a5c9,1
0x9659cEd7C9dA16166CcE37A2562a907e9668c5d9,1
0x67CBE4949c5221bD0AE833d9223Af2F8DBcd7D5B,1
0xE6118452150354c495fCB9F67bb7162f465cF273,1
0xA8A3a288d46E3014b383768Ff9EF4cF9eC2839d3,1
0x13376824deA4Ea56Beb99fd0f46b6E24c46F12DA,1
0x7533d66982E169ddF4F6A792e13d1Fc51b2F842c,1
0x3a79822d218D9ab9fd4E5c4c992665F0206bA84f,1
0xe9fa6AB80C2bDbB6Dd576ae668745aFC1226C7f6,1
0x1AAfeFF965e5a082121ffC67aB3Ea4DC3E415b7b,1
0xd65Ea6fC4369Ce85b3Df6C99Ebe810A0b313Ecc0,1
0xEcf3acfa741688Def1693c20ceb9420A105b06B4,1
0x7841Be0ab2de7797A96816Ef068420A6f758d40e,1
0x44a6967184ac3E4E15149cb65806862f4d6A1dc5,1
0xA38F8ddc7664cB47A0F28bcC4e7e7a873F8561f3,1
0x026f4F00ee86343782C0b78d9A14ec9dD25f5356,1
0xC0E96A12f4B8F0aB8057449b80200C251C502f79,1
0xBBc72966016848f352CFeb82AC697DDd53e1EA36,1
0x13Ad89D1C63b07c629492b4e5D1B1039135355BD,1
0xC4C3c2C5c6BAB86EbcB77e6b5795C638bF150f54,1
0x7848C2D074e2F74D9aBE2C284aEe5F8c997Eab58,1
0x928Fb1d3ae1642dA7Fa57B3Eb0EAD8d57d6eFa93,1
0xB7429Faa58A22c65EfeBA03fC141FC8034c06477,1
0x54B4b149B87BE7c45BA0B745754Fd73b8F7e6a70,1
0x05405733c5B07C81A087aC77f3DB20ed03257D2C,1
0x29289832cd3c9482206080878A5Be1cbeaa994DC,1
0xd39785493E981ff6dbB7a8959E468A08541A41F0,1
0x825e822a6AD3F84683AD6a0545702Df4b32f4258,1
0x9d260829aF9cfc8A4Ab9f6af0095aa7482C4F122,1
0x95Be0C7F4447ba28EbB3a5E47087441431d9A628,1
0xB2d4755fe0dC77f897B10075d6d8EF994F55e600,1
0x29dF6256982f302Ab2972A70c6Eba6ED90b220e7,1
0xd4bb9bD38319E396C5A1B7B5d3DfB0CC871a6579,1
0xa6D31551E1459Df688B9b9C8EB582e566ceE2E18,1
0x5972E4BfE09eD3Fd54eFb2c6D82D7320e888A2F3,1
0x89121195bA1f1785Fe429f232Ef20Bcd88326D5F,1
0x43D891C1b4118B709f3d63E9fC47daAA92E1112E,1
0x6B9d080F1ebbdf8947dcF113D0515C5a672D1ef4,1
0x05431cD62F011Cb44Ec803Fe4AC96FAC651CA494,1
0x597EE0C7025C82c23a8192f3C877888AF9ed1E9E,1
0x7d4053510C0E2cE0f127cf890FdB84F1A36cDC6D,1
0xFD1dF59F5dC242701A85Bd013C5295768bE819A6,1
0x11B9dd6d3129Eb740011b1A948aDCbCB67758a10,1
0xA0DF93f63dccD05Fe3244A872a3c48EBF1938F94,1
0xee74FAaFABfA9a98cD669c5B6Bc2F787e94552B8,1
0x01355FB8Ea6DAF94B2C62BE852B2DA95E744AcE6,1
0xC3EE19826F13b3509c8fEDcC5576552c36dd74BC,1
0x20934C297Efa6931B435A184BF51394630CE55dd,1
0x92b0E1E289bCF3b6C2A4431f2585Ac307335B577,1
0xA4b59D673A03695d511B5ABe59da2328Fdd525BD,1
0xe0BC62Ac0156f3DfBfeB6597dF2CD38cC1bc63f2,1
0xc716045A5cE81FDf4E40515713062d91c6619ADd,1
0xA91bB688dd1931852ff7136342ac730de1EcD027,1
0x11A565c3260D6d9561eb1527f3A848613022432E,1
0xc7dDBA26bDCD2e18af8D07674D2B4BaAD3d2753a,1
0xD593be7D470Ba396c180229308EDAb4e60b98479,1
0xcb74D99e9B79D3cF003d94225c1e94Df5bd6D246,1
0x3691AB7693c949C3F68a90C6F4E931Db6637476f,1
0x3FD3B4Dca42d66450508e57523dceFCb223ccbA4,1
0x1e9f7e255F5EE76241eF593b390fFe87FF419079,1
0x8d1cdd26BaB908EB966400e96039b0A6Ba75eb35,1
0xa41643c0A98319d057B8106bF8539438A6065071,1
0xCBAe46Fe153d52F6A5c64fb92ACc856E870c0948,1
0xF3A60FD05491731F6004a88CaA91f7f2dc01461B,1
0xF77D26c0d3777bb06D7AFe391f9822632d374277,1
0xb2ffA393F0b4072081eB2738EB8340bF877BaE38,1
0x85857D4D408aF5aCD08cE33C68fc93CcCE396201,1
0x22c9783EFa52eAD1208f7F353226588C9aD6c5A3,1
0x496b65b1c5998eE82326Ff8A3F4992F05CB47b31,1
0x61e61AE4fCefB8FAc53cF628B27e41Dc8C7e64b0,1
0x81eb31F04020CbA1FE65A072aF64FCac3C119c2d,1
0x3e72D4a3Ec7E0Dd844Bb0Cd0cFe66b6068ebA99c,1
0x4bda94Aa5fa42e9e3747d9cC7f405a04E966fe8C,1
0xA6703cef72eD7536f6648BA375eCF71DcD25d641,1
0xaE38aAfF2EFD122c55B5b95eB28fBF8F75710600,1
0xd011e3875e3D0229b0E186E64295aa47994c40d1,1
0x818c2e04d284BF10120C2883edFCda659Fc5F538,1
0x4f621F90483a490CFF1343fF59E548D9EeEc0A51,1
0x42540AD02219DadA4945727139711508E64282a5,1
0xE6C55b0Af75151960005eabAE3fe19528C1B131B,1
0x47378d02AD49aA73DB8FA6f4fD187142da3B47B5,1
0xF87Eb3A8457Ae4e42AACE1733FC321d9D1A10678,1
0x08F52A76464b3B839E0aa3a2f441Fa09EFAeb9E8,1
0xF6e28e1A9E75A82025EC1C76DAb702b47ee499E0,1
0x499541a3B08DA0FD43E3F3e0D327720e990CB4bf,1
0x7db4787e8263b497A0EB46eAcA60a4ebd14b4fCB,1
0x5e158B4457d9f5e34fe03DfB13abf5FBf489fEF0,1
0x75aCCD2A273342A4364979985229498212e6bb30,1
0xe0d817c734B963231a827614558D98b75F67Af02,1
0xD9E1D61D51b4D1EF7da8F09CaBdDCc59030BF872,1
0xAeAdc4DC6b1DB189fc4b2C53Cf09431DC86D1eC3,1
0x506e09E43a9f36493b4Dd91944f6fccEd3681d5a,1
0x2c58C37E176ACD8E3a07cc92Cc34dD0E63D5DEB5,1
0x100d878FCe93e8dA7a0866f24425CB4f410c41eE,1
0xcC4Cf561Ff49Ec0B8529aa745C6225123dc8B499,1
0x70FD81f4D85368dB46851398F7bd667DCE2dD39F,1
0x667756a3906081AD924c346013430E37993dc48E,1
0x6c9d56671A152a9b310F808b88f522f01a223754,1
0x69E30A33c7fefCccA2aCeDC84c70e40B4B47C2d6,1
0x03B2FCeeD94bd72C8d9260Df56C5b85cbaF93e47,1
0x246c5c562D3924dC1cA4fd2A6d1e68Dc8ffFEb5d,1
0xc191a29203a83eec8e846c26340f828C68835715,1
0x8A6E76e0B2E1d58b7A9c970202F9B5e28c1170d6,1
0x058534b307f97Bd2657bf92aAB09ED7F6be22695,1
0x1341df844780b66AF4ccC98Ae0F34be87eABe1d5,1
0x93849f0780dc0A278EfDab605f315bc5b487be75,1
0x61776Af4bc5b3FFA8475b784aAD9ABc8B9bA85df,1
0x4F8225e03eA73c113140C3A69c363FBDd33b99d8,1
0x3652DBf64d5f142a1AFD0522caA1562F980cE949,1
0x058B78Dd16cFD9f3C83bE1860aEF13Ab11821302,1
0x9618336ED6520697B408a6E97d33dC9866a8126f,1
0x2576e05922B172991da44713f643250A1DD94A1E,1
0x66805D8B82664Acab4CbE0C0498889dDE9aF7841,1
0x9315180c151531e1cE7bCfD9Ec19f2A8bc4DD5E0,1
0x35e4E2123c6ffaF1afcef3aD3700812CE6e1F272,1
0x48811BEAA39017F8C7A659C99CEF4442866A2855,1
0xc255EcCf23a38A9e5fA5d02b165c19FE43bB22f9,1
0x8F5b9906fDD245E58f081F07c68C6d3237479b01,1
0x4D9738B89707Ba800066Df43543f469Ac5966542,1
0xA788E0586409FA4eaF986E24604003adaa3dcC9d,1
0x28228D2E395d82B54B7351A78e71E6b8d8211d5C,1
0x616Ae1dc444c92Bd6f08B0eFC1606D3B89169860,1
0x4FA4320111b5442D54E2A89e150e3A58D646Ee1D,1
0x82883097d45c37b9C5b10515592315251cFB288F,1
0x47ea9e812f39bc26F95Cbf1fc36230558492133d,1
0xda8379973Ea04cDCBbfB7BDc9DE3EeB9Fc9c2Bfc,1
0x19655b64BC180742F8CC62129D2B29A4b76897De,1
0x4C55ADF88fe327BefbA5dd15000b039B818f365F,1
0x244AFBE0131F835A9E189B9193b50a74254Cbe5E,1
0xF098627a09604901AD2E63Cc9c2c490194c96641,1
0x8772ADCc1c7c564Bf64698dd67bc4F1F45074340,1
0x408570441054B712a9F8b4c96101915C75e3f044,1
0x63804367Ac006D7C8908Cad2279eAd9A2DfAaf46,1
0x3629b9B7986715a66a7C79fAbb834952C26b460d,1
0x0026948023FE0546EF6D3DB8DAf5e82881002fC2,1
0x93f20555EF0F96df6f394E916584357b794ab58d,1
0xa48cD684ded1EeE3dE13E052BBdcFed59558a1Ca,1
0x152FD554D0437433D722561FF71bbE51FA9b6ACC,1
0xBfDcd4faa761F2f3c518A42FAcFE960aecC19741,1
0x754CD12cF77f8f8bE2997980158910aE31Ef053A,1
0x65976402E43B95E180788C394F52d595c97781c5,1
0x56b168C92D6Cf3E8f9fB5F4f874cedD3Cb349774,1
0x8a6ac2B24CEEA8924D645b4CA20b68782860b066,1
0xddD8e889e1fA1F6acf7f5Bc76Cef10e4dd965d49,1
0x8b007d95cEC8Cd06293A0EaCc9b2108dDAfAfD91,1
0xEbc790D6420Cf02755c05E69B26Aa27b1deBe250,1
0x65Ef8f2273Ef5ce8B11EE6cDc4Cf7281FA1205B5,1
0x269144C849E2cd8c4FfEcbEE0FeFd3A377372E5A,1
0x144C1dba38B2AD72Ce9125Fc8e0B917aE75e2046,1
0x6907A38C1ac73473C7f52CfA55e1D08f04740D8c,1
0x0f1E649Fbce68089BD6852C591FF14D722E0FC94,1
0xd7E14e6D6C04e4abb671C0d02eA9655ea0a149d4,1
0x50D2DEC635c48f5E8CeDE341Df87c651c6cD5318,1
0x8951dEecF8731aA1d61E42183425Fcc609CB9123,1
0xB5C9364e6BE9c9410Da6C5be314C566FE3821FF0,1
0xF89AE013ef65778f78874290BFBB295e60902Ef5,1
0xE305a010074A5D518d1DdAA7e77Ca910bAdB9722,1
0x817a7fd1dAcD3ebA0e6744d1687A0DDBB5e901D3,1
0x84884be28FFec0f23EE619612B1B4Fe87B185862,1
0xabd67a6bd9498DdCf8810b73bf91e67deB7923e6,1
0x52F0D610518DF0CB6A4830F0f2f609c327b15290,1
0xB683B3BB4fD0Cc23750170f0FDf984020408c3A3,1
0x10D9A274C8Fd85B9C16D57ae69ea7eb0A72f5876,1
0x12846A6Da4e729a6B5c33d32F93bf52EE3CAe8C3,1
0x106b1d569fd418f544c7dBBe698057d3312dDaBa,1
0x62c74081683af8840d97c6d0D05e5747564BcF28,1
0xE684702160f42164844F68Aa6F33A1C1ad0dfF36,1
0xa80B9CBA10e137CF1279128523A98430B0f30733,1
0xA64A79C8f803C9494383B4Eb097Ba7288f92278A,1
0x8dB4352B2C8B1B607540F2FFf968cd5275c3D677,1
0x9046EfEcd0b1395287F3947D27512578cb564f98,1
0x597b1412D5a7e2B26154268b4DF7DF26B209FDBF,1
0x4184Da54e9675Adf8b3F73d4BBfb8026AaB51cec,1
0x282d656A9d95c64522F6Bc1a42EE759DE81e8dc0,1
0x94061E6dFF5E6474987be0D3B75975Db9b1A846C,1
0x71A61084D15f5471Ad396f8648f908eAe404a5Fe,1
0x2224524C356B2922C7e15657a24C33881d199104,1
0x1b3510fc2d2884DD6C93f88946699f0d2D648fE9,1
0xEf6E620fdE6E0201F90C1D593cd308933b907BCE,1
0x621ABa8bC0d8aBc56b3a0699ECb22d8A7d1F1A4f,1
0x80a345735FBBEf501B08c36f1bDB96740D833f7F,1
0x7bf78611cfebB384F484FAa942A1cc4E766334ee,1
0x242086FBB0a6F8a374bdb00B2177fdA50868522c,1
0x70eA348F8804cad860a9dB086F80f140a8f4A3a0,1
0x20ca8E6a16e113392f3e2Cc6b05F57fcf2aBA323,1
0x5977Ef3C856506BEB54a8587FC3EcBb82d127e91,1
0x40931c4C739D394E9F2235e93E30CB0C697E2F84,1
0xe3F34535F01342aC8145078551DA423795313Ff1,1
0x9f9f05D7b373B8EF57CC9579D0b54f643e1835e6,1
0xED35430C91949e8e7cc9a35044f4b53046020D2E,1
0x2De65707c9181d100dd95529c697DF125Ec85aA9,1
0x8473de7Ffb4E8B942d69bA4481C5221686281318,1
0x973e2681589bE44DDd3eA8121233F296938a79f8,1
0x659fBc0Fc53EA0368793585d1e2C76d6eF48Bf4e,1
0xA0018220E2Ead2640AD776c4F7fD84e5c65A26f4,1
0x3a8b9B6d9286A42d3956A54DC60ec81c6865ce82,1
0x2088536778AeDCbd3aBe99DA3250432B38478c44,1
0xAE5b514557aBC14dca7b4299dfD414549904cF7a,1
0x2713Cc0aE67Ae09F29563881ab4fd5eb74f272a0,1
0xcD43BC9ee0a6f61A1F070B61CaD07ef7ef0B9E54,1
0xB198F78bc89c87212Bb795f87458A940447b0Bf4,1
0x3b368D514AB6413725Fb4182F69119BA228d94bb,1
0x3Af7E5193B35Ea72cE5815302a9a5d1DbB198A01,1
0x19f04f18C86340c6Cd0Fbb6AC8E548e6c3c176c7,1
0x7857f6f02d2Aa86633dA6C3707AF79b7D40569b1,1
0xACe1691e6fF7717Ab58a45989F275c94C289d0a0,1
0x0f7009C0B5ED55052Aa7B9B16e1Db5F09e876093,1
0xeD26B14762eDcE1d38e17b94afBb810a441C08e4,1
0xFf36b9cb75C9178841D8b75Baf9776bfA59FBE9d,1
0xDC5E41209dD966a118A1A2b6A0d147bc59387Be3,1
0xC61d3882564604374f4335FE954c125534E8Afb1,1
0xc3914B5D44eB453f20c7FC215979eD85672CC596,1
0x152b3b9bE606e2A135Bc6F1c90d543eB10CEE47E,1
0x7C3fA7D22E006394f719EC6902Aa0A7487b78Ad7,1
0x0332A05C57a3c9C56F06329fef7B12f30dff8085,1
0xA7464f463d4885ff7E90e815b013419D7EFa9863,1
0xF11F26468BcD592809095659f7cCD143D213f612,1
0x4aa1f613e40272266dC1c376518a8A17A5fffc5F,1
0xDe08b780Bc44F3c6F2Ce4DE59c47A7418C7D3891,1
0x658191594cdA88744d8158813029420dcf137A32,1
0xFc1a7A26Ff9AA2b6b298f3658Cc90ff89B62a072,1
0x37bf80D6d6c2A35BCfb86572762977c361EF9A4d,1
0xD2Af694093324Ef79359Ec0B502DcF7f33A2e60d,1
0x4268f90188F267849f7fE9fEeA8785CEab3F12DC,1
0x1762181FCDa59093658efF429f1b56B12778b701,1
0x55a56186C82ee1F35D3b652F98E533f62262Bf03,1
0x487658f5fA558c5391ff05825a9B800403c3ade3,1
0x2b6B025B0DB62447159550bb47853A73073E239a,1
0xe6f0100C62Dc7F44713B32124c53cdb8D24F712E,1
0xF2549e0585F33e69E5778b2A6473f7c21DdE1DC3,1
0xADE4FBED97eF37F3BfbaF36B575a1B114DA92155,1
0x8Be36639bF314f9a54f94B4E3a33b49C29bbB6F3,1
0xf318C1e48fB2Fa0Bf9eA9c06f01d1b13E1FDe428,1
0x9A5aDb9339e448607e6aA9C34142699F5149794C,1
0xdF8111093Ec328108fb2501056685c01A888EdeF,1
0x8474Cc92E53217f5B42496cc03e71095e124247B,1
0x3bD558919f7547843686e2369BF0494b71e93380,1
0x513afaAbB8ab47786d4E85a1B90B606A8C3bcCE1,1
0x9A19c154faab5FB600f4B4a28C5a15302fC4cec6,1
0x5bee07ead6719c12Bfe3b9AA2F8005300564aB04,1
0x894f1fdf83c322A6b35aFDe5F2942eBeb670ed30,1
0x445a9Aa24b89000744609f4aB3e31a625ffC310C,1
0x9d41A4D2Db50F37bd383dC098a97CD77F7C6e76d,1
0xB9A735adF44fF13825a886224ce4eD0B01c1b60D,1
0xAe52e1aab482d3fB61a8737332351A1C11574d1f,1
0x1A01e529c5910be6885AebB67c3E2B0063132669,1
0x0A0B33B62f5B22f3A6C233B9fa13EeD06aD5C2E1,1
0xFC33181FBaB11D8C33Cd904F7ee1D4C62685470F,1
0xBd2bA1ABa81360596DcEC2425C72d97Ba2db535a,1
0xfA18D8154448Fa59103dD8aA15BC8799deDbA450,1
0x26fde1f19c3E646b47d3FbFFd3Eb00e9053B8C0d,1
0xa61342A4811c140D802285c39920745c2c7aEB30,1
0xBb43D8EB97585B9e8EeeC90c342714a95c9E1350,1
0xDCDE313436C5eB2985a9E5acB5f7B652b9902EF2,1
0x0C71dE0CF6B3947EDD6F09bb77E346E24D7c0fD0,1
0x81af902e66d3857f64164108Cc5A11e5320F2371,1
0x3848fF132844b56b0E5E864c22b731Bd10c93e84,1
0xf6408De90Eca58afA6ef7A780288cB3327dE4174,1
0xd30BB5823bb2B81d783B32d55e56521eC177fC8C,1
0x1D54eE6c2e15B168F35a578Ca2BCf49F6A46c473,1
0xaB51f0b65dF095Eb02C03B5dDb463E22EA0595fc,1
0xD662EEa026B8B64c9DE19a4C5aDa169843215e99,1
0x8353a3190b99CBd2a04D140ECC294098975e002F,1
0x9f4C45d8c41fde7069a8C6F9F09767d892929968,1
0xe30524a5f0E7F8CD9ac9e48664ffdE75da21eE51,1
0x08a2D96931Ac481c38AB18ED7b4377A0Ce389245,1
0xA5d4Dbbc18091cb4a43E31C773AE9b5383d5aeF4,1
0xf47e38e8824Af6592eA5eBffa3e3068c9aC849EF,1
0xbF77B8a74Db0844032cFfB3EEB487FC500765C4e,1
0x2D68Ea7E7906a390E28C7D3Cb820bd848cE00A1D,1
0x10BD55E8578F0cF956caf77cA1f65DD4a105731B,1
0xb5960d952849E5f7a91578Ee07e2AF3687C3E065,1
0x78C0fdD0196c9A5dfa3a5790d77C5f0DA32ccEFe,1
0x84Ecf15af6fEC307aFeAB934b46947967Bc02d5f,1
0x38CfdfeC172989B863dA8f1a31A8DA4cb3468Cf3,1
0x98d15d41ccA53AA95a273c966F7b2F0523FB8F91,1
0xbf98aC6F77f349E23aa0BA6517d2a0dE948acC89,1
0xC406C1A1D8D13C0E56267A547429810158886b0A,1
0x0F9E9bfC9779246e5921e18a696CA9abD859c346,1
0x9D67365B97cf04E6FB2f059E94c4E9f7189EaAD7,1
0xd8FF36BD818BcAE0278F0904D527206363795082,1
0x442fEEA58Ed534D15B6773322567f8E954563b44,1
0x16E658f644B90169C8251693661A0eD5026DeBd2,1
0xC1c23C3d8fE5BD67122235665A3843a595025669,1
0x86C525700Ce7Dd77A87A9632fb62593F115E2472,1
0xdD9927D21A4FA71a6e0ca1d30ceac0728Bf9D439,1
0x5BFDA9c2B452BCb6a1cDaF20C0e1E4529D1b4c47,1
0xD53996EeFFe4222c9eD6ED69108cb5d811e4e6dD,1
0xe75C9B1Eb8d1B49861431c7A673928ad1c858fA4,1
0x4af178f38F02F57144e23949d502CB510E721bd4,1
0x91971781AaD7FE82f513c4b72A8365133A94fEC8,1
0x678312A2BdD03d7D26351886d303e9D6B15e4f47,1
0x21F8b104715a28489bAa7D6181761eB3804Cc518,1
0xe120Be880D79adEd4cdbf6F2f9Ef880987c82dc8,1
0xe5F5A52cF689d980523eC313ae7cc0308B778307,1
0x7d84b7fa779c86922E46D1C1B18f61A41f3b9799,1
0x0516e141f278d4f1617A874DB28bA041128b5E4b,1
0x20126E043F96a185ac2197a5C37f1fd63d739B34,1
0x81A76a7b0d6cF71babAF5840f103144611caba1d,1
0x1c31784770B94F6e3da98599607F538F96B6e375,1
0x9A3B2361ff56AC88888e69034251EF171b9d9FbE,1
0xF4b40B20572D117EAD7b5ca3C7eFf7d3CBdC4067,1
0xaDF03f2daEcCFDDd8624eF1603CbFd70e262Fd6B,1
0x3812801CbF0E41413DB4835A5e36228ad45E32bf,1
0x72cCAcb0f2B448a08949550bb4e2Ab1E8E7F0E20,1
0x204252d44838d278189a648ba4C45433A2c495e0,1
0x6b9B3Aed32D37Adba2fC5f557C1831193c5E6264,1
0x99fBa670e49e27Ad1C3e66c502De8525Cc27DBA7,1
0x46d5A03c5564408fD570218762E3634c5D2C92E9,1
0x7453Cd5C7CBd120BC48F108CB39fcD9cE7766e4B,1
0xDABF9b26Ad0E487Dcddb022F54E08f278b8b3036,1
0xE9c59798E49a039823d731eE64cbde7151271482,1
0xd566Ac97be0aB14D23ca9E5bfCe7DAa264eCcB73,1
0xbE522E560a7E69613c35Ce4471973D1f8e06A859,1
0x0e6c5322296537155E45A819c75FeC8E96B1431a,1
0xE8E5909dAe931d39c0d068D5896DB656ff87D1db,1
0xC7A3F400cdDe42cf52f240e46ae83d59F3dF1303,1
0x50b20b52e04765Fe37B713D9639d0A3FCAFe8768,1
0x850D6d7BEFD1f19b4A5d7470c95DEe63B28d40Ab,1
0xEc9c38f0A06ef3Ab2C549b3EB90c97e69E1E4E9F,1
0x1bd4351e963773ef1fb257785F9e5DEaA2D1CCa1,1
0xECeC63d08056F157350b2E28BA17D2F5C2a1d5Fd,1
0x7D7fdA374aB3eDf5EA8c36f131F20C43D8d9d739,1
0x02fC40b25e05422d940DFd4672de39AA198236A9,1
0xFF08de1c2c4378988d4D3582a6ccDDd0cdfEc195,1
0xdB49EC66f1e91050A9E8315b5a1cE686941260d3,1
0x974A6e338a397e52E69A50dAEa131F7FDFED4332,1
0x56F26733803253Abfb94839C67a2A71F691D0949,1
0x4175abbc3a231125C83Bc967cc42487dB0B0aD9E,1
0x85B1B7d7472EB9d05cD9835db94BeFbd34F26a13,1
0x50b7b1cA8ae1C78810F4255eB382e29322c184e7,1
0xd7d9116ECcC83acc8b07dD3231745b917db1265a,1
0x223c88C01352f7083A0E4882d12FCA9e3E2C872A,1
0x8200D8B0206A9E928567aB089A9439741211035F,1
0x7544Fe5c283352bD98A995a6B9AF580DC6F97a7f,1
0x311184Fa1EacA8548A760ac1BAA74F880C75c16F,1
0x606305e76D79b73f0c68c42f9bbc8384EDfAcC8E,1
0xf8fC405E2FD12bBb3d2E32C06e891425Cd82c3B3,1
0xd98b0182b1013Bd88db2a6c0BE2C2e1AcE84Ba56,1
0xF73e558f7BaA77788023d045514D8A6FB83370d2,1
0x424218334903458E0862f48FED6C56aE795C2a82,1
0xb43321da59ddaeDF60e850e8499a767A0abcA7BA,1
0x8226a23E5f53142B2A01b1Fa3b8A8b86f89c6717,1
0xb7A63Ff59Aac0f2A4410A9634228F423932746E4,1
0xca9452F22D1BCE2520433A1E183B659E6bF72FE6,1
0x7C9cBE97Cb942914762463603b88eC3eD9AdC22A,1
0xd411bebad073425a911B211A91eaae3e7b687742,1
0x5582400F4b29719929d6721CBb84404825C6A7e8,1
0x64bAE41Dbd53bC0DAE88c5CbE7e4B080376594ff,1
0xA6770A9e5785DBAa41E3b9B7e8F564ed52Cf0aAB,1
0xe8fE67Ff8f383FF1110ab1DA152611E5E8E0617C,1
0x6B2b94B69F03f3B3A917778e610F41F1318A5bf0,1
0x84a1b5B9d926b2261fb95A0a2FAb85db5C4943d0,1
0x5DB7f6D41550f575E4Cd8b8F80D45502315553a8,1
0x02de66340e22768D1745841fC458B4EC445e12a5,1
0xf3b73ED0327b2F61EA8e123c3eA9ADe83f48Cb27,1
0x91B5d6c51D13a541cA25dC103b3C407FeF45EfEd,1
0x1bDe9a6E24FF4A47b79b8f5fca58eB80d17717fa,1
0x93450C0FaDcf8A7d2BDD57Bd3674EA1029e556cA,1
0x3eBFafB445d9392146955FD3d2c820230A67f601,1
0xc1F922b488Db8e77CEE200638b76807867E99Af5,1
0xAe87bFac24140f75223B4C8ED5211944f8941dF7,1
0x965E398Eace3Bc972ed2908D79264e52fbaE21ed,1
0xfec724C32D32cebe1998Eed26ACaCeBe95DaD85B,1
0x943D1C8E41CC74Ae37FaD4e9D5CEeD414F57670C,1
0xb34AfaCBf29294eE9751f8EAf575013Ed2130f74,1
0xc45424148Da4aba0438Cc4439FCd4d45a51709D7,1
0x4532280A66a0c1c709f7e0c40B14b4dEA83253C1,1
0xAB45ABCd0c52c367f5BFfed16e4939B0DC62b544,1
0x420459115C8D049832A2A366d8700e416A432e4b,1
0xDC0E468201ca26137977AC3959f9F546A449d8c5,1
0x7De2F67B4d0c9c7482AdFdc1b4A9B1CFF3532394,1
0x0DC19AE3fc959195259123d34FA36e4eed4AF2C6,1
0x448509D823c4846F3A8a15381937211c99C16C28,1
0xAdd904467678A47BaF453890ac4a3a5595dC66Cc,1
0x2561d671dE235f39E24C08ad54A37CDecA122C7a,1
0x7B0A29a9d5281A83aeD319288064b079828Cb729,1
0xd20a6c3f4e1Ed130907f611A90741dc3A2541875,1
0xe079dFD1779D8CA15032e99C92ea628E8b9AEa99,1
0x7cBE74099F1Fd3AF827e676a019CF5FD3cF0be01,1
0xE836aBDb8696c5c8a98A1f9BAea1C18769A89F9d,1
0xf03AB95a37D9566B6dE55BC933AAc30157c75295,1
0x3989242c1D1FE5D650A17A041C4A277FED777D6D,1
0x4f72A3E7dDC10b41FAFFE870e3664c5a4aABfFfE,1
0x9b5dbe0400d0c44283e8c3367439eB53A167aB17,1
0xBc741cD9B39F8be9cE7e4bcfFa267DA29f1Aeba7,1
0x7161b0519646080Cb243d725b3879489Efe978b7,1
0x1eD90C95Ef3B632De16756d5c3aF1F44572EE9A7,1
0xB200588491F3E2C909a3DE651729883c69650636,1
0x8E4cf4892c3b16508820d9D4e70954bbe251e439,1
0x226dd395D8493Ea3e456E52d5d82Dd7A5c91A691,1
0xb06b838E5e8bb4c974898BE6e6d9Fb0c24E59EB6,1
0xFe377bb0628eD405d6c055141139f24eaBE8441e,1
0xB01cFa7B66A49F7092ddCb5d8B665d31E08f07ad,1
0x7eE0F0dCE89a6130214507C55586D03fAC9640dC,1
0x960e830E81c4B41d4Beabf6CeEab7C54b9ACD017,1
0xc4Ac4a3dba40934C329Af9e7157007Bc043422c5,1
0x709201ddaaA36c7AD844c1F26AEE6dDbe4568636,1
0x940197332f6F877D40F3111C86c2E0d63319e8BB,1
0xEA6ce3Bc128a983E09c1d80358c8F5df72e95539,1
0x82243Fd0E1924832F10457181c14148b69A50811,1
0x4aCf98E7b380313439d189C94FebE7CCfB4aE745,1
0x96e41436A94160157f5cb02BC93Db9f989E0d7e1,1
0x175d7aC3844aC969c1d17431E59FF057AD17Ee3b,1
0xC46a3d4684fCBef650f6dcB90ac7A02720d43eF2,1
0x83eE33564EA39Cc2152baD87F1D0d464D07FA3aB,1
0xEA50d5235de2963413B90096B620BbcD275E63C0,1
0x4C0b9B5D8943CE9758ee5D951c5907F2651519B5,1
0xe55535edc9b84b4955aA42f59DbBCb168E277E27,1
0xffB615509667E450b73f367f694bfe4fCaD726CC,1
0xADE9E683Cfa84d4c47D74DE76AFe8c4d7042EB2b,1
0xc96acEd04A221D173799b5bC795f615F450443F4,1
0x81C60afF53618797f32d46018d3a4f2eB589250d,1
0xcB6ABF5e44D4e9C9fb9BF89D50DF32A8C801cF0b,1
0x3fEAf801cecfb1e9A412851199097D518ECB2cD4,1
0xAF4F8ad9c8907fA1D11990305E5c94f55d684152,1
0x54cF78C31739B97F87381b19937d13F04DC9819f,1
0xCef87676b7dFD1538e8C0dA209Af820dd057374E,1
0x82b5A6119d70a87f81b4624d69c57B44e617571f,1
0x5B65C749fbB3e692e2B9BB042554081CE94E53b9,1
0x1425b6086BF32eE97eDB36b5172612F54190FD26,1
0xe5eeDbDaFf03BC72a2108888626f17d151CaD95c,1
0xd65902904b489512b522E07aCf83Aa2f6A533D65,1
0xb9D4702Be5620d31a3ee0d86C793BBdd50565b2c,1
0x66cFF49ECF6ACFC5FB05983df137183FE00154Dc,1
0x6b2e2194Ef477E0764ba953a7BC8c507E2D6361b,1
0xF423f82AF87cA2d3F335Be1DafF376E3a431FCEd,1
0x2799f2CFf4f607462D052f0D33c1d1671674F32C,1
0xd906b3592Efec5DC3D50105F61A65afe1aD0cDd4,1
0xc875589FEdB950653cC3F450E88738A00c3773eC,1
0x101Eb380D06E443C7d456AED63961b16E290d8C7,1
0x7D73369469ef0738d1dB38A92CF3C54D0d54fBFd,1
0x40F518b319cb0EEe96e0E34462b81C4C5a93FD3a,1
0x2BA1D521595C5B31B177fD5263F8B002F570E92a,1
0x4652FE1967E81856B0C6325aC305a7e072b547b3,1
0xf043dF587FC106cc9D71B56ec4a7b95fECeB618D,1
0xFEDdfdCf59E2831B6492f884bf20FC2d85D30c33,1
0x33684170C3AbE5da1b23E3BaBd3caDA9645251c3,1
0xD5cCeaBF1d242ad7a94b7545aC2bD811F26EC1A0,1
0xF33797902a452D02F06d6EEf1ADf7FCE89630678,1