0xF285E70Ca2002b796A575E473285282BBf39D790,51
0x206C5936AFbdA9eAd6EF3d96e67d69a4184d0A6A,50
0x510a7aaF11a09DfD4E6dEd23E33C9A76460c460E,11
0x110cF16FC17F24a6df36357f3468e775BEb2AA90,7
0x85623b6afeB02c8e690bbe039CBc3cc3fc42A15B,6
0xcF8373446363216f0daC6ace39cd3dB12cF8689b,5
0xC7b2E791ee0491C8DF611d5CcfD87B17a0cB9897,5
0x59C5EF981ddF319e7Dae5328B4f54E8D1EA1d430,5
0x9D63038e7f74bc089eb38e61Be8Da937918900D6,5
0x226dd395D8493Ea3e456E52d5d82Dd7A5c91A691,4
0xA91bB688dd1931852ff7136342ac730de1EcD027,3
0x11E14b7A383F3D7B82dD63da8f9B6B4D6c392B6e,3
0xa7f593C77299AE5Da093d6878E51e3cF529B2DFd,3
0x2Dc8679Fe50474957CD23C8CB909Ab52f2F295f8,3
0x65767b15f31a13821d7C28212Ed9a28B07283B4b,3
0x829EEE57558E8Be2C5B963232097ccB2a2A06d03,3
0x61104fBe07ecc735D8d84422c7f045f8d29DBf15,3
0x000000dF34E2422bb7744BC93Ab7594d371E2D4E,2
0x02ED3E70b1005A957dd695D0242D17C83C33fcD6,2
0x034970A3660BcF0FdEbe879d5007dFC3E3d44B98,2
0x063eE81FFded3250E624CA1AE7b27cEE612f82aE,2
0x06eA3b4fc6E7f8E8CEb712b641c49479963CCa46,2
0x0799cF9710b62C5a63d2ad8d06545c6b66910b8f,2
0x0aAdaA54b39CB6762184Ea2C57b3cF03CEba6d64,2
0x0CB5a1794CaAd573d490c72c36eC7dA948E4E4Da,2
0x36ab2BA6c36c75377dE3657F32A045bD4C55B8c9,2
0x0E98837b0175f54A395b3C5a81684ff0B4c8244E,2
0xeC5897C5466558Cef257401a92568B543aF6a864,2
0x10364bc63464bD9Cd6492e9a1C6DE7BF91e60D38,2
0x10c520c156ea5fA555BAcCD615e79cF2c295CD06,2
0x72bbF491c1F4bB264668973666e6EfA94214F893,2
0x1976118727654b2904ea113F330Ee33f1798282A,2
0x68D5779B7Fc950DF2A8d1aF775b316CE22D20922,2
0x1D75f33DaEBaF06A0dfF56971dE3998f93B6Ec98,2
0x1De956c7aC4fFc0744Df5ec9b4751ccF8cAA5568,2
0x1DEBE59d6D60310C6f8f4416D91586037419eBFE,2
0x241bED444E0f3dc47B6DBF65a5ebc7B200352822,2
0x68be1383d14bc21F1Aa37F869D1696e850BC09dF,2
0x54e0296bD7Bbb2734BE155811Af400Bf338f0C64,2
0x26C3a3e0D5BF970c072d78c7fA0Ef2EAaB05D5Bf,2
0x27e32Ef9576dc05F4D08d978106fC16351d4cb0c,2
0x2989BcDccf9d113a492A4fA101b9C4daBC6675Ff,2
0x3Dc80B10A70F109a8ad06a42d94BB41b9587A476,2
0x38a0C07f7288872Eb759534AF7514960A6FCC1a5,2
0x3e7e835D416a1976547E7940Fd10b2239aA23548,2
0x3fB2F8276Ec5FdEa3a0FB1bE23e9E8463e266778,2
0x4e56871440Fd894Bf1e19e26B8A6D5553Bbfc303,2
0x500bdf8B7680d651a934B8C595b7088553346F43,2
0xdD0E8bc42f6126D0D2585b4Bf07692D9B172Fc77,2
0x590C673a9803748bF412cCEa5FedF71AEDA3EeB5,2
0x769bEb5bEb6DCFf2aE22e81795669d1FA385D020,2
0x1D7f204Ca9Fcc11733fe6F465EfaCA071c05D50a,2
0x6AA6773a94E84F38B28e4e7F27472322FEA402DB,2
0x6D67d7C698206857689de8EC6621d60cd6A1D79d,2
0x6f86AA9166bA56efeBa6CBF39D5f291C40f5E95a,2
0x6Fd43A8a31328dd5fb838b1eE930796af6b9d941,2
0x71a2Ed3C42D4a75F3a25FcD5C622eA32C8ccA2c5,2
0x758597A5671231211ed2DD13075c2f66cFaf4A9F,2
0x9a0Ad0C29bB064527636601C50Fd1520cb612185,2
0x7EcE4f0b6F2266072b473B130FA4214f6b8CFA08,2
0x7Fd11782E481CDDEf893A52f76895471417D6b93,2
0x82C4277661e1B1842B2fA9816B21b2Fefa4Fbe50,2
0x852663a31eA8A8Df75DF08810Cdabb56A866e883,2
0x89434c69dC4CC10dD7FFD75536B39548115Cf339,2
0x8a2978d2a61724BdB284Ae8CEC830e50dE18db7A,2
0x8efF57C5dCe6FFDD18BDcc12163628510431811d,2
0xE4a9B34921Ce86Bdde9CC2C4FD39ea4fA9D02856,2
0x95f9ACc1fD7d1314f5cba1f3AEA81749Ac4097BC,2
0x9BD47354FC1e9B67bB2e1Ba2BCdEeFb53f96F3Ea,2
0x9BF303A1c91c244dfa8bE052eDeDAbe347aDaC4D,2
0xA2c21c71a86Aa9ed0252cEC5e0b2070CC119E8ec,2
0xa5c79B27809cC489402aAc977287067f75B81E41,2
0xA79B8fEF72Df5f93DF78181Fb5BC1791587FdeE8,2
0xaa68629C5104711BAf98Ad600CE4F297B22edEcc,2
0xb5D045Ee46F26a6d9de59CcA670D6E8f35f206D0,2
0xb7D9e96079A2A13c11568CfB35C97a94AbDDcF86,2
0xBc741cD9B39F8be9cE7e4bcfFa267DA29f1Aeba7,2
0xBE74C7e1aB368f70531D20D7e404324E29bb89Ff,2
0xBF7668020e22Da49850009d9D5F5faA066E87966,2
0xc047AC8BF1aa561b2385d39E129Aad4c27ea9237,2
0xc21B449Dbed3fff8e71250d83FFc27aE24669CaE,2
0xc5a8df7703488243719df7a7Be273d9b77893D69,2
0xc5e874be0F091A437734691d1F68082Def18Cf37,2
0xc716045A5cE81FDf4E40515713062d91c6619ADd,2
0x0cE5B055B8F789E7D7416D51B005bE71824AF22D,2
0xCA16fAf47686aCFEbD6CFC74419fcC9Cbf833067,2
0xCAfdBDA6303Cb2675a6Ad24127857E3bC21cc17b,2
0xCFAa50c76BcF798D6232Ed11a548B943E19b3D2A,2
0xd2969F1D3713cb38445316EcbD85e88bB9029690,2
0xd32def66Ba2D67fbeD07fbC5dBB7907cB62D0dE6,2
0xD9e4C45C4471F63420E434756C5026286D28fbdb,2
0xdd93cEcB97197756dBC400557791c01246a086e2,2
0xe167F6F92Ac5823717637B2CD481b9C72507006D,2
0xE229d80fdda6008ABb6aCc880556032c757F966d,2
0xE8cD1710D34fbe9606c89c683Ecc5091E6Ab9F20,2
0xc68e88EA2C4d410d9Bd7BEce8cc054Bc974Eea9a,2
0xF02EFfdbBAdE9f97F6356bE4C0cB9896e7FeCCde,2
0xf0D3fC081863e7F466172dEAE4468D29208052Fd,2
0xf71C943E75e2606efBC695AddE9210ff546759Bd,2
0xF73b7672dC8E5f158685480f65BF0846BcACe11a,2
0xf803DFC3751b7fd393145b8e68ea16D3AE29dd77,2
0xcB5f9aF85509Cda9908768791532e5cf792F6192,2
0xB725cF24A34ACc0401954b4d090d8f6eA4c61151,2
0x1d1DC008ef7E70acc6251858710fE2C7D4e8e431,2
0xCaf1d7D2dEAd90EC0221f41cdF009D572c103bF9,2
0xc4DA6319585Ff59912013338108ca895e48Ac733,2
0x00000002f32C0886eE65D68059Fbdb76EF6A6996,1
0x000000330657b9fFF0584569AfA72bb755762510,1
0x00000834CC07Da1Fb81F3C353b7596C87fBbF8D3,1
0x0000a2C6300D7CCA37BC3e6046f0A7F2AAEBc199,1
0x0001f898c4763A7A0444D91600F00c7Eec586b90,1
0x0008bb335a71A97AE89CF99388d7BE70d7Ef4660,1
0x002B5dfB3C71E1dC97A2e5A0A7f69F3e7b83F269,1
0x00B555Ad266C51C5f24B714358917bF1A2fDaAaF,1
0x00B77Cc0053AAb530dfe14c48dd5AedeDad8324D,1
0x00b79d532465163C041cbBbe7F7eCcbAa42d3f32,1
0x0127B441a5EA2e6F2670Bd2eee1D3EDc55e78B36,1
0x01ACB9d2Ad37E2e452dB62D80F472B6D39E2Cd6D,1
0x01DA188b2fcA7D69623aefD13f4b8c086f4be0ac,1
0x01EC4a63E8Bd579e1A2CEa4763Cf3a5da5e48e8b,1
0x027C6373f08D9336190792DeBB1A22D320FD2E16,1
0x02Cb6eeCE762D973bB9a50bC0Fa941baa1Ded62E,1
0x02E455C6b2ce664b2a556d3473Ba6daa6b00eDaC,1
0x03295E52ad36219DFA162Eb9605eFB2186c9F176,1
0x035105EcD50f1B4D4a0ADea97a41651FA405eC4c,1
0x037B628d51b6e2921C85d098C823AFe33541bD6A,1
0x03A507043314ef13A83aFFFbAf15d89055F64666,1
0x03Af9c070b24ae29e28AEd8DC5A3136501A10EA9,1
0x0411731Be3b7cBA409ede437472b75004353D81A,1
0x0473FB6c0775647CAD5A89f6CFb3CE2EC2e5D6aD,1
0x047cb070BA6BD4445c635f9294566c1B2B08a252,1
0x0497C8Eb0195a99A2735718015A0a6A5cEC3c801,1
0x04d6876d077C59D96AC5b20fEB762F52FfaD1D00,1
0x052F7c58e1004Ad04E5dA9e2698D95EA0df0609F,1
0x053CfAf8bf4f75b0899c603A0cD8EA3AEE331f26,1
0x05865BE3bb9365CeADB702A25e10aE2865f4924A,1
0x05877B3C39b20Fe22DCFA5dD79A636E3e4B0D825,1
0x059cF4F14c5928B8AA1eaDE72eafc41c6a7c6E20,1
0x05f1F8c8D2212a6EE51d0aB8bd53558B0Db9eEf9,1
0x068A73836E0B82C78e44a38af28E8d0F5d779EB8,1
0x068c13917C03F9D9d0Fd30bF1a5e5e3780AF46A6,1
0x06902641aFCf24472E29807784042F46950028e8,1
0x06Be7D7AFd39C4b8833a0B766D237b7bD8E0518e,1
0x06C760693690dfE6047cfc5C8AFf27e211eb1232,1
0x06EA9065FFbf19Ae8ab970C4927EFcF432b27Ef4,1
0x070B64EE58b9d6A4F34D99d24a54a1f6b98d4604,1
0x07218767dBbC42ddDa9193c44f25713e4B4550a4,1
0x07760eCA15599988f72881C7710CBCBf42C7588a,1
0x0799180FA7F59ecA2Ad4ce8A8278771d4764cd17,1
0x07A93dDC7e65401D3b570062e0c98342fF045DE6,1
0x0BbDE37A5B38714164bab3A921Bf485D69F1B2cC,1
0x07Fc23d3b388727647C37EB577b0547845634A86,1
0x080477c2a2bbbdB386B13D4f2eE071cCe93fC0c4,1
0x261BA6fBca6884374F8bc30a329a294B7814feed,1
0x0894c86914c32A7409634e4f8D1B117e26B2872c,1
0x092CCb3A8d85AD3d2f0d98a582aFf946CCbEb9FF,1
0x09976eaC89E0A36dF818F276051e162A44DB4C77,1
0x09b93AbCA90eC10B8572d257Ed691c8F82Fc1A3c,1
0x09F213953D92F865b949B3E39b9dcFaE687d4966,1
0x0a32D74e3248dd329Bc48e6F1ddAB0B85bF8571C,1
0x0a3F339610CE87D6546e48809abA0BCdC13E74bB,1
0x0A51702374bD5C0154B30bEf5b5eF5B83330c843,1
0x0ab53919704fCCad0a48f6C16dc24861074a0176,1
0x0B38AF48009A38da0eca1d456CcbA56Eb80153E6,1
0x0b493Af26Fa61E5FF84290cA934b7c85E3195505,1
0x0B61432b0dD1Bd38D485F60cB0E7ABe5775C171c,1
0x0b814F0fd934Be899D8E2DC42298bE7037B51925,1
0x0Bb3Af56acA11237A5E7e8Cf1c2eD395B0095721,1
0x0c5FC2971D6234A6f66869c6Cf9b3e1F1cA48343,1
0x0C6f8e11428E7fC62d53D6d64eC988B8cF424ee0,1
0x0c74f59d7A8DD734197c53d02a09Be33D01e9673,1
0x0ca24831D7d2C92Db25DA26fb5ad17Af3Ac9CA36,1
0x0Ca357Fa2176Be91D11D4e7E9393773a5e358821,1
0x0Cc2D453D206bf72fF426ed588145cc20E142F85,1
0x0cF253Cd1C35cabd91328b77CCbd418f2417Cb3b,1
0x0D12338EA5db8c1732eFB9031cA4853C1128B1f0,1
0x0d1a1F9442D4D2e86d7c40723709057f0b6DBe33,1
0x0d50edB497E02dcc4E55816382B7D05AcB9D143c,1
0x0d7876Fb02C6A64eC468b3B5014759AF1BC2ABeD,1
0x0D796374C2Cf82BFd01A4d1C31A1a3AF6803d8Fb,1
0x0dA6C279B3f548d189a612F73956d9d2b40909db,1
0x0dFf34dF8Dc3152100754a589F5370a355127c02,1
0x0e0559BfB249872819369FB9E6EB96D1982A046a,1
0x0E108212906B6EA8800493A874A6E75287C646C6,1
0x0E7c3700B3ad9e741D787eC1dF337A6c71D45b57,1
0x0Ebd5383aB6fc96E3b6f64E69a71d60A3Eb5649D,1
0x0Ed63aaAd9F9e4AeC77b06858E2cCb1AFadC2d34,1
0x0ed6e66b72Db1AecC43E81625556d549377C1606,1
0x0f30436Db50e09F9a78f34b9B151baf7b732974e,1
0x3b6CA30C608eb80f8b9c445045FF33CbF0fBC051,1
0x0f6bA59038dBe6CA1274053382265C7e42040872,1
0x27eae3744353fB77e3935f70a8A588ca9A6B7378,1
0x0fe3c1599Ae6F9B9d84D2e355956c222bB5495cD,1
0x0ff33fE9BFd306B4973d94c5C02D43fd28fdCae3,1
0x6fF5723435b7dfC2371B57Fb5cB4c373E5995C78,1
0xDA360606e4E484E7C97ABbcc8441aE0887F88A18,1
0x109D04439A204AC2868AeF838B1079E699973f81,1
0x10b44112be4f70ab816b7FFE9B1A4d351802104c,1
0x10D18eB5702B4e11df108A2BB02002EB1535F42b,1
0x10DbC99C90234E4447f0366e8368d688f622475A,1
0x10e7b9e2CD1dbfd4b9D2ffbAb83E53b47701E8bF,1
0x112A596ac09983B0fe0B335cbd2036eC09d1c53d,1
0x112f0174E51F3039668a9df8783451772EC9DdA9,1
0x11e5336Fe58cEf36b057f5b3D5435605FACe3E12,1
0x11e7C5CAa6Dd51649DBa8667B2EdBd0eF65ca5b9,1
0x1208614666298B08C8A3B49FeacA7dDB3A105d05,1
0x121E1573B7C6c15Aa4C036d54BFd2974Cf38a163,1
0x12354AA57Cd839FFbb78ca7f263cAA919879417a,1
0x1333f08fAFeBbF3A4e5498941B12793311B0511D,1
0x133bb0332C9337c57175F62d0EAAf0e6497A3C08,1
0x134BF8A5b5482fe3Cf87002945aB74109927abd1,1
0x134F5a1e7aA655CE6104694a59C58E23cb28a9d8,1
0x13796b4423CF5AbF59f9da9694C4a67200Dd1118,1
0x13aaFb0Ec059611Dc81e83333eF0706347C12e94,1
0x13EDDdeF4A5ef99FAD5Fa8a57c55042DF2e56453,1
0x14142FCfbd5CA9A9064D7C77C1bFAc0C7d21404B,1
0x1418ca86Aa1B5Ff59a45486da1e70fB6b19D0f87,1
0x14262bb629D3E7A47A0E43C5ADe96E53393517B6,1
0x14A3eec0320C75ebf8ab2C70fACB15aC95ffC1D0,1
0x14b13EDFDE3904dDCA1557f3263F2F911c10fecB,1
0x14fA805765ec188E7b63FB5c98eB07720d156872,1
0x14FbadDE46f4C0D3c386A75B42C0cC58A59F21f3,1
0x156548113552Bb52AE921a0B44794A6a5F588C9c,1
0x156AC784BaE328f6aFb6403460145BA8B029d3b5,1
0x156f04Af1a796d1B9FCA58B5112722d0DE0f347f,1
0x157DcC5387634213A47E48131E2A412356cC843B,1
0x157Ea7465237654286Ba3FdfAeFD145cafc8859E,1
0x8EB2ba0A51064d230Bb686d5d035C681B5e70479,1
0x15a6674Ab06Daf0fD98e3f2a6CAb0629bad2Ed1d,1
0x15FECfa8Fa295ad7383D84D172DBE51792fA95bB,1
0x16dc580A60e56FBB639F0d369ddf2307881A7ef1,1
0x1708C67F9d3095c92DDCf92E920f11A0aB64eD53,1
0x17196B4d4b38335018FbACc031aD198bc92C5bee,1
0x175d7aC3844aC969c1d17431E59FF057AD17Ee3b,1
0x178F94939B1bA1823E25Dd0DB36530B913387175,1
0x17A4199329820f7e6cf677b5d51716ac584CeDf9,1
0x180586c0dc4dCE6F9Cf25cB0665D564DEB5cADe4,1
0x1835E19E85631e421F6095EAD0226E27336fECB1,1
0x18468EF37051D08355c7A52D4CDbed50A5bFD75E,1
0x18685DBcF1Db3967c69a89C55829905166Ef8c84,1
0x18d9Ec82cC76e1A4f49F9Ae08dc55C6f7CE139F9,1
0x18e9664A094D8d134bb3bae84119305aFE308ECE,1
0x1918Ac49bA5B908db22A9f2047A1D73Fab5201db,1
0x191AcdFD0658bc9F9ac16885EC7294aF1102DE04,1
0x191b94b4E08ccC1589cF49345bAd5f3a4f14a097,1
0x1927ca6eC97C73f21778AAfBE52230aCbd337724,1
0x19bdB6069A4A947294AA0C4DdE02CCB1462C3024,1
0x19CD3605D3c490B8E6a1538aCcb45D2a506DDE7c,1
0x19e0bbDE26b90Bce84B69E383B8aB659E6a55965,1
0x19f0438eD340F0800A39ce6357ae0eC9B0c84686,1
0x1a11Cb6C2b236d64fD01AB30c9Fb4560eE08F99e,1
0xa5f146cBd3eE13F482315dD0F873c2bFbBc5F2C4,1
0x1a1ca7f86e3dC901e2FFE532c4484e9E57D99fbA,1
0x1A222139e9693c68A33c04f974D6E18B2960C495,1
0x1a351aCcA59faB8aD9f64B925F18aaE56b3fD8d2,1
0x1a41d1ae312044736320290f06F77e40Fb7dF8AF,1
0x1A8d83Ec4b1DA292F1075a8C81b50A8948fCcA28,1
0x1aD2dEfc79BAB07A8E7Ff01FE78547DAe6a737b6,1
0x1ae243da0439E54A530034511ADD92EEaF371B1c,1
0x1B2Ee83fb043a482f6012997C1192985749f5e31,1
0x1b33562307F8D074F63573259E2Be00EBa208266,1
0x1b7a0DA1D9c63D9B8209fa5cE98aC0D148960800,1
0x1B9990a0cffA23bB425cEB333c5D5db481bA67D6,1
0x1c1a22ca42C5C970CFb14A10C5038E652e8c3b11,1
0x1c5A477F49451517842504b6c9ad1E74455c12F4,1
0x1C670dc214de4819730e7305703ec8C986B8C7fc,1
0x1c6AB1aDbbbeAd04C8CD31314DCa9Ce41b466197,1
0x1c80431b04E96EC41f8f9eac6bC8dcB2285dA914,1
0x1CA903e5cE2214b8095526C3a9FE32598D9947cd,1
0x1CDa9222fBdc88D3E1EFeFEC073a34bCF7909e81,1
0x1ce00A403a60B3D1414637E33d0211Ec172111DB,1
0x1CEF01Ee8014ECFc4cF07E4764C13ea7635f1439,1
0x1d2D77E566D38d2Bf9d441345532B5FA6793d7F8,1
0x1d57aEcA7DDb23A25Bfb5864Ec18f53A8dBf18e3,1
0x1d7ad01BA1b4E1dAa20bD4C0DE4D495CCeeb2442,1
0x1D8CE9f31C61a7F112B553D1A776e04b8427c787,1
0x1De4d13E459270760776fE4728611A31297728fA,1
0x1DE9D441EC3E7C03700D6959482036dd953cb9fA,1
0x1DF009D73e9Fe0eaC14899dD0DAf5A0963fA4A8d,1
0x1dF42f501EAd917FD4Ca86C8883136F4F2A1F4C6,1
0x1e0a32F18c1E75BE00B2A2D118d5278714755D17,1
0x1F29cba44478Bd2df384e4b21B39e6fB92F350fa,1
0x1F2beAF8439039dCEc062Fbe056458D34f529F9E,1
0x1F8DeD4F1A82a64641ac9C15BAa4e06Bd8ae740E,1
0x1FC06B01B68461Db6AF20001A171f0a3b4635B5A,1
0x1feFd8BDd364eaf012599fc3AFA3D38469368458,1
0x1fF1fA02F1736a1948d4682eb315AE16e30f3759,1
0x1ffbbdF0CBFe46E9aE84238DE542f3f53E575DBE,1
0x20174a3A3484021CdA04F5Cda8B89C2f544b2bc8,1
0x20313BF6f3071fAe1F44E23f1aED6950030BD1Db,1
0x204B05cDac205913C9b900179eAae3264d03d644,1
0x20A6A6aCb4f7CaE11D302C52dfdc159154387161,1
0x20Af503f4339571b26F3330Fbb634bc2A8134635,1
0x216903E23181E35b337d4245BF667c44a124f55E,1
0x217E3c976ac44465649CA01329a9a4027F1350B5,1
0x2193Ed5E46874A48c04f3F7ADB9943FE42153541,1
0x21Be8486BE03DBdf2c1B4c640EA6A1329108b56b,1
0x21C33850c4F4C97f148fBc4c92D3d9B93009F2e3,1
0x21F1Cb8Be4649a3585cB707C0b1Ee62cC03Be7A7,1
0x21F6bd5Fe58db8d9693737BC1D43C35DCc6Ea4ef,1
0x22072c5bb327D004c5419f8e0746a70121735FBC,1
0x2210fb59A41ea6F1E1Ac6613C4d83a2Bc74d9A18,1
0x22693e25D5a48a9FDBf582Bcb621757aD344E494,1
0x1B09002ec1B5CE94A79547139Dc44769A2393A35,1
0x22ADC81De50eB7f27D11653BB925507Eee90C59a,1
0x22c9783EFa52eAD1208f7F353226588C9aD6c5A3,1
0x22FeFA53047c8fC4fD99C841f499EF8bF169052F,1
0x233B57870C759E3d9863FB74229E081E92FB6ddC,1
0x434Eb950eF67470F1c255BDAcd1b6A39e1c67A14,1
0x235594f2dd98d224fCF2b0DcbB02936aA9E1c38f,1
0x239403c878C554256f33d90834EEefDAD1f5B6Ea,1
0xADcEd1D80BA31eE3E0a20f429E509EF5A9866D8c,1
0x23c6E5001D1c7511ed2A73c8455CA6E6ba79fB39,1
0x23C85fba95F0A3cC4fBfd426452F0332F28649a6,1
0x23dCE74E2F50A5073B8128C6879c23E86F0142fB,1
0x243Ad7a1909FF7ed5107F7D01331E62329d98c65,1
0x246AAd9AB599D6310339cA167b968e2ED7Ab0d56,1
0x2498A726fD198892EA031A17F41da7f5574480d6,1
0x249B4F0058aA619F201e704c66535B60A88033a6,1
0x249Fa466E3b2859B887569f17810d17CCc338B85,1
0x25185C54F28587C67e14F96F3c990c27970081A1,1
0x25902857D7cdA9c099A39083251267e137c0D759,1
0x25A04Bc7379FAAbc0bE0421DA74191ea51713c8c,1
0x25CC275CFE3Cce1700E816e00d4CD1f60872038A,1
0x25ef5e5004AA06490DdEe465444649857D5315b9,1
0x2600A539B907CC897736C9059F6b2d4941aDf37B,1
0x260Ae6890B0e32CB5eEd74285E56033D2E1cc0E5,1
0x264ad6fF3A35DF096F473dE3eA25cB585a5a9003,1
0x26512F28D2cA6b9a43f3322270ABd282a8000e73,1
0x266841cd03EFEe7dd8EC8330739149B9EfC4774f,1
0x268EF519eDBf507Ed9fF31a3EaE96c82cBE1bb0b,1
0x26ae82Deb8fA517C59E28FBf1a003D60E8c790b2,1
0x2716E1C0c50a22E9A3AB0DEd33e6Cfd24b660010,1
0x274BB158798D2a8684bD314768788c36c06A410b,1
0x2752c1d587c56d919e17a4F42374d336EA116004,1
0x2799aaa2c28425B6554914c459da470C5198BC4F,1
0x27F8852Ff6C6eA047afeeFda2B8E8e73F416F6ae,1
0x280Ed5F587e70ee3b9EF90A291c239D5d85bAAE0,1
0x281cAa39D1877057F29BA185a7BdC9B66edAFf87,1
0x2823BbB1f995508C384Ab50c22C44DfF49a656db,1
0x28A76f9BB07d6163BFf985936dd9f0dd260c212c,1
0x28B70052B7E081aa84eB907e158806dd5c477Ee6,1
0x28E5C72BBdE77e9DbBe2BfB1d9398a6F6A0f4A9a,1
0x28efc5d721d383DB3404914632B2d9BFE8c225F3,1
0x29168cce1A88138e9cdD3aEb509F1DfC6E21a857,1
0x2974d67Fe90D19CF8535E842Bed1774aFb583B47,1
0x29C66F54Fe449041555D510AFd0c1657Fb3624e4,1
0x2A68959d751a53c791871c7af3E323Eaa8C42C77,1
0x2a8cd414ec33108B67F3Eb45EED9e701FbB1e6Bb,1
0x7586bFB3CE385A14e3CEAF945F9E6772235D33C5,1
0x2b71A9ef572e8954D1A96c81c27ffCB4DE583973,1
0x2B83F654B3aA613D91a49fc323EBF8edC5592734,1
0x2BA1D521595C5B31B177fD5263F8B002F570E92a,1
0x2bbB8b53e85C05bcaBD4c2fAd52390b9c37cecd3,1
0x2bC12061C8912505978472C21d4a23dB43AF62aA,1
0x2Bf08f2E7bf56A5aA496ccC0D71a1D86e4b2910a,1
0x2C2B87fcf3c1e60aD01b98a9b00bBDA1e4859CE4,1
0x2C5B7742840E243FcEb567438c9A5921FffB33aC,1
0x2C5F9cA3f378244833b218d8AB6dF011FF2c1381,1
0x2C630688c571023C18636Ce24977C30f521B9199,1
0x2Cc5A48Ffb4B07809acc79407a07E95AE375ED3D,1
0x2d8E1eA81B112AdaF5dC225e9bD37591dB0AD5a5,1
0x2Db4625A9eCe077CB432D1A84b85b03c15721BE6,1
0x2dE0fE286f389946Df43686E42E4D7aA363999C1,1
0x2e0271e748dAF910257F7cD37E1f336D329a31a8,1
0x69E30A33c7fefCccA2aCeDC84c70e40B4B47C2d6,1
0x2e5704D650343991148788cDb2839f0b0218F365,1
0x86D7933192B1fAccb62dB1e893dfe25D1e2104A7,1
0x2e7735AdB640c4A1f6C72657c66FbD892D487d5D,1
0x2e7dFe3e22aC858cBa95670e687a4c9C7a298922,1
0x2E816EE4822DC3017BBD6502Fb3945Bb741a385B,1
0x2eb487457DCAF2C0b0e2F20D8A120BB63ecBBBf0,1
0x2eb9916B9c6b7ac84912FFaBd3D165DC0Ba4b788,1
0x2ec48F301c6d99217ccFa3209beB7e192533d504,1
0x2EDE60e8F93f397e3293dB7c287D10b7970dc0B6,1
0x2eE7202593506D3b713eE2fB49f96241d6c79A89,1
0x2f2A408C497a4a819DcA291987C338989bb3d0D6,1
0x2f466396b72a96A9807c3E27d111B4CCb862E26f,1
0x2f966Cae954970F32cb3c13B7076720d23dd392e,1
0x2F9e9251F98CCa9C12eda443a0154A2aee0853D5,1
0x2fDD6cA72F6C193D26843992095BFdD01bb9abe4,1
0x2Fff7a7e3781372544641DC766ce1b0477B31613,1
0x300468E6ff890C703175EdB7cC29858cC0c7D6d1,1
0x3047A9bd4aC40875651c3A5A50cdC98325C24d5E,1
0x305D79DAD6eBc2De403F37c1dd91e8502ce5AA58,1
0x30790ccD8d366552484a27BD0f42E9c980D1C3E9,1
0x307b831910462bf5E156118cf295Fa4e0E7823E5,1
0x309A41FcF62a34493b4f0906B1F8f94b504fCCe6,1
0x30c7B3ccC6C6B8f09e417C8769efAb8c008f2d7E,1
0x31210738b2E0Cf54b57b4D3Ef692A5250c328d17,1
0x314fd5D24E1Db1fd89c5b5B96025724ac51cE18c,1
0x3167eaD9344D76CE89a37d25Fb5bCC479c0d3d44,1
0x31aA9239d69C2527c46FC56814ae78Ac68bfa182,1
0x31bf98e5c21D32802073b9E0b157c7ed97D8A881,1
0x31d5720BF8D90C35Ef25B2b49b82aCCe2D565aC6,1
0x31e01a9B0796E131b5661eeAeB93981315B7d8D5,1
0x31E52b8cbdA2192913F7509D70912aD3Ce6149AE,1
0x31F308D8cE09FeCc6342DFB39c34627Ea173C6c1,1
0x05431cD62F011Cb44Ec803Fe4AC96FAC651CA494,1
0x323Aa535EE989482a5478762DF1de770b7aC829c,1
0x323d8f31373CbA9b69F6F4879dcee65B6F2cC199,1
0x3276c4337a260d1c955546921761a823fF85936e,1
0x32DdF9Cedcf0D54039C646051F5eaC90239AaA03,1
0x32De038A5Ad9845Fc6D077F73A85cc9C61115314,1
0x3300c8985D3f8F262d08B1b1BB5512CB9C9c9A6E,1
0x3336C90D96123590b38520625e2e1B49BFDD3C0A,1
0x33E23501733243F18B3b2a8D1479c19119658908,1
0x33E8AC8209E69d45eBAc03034EC349f8d2Ff6284,1
0x343A3c5E311e20959419f4E95A0D49134cB79c20,1
0x346FfcBffDdcf290FE9724EDE9b2C5400681f962,1
0x3470F4e3932c720467125Be1037b14E5840DBDeC,1
0x34b36C3EfE1C0Ef5013e16aD5053fF44F9b950D1,1
0x34ea92b9D96ba4CdD51828842e29C055BbC09711,1
0x350061d5B3B09fd44691F22Fd9DEd9a5693Ed41F,1
0x35c2b0d2fF92C083014324990d52941DE045f928,1
0x35d8688332F22aFfa5508be93aDF2f550D3aac41,1
0x35Ef1Fe6B12C13d0e6FB344B0A1646dC7A1c66B1,1
0x3629b9B7986715a66a7C79fAbb834952C26b460d,1
0x363467759BfD02C9E6182c9d2b3015645719A376,1
0x36548e8dC8DdA53b412556A7E575E49692198aeB,1
0x36bA90D076892A28B5043aa504F0E1DcF21E3aD2,1
0x36c0b20c23b8F4229Eb5F955C7e627dA60ce9372,1
0x36e84e33a8627220477c68B49165288B06d6D33B,1
0x36Fdd3DD2f849A2B8932Cb0d7D5E0826761Bf478,1
0x36Fef7F36705169816E44FF1070Ac3f6Ad796bF6,1
0x3701afB3A6550C48306863080FBC9F9E2eC41A43,1
0x371D352fCb33D1C5804D43Cc70482C4C8F13151e,1
0x37C1B5d0F1A76ddC361e9030bdc5960AE06239C6,1
0x37e8640870512943d7E491Df50Be50cb9b8431f3,1
0x3858e98a0A9B5b5753b9187034732e4E5E812017,1
0x388c54b516d4CB297732FD1e882BccE91dB38B90,1
0x38a404D2e859572fab457ad9AdF3cd2d4781d718,1
0x38afAEdb78E2A0018860b06FE231292184CA14c3,1
0x38bC0Ca722A6627850a72CA8663a740BE23F544F,1
0x3912f1017a0Ef08B8b9C9D2eb859fa33F8da1CAB,1
0xF75B172cE52A8f7e250f7a9737853e4B89821947,1
0x39A023f47CBDEFb9e88ab135Fb853eAFAB593a7B,1
0x3a0Dfe4ed86D2835a1496b7a99409d369436C6fF,1
0x3a4c9025055B8f527a4dba107f815f9CaB50C1bc,1
0x3A6dE3D2eEA38C6d806ca7a0924D80C85994cE16,1
0x3a92e9760BC6Caf8e67aaB162ff045D2Cb927f1E,1
0x3a9e5E90B35C13F271b4FC1DBdf3BecF7b37Ec69,1
0x3Ad8ADa609f14fABf756a473eA2B30E2D0e3A6af,1
0x3B5013Dab6879Ae5442a2DFe75341Fd52CdaAb04,1
0x3904EBC761901E51308954b909901A8B1cbACb1B,1
0x3b6A4978D01Fc46e14e91f53c7Fbfffc507B6F72,1
0x3b6CCE32ba37fA5689Fab313371Dcf044ECeF536,1
0x3b78637E124f302cA73257Ea6bABC705ac0208dc,1
0x3bd1848aA08F2FB725172d9f6aA738aDF22Bbd2B,1
0x3BE5c2698D245f6AFe3AedC78183EcF24D13F765,1
0x3bE70936FCf9D3ECaaD5fb41d24613d33EFe3D2A,1
0x3c3f0451BcC41CEF11cdE1c35cbf4657783eD2Bd,1
0x3C4ab48a4d03d04DF10f34098bEe869E5495AaF5,1
0x3c698d1E054A921dcf46Bc213CA407E39AE4Db8d,1
0x3C6Ec8Fb33537A487d097C4491d3D81AE43C5f9D,1
0x3C97F4540CAbFA61D5a0B913F678169eb74be62c,1
0x3C9Fa48557A805f7354383B18cB07E144Fdee1e1,1
0x3D51847413663696741ccC5081c1E9744B01c3E7,1
0x3d60024e7b27D6C0e3b9859f9f9FA8149cDf1279,1
0x3DCa991a6E817D3C5246e8Ae75b9351B9c5E724E,1
0x3dd2F0cF1ED58D5e8F719fD0E6c130ebC55d2973,1
0x3DDec0C41595D181F361F8dea61ad250b4c9dF83,1
0x3DF3C41E79c80aAF7613e70DC95C56570956c3fE,1
0x3e195F9fd7a46Ef590E28AC5cfE748396ed71247,1
0x3e423A719FD2dA42c58D7fA5Db1Ac4e30d48CF58,1
0x3e51C2F221d97ebb6b24f75b7C62fE59B5Cdb2B0,1
0x3E5388826C8f9da1C269f636a004A92c020df96e,1
0x3e7237C0F9288599FF665F6cf789b582ec9650Eb,1
0x3E92BDD742ff9f9CB2368B631d86aE91BDa6Ee69,1
0xF4b40B20572D117EAD7b5ca3C7eFf7d3CBdC4067,1
0x3eB26ea77FB02F78190d2f9764271cBdf2edAF8d,1
0x3EB7e28548dceF628391Cf56B3a7AD54c3A9bA23,1
0x3eE10204ce7280da6f49382a2de83134AA6d7d7B,1
0x2ee2622F68925Cd3c1845b0ca3b0806Fc44015df,1
0x3f26816e91b84dEAf6c7d4F234529b7CBA453d2c,1
0x3f57b19e454CEAdE4A600d48b83112c681d392C7,1
0x3F5a17Cf2832D67d0A900df9a19245F6119baAc5,1
0x3f6696c99c17eDC90f7B712f240B40e4e86f267F,1
0x3Fa9a43035B4f619CB077e5225992a9a6303B20A,1
0x3FAF7550E19e2C56Cc67e9D26dC90Bc95cF0aCBA,1
0x3feb9298170A751e4E6c81195912fB6a5784139c,1
0x3fF8398914059A3d24ff72c03a2E63708029E05B,1
0x9600efaba54B053d1bF8FA3F1Bae9Bce656a2a6c,1
0x40364EE5a632CB407fEDB53Cd9bdb6334254C018,1
0x40594F31B9F2939851fBE64bFf6dff996c75Fbe7,1
0x406492642308fa5a4093C6241bDeD69B36BB80EE,1
0x40AC63186d0b997485D02F602e6002BEB1006148,1
0x40E12464Ae4edDe22e0F02315fd22b048e71F363,1
0x40e8cA7b86DCD38CaFe62beFb8A8e0Cc8F760343,1
0x41519a9058e9BDE98c6A2c9b2e2A7c22B7c0Aa4E,1
0x415799b4Eecc6D561d7Ab97bBD494d469e1155a2,1
0x2941884E7829ee1d7806d57B355Da3cC37deDcb6,1
0x41a415BB5973998B832072D50780EF32dd7A9bd8,1
0x41ec28eceb137789032B2B505A57c1dA829934CD,1
0x41F49e42Cafe08Ce9aF322187739B74537a23f9E,1
0x41fd8d3E5c8c8F4B5Da73362180C53E5f7cEd8D2,1
0x4215a881dfA38fA2FAced28778c9366eF3E5FBb6,1
0x425D0718eDeeFC613da64E8D776Ed316A40F3ce4,1
0xdA16C914858f04BF35cce30C001F86C9edA11571,1
0x4287d9B993858E72b2494fc7dA5c11d2b98ec484,1
0x42B80e10F96947E517F9AED2D62746BD61031464,1
0x42Be65310a59e2B61Cfb3EC8Dc14880f5aa882DD,1
0x42D45f762fdAB1FDA39ef871F021c22720E5676c,1
0x437e76922a42CE2Db362C745A585f4d54C357593,1
0x43C222061E28993bb1c0720c5dF2Ab2B9FD42676,1
0x43D5a1852ff45A3d962D325E7d08c33960bbb2AF,1
0x43D891C1b4118B709f3d63E9fC47daAA92E1112E,1
0x43EC32628049349C8E4f17C4219f809a54243bd9,1
0x440dC59F832772507005cb6d60C71da2Ba891ef1,1
0x441C3eE4efa575398ffB79AA284758Ae0505017C,1
0x442E31fD6b2739b661950978Cf75f3CF6f8A02E2,1
0x4431d779D007414d74daB6f40690D923a7b05069,1
0x445385b12E0ef4AAe70AdDf3df0E9D478CDadA13,1
0x4490733683999ce2c03A1345F3FD4A0Fb0Aadb73,1
0x997d17bEE24c1878220E218E7e4Be926fFfA6d56,1
0x44Ca72821102CA71e9d164154b4679339381Ce6C,1
0x45b0614445F20477c6bF0C9012319eb0013eCd5E,1
0x45d862D81d9B157bD666cD76894Dec84957A6ce9,1
0x7d4053510C0E2cE0f127cf890FdB84F1A36cDC6D,1
0x4648EfB22D05120f7Bcf9eFF557a6E2fD6B86504,1
0x46A116eaD56D0FEb0E7e97B7AF83C6185Aa259bc,1
0x46a2720b93A515E5206d48CeB9B100863a09C938,1
0x46E15083B0De7Fc884d038B0DDA8c3b3a8E0cEa0,1
0x4711D17F3DdA01b035D03e05c17A1F29b9D1AbBd,1
0x4736a20C2AA99d8fC69F7c38828AC0c8103bE16D,1
0x4763bd3B059608821005eB818eae1B1eCef38DA6,1
0x476a5B69CC5AA09E099113D10F39488e841341AD,1
0x480464712A7ca409480c01c463e5838314275b72,1
0x480c409504F2f7F28592cB5A2bf40e663311780F,1
0x4821266E5c38225d4Bbf573e00edfa2e19DdF239,1
0x484ee4A28DCCBE941bb075d8D271F5829C9bde81,1
0x489d0f060D50D46fc6e87d92B435F4E70E02Cf4D,1
0x491e9c863307215C6B9F5F111A07D94eE1C013f7,1
0x4952f791D9F1cE339eE2Ab250c044c6c9DC653B4,1
0x497045549B214105ada973b7177D2238b4ae3771,1
0x499a745841503e09303112fBEc5516bD7c04aE2b,1
0x49a4DF534d761F969BfE5eE00Dce905c2C372e39,1
0x49F0Acd85Cb2d0bD9e624210de3590f1aF5dEFD7,1
0x49F2147E1B1D5bB8C928A6ff354a4CfEA025D5b4,1
0x49F21F173503D14c87303B6E836Ca08F8a5Ab06E,1
0x4a60c2799B9D25bFCD4fD44204933758aa17EE6c,1
0x4a70dfd0Ccb99ff276724764131c1d5f510c12fD,1
0x4A76e5608AdD8399E098987a9078A636DaaceCAF,1
0x4aa1f613e40272266dC1c376518a8A17A5fffc5F,1
0x4aB4bcA921FEf23A34c700d9E2f20a68401bF049,1
0x4AebD11fFC5A6495ec1C9a87fB68620FD42b5Bd6,1
0x4B43a16589D305b84352D1e4332BCB766EfD155c,1
0x4b5CE31DCE36E1dab6500366A55a1F4A139dafaD,1
0x4b69AE38fC9Aa2329F3f7dFc51DceE0aD02Eb588,1
0x4B83c3CAf46c82a2c755242732a28FD296A9Db4B,1
0x4bdbF9965D5fbA4fE16705fC4C035E5c93BD3654,1
0x4C0E973F3e185531c3DcAA2f5D06FD74f4E790Ef,1
0x4C33e7317083ecD55328cA6bb3fB13B6470Fc95D,1
0x4C3EA1eAE9E39343D81598675c20f30c55F53023,1
0x4c4C58153E5fD131b5b7fCcF709f8852542d8D30,1
0x4CB11cc4Ce988B40a6C20E798904199519a665fa,1
0x4cF2CA6629b9C5272EA8Ed0DE8feA6ebCa49Ff5B,1
0x4d15e6bFb09F7d7168c3B727Dec08F17D47bBAEC,1
0x4D35c6f6469D7178C5E3B0626BA3e3C09023B2a5,1
0x4D363a2bF5cb160bEaD875aF953330ffFd10ECeB,1
0x4d5025a53808384e933bE7cc460A7C5B24A207aC,1
0x4d51A39B4b74502cC5016E15e9106327936e3C5c,1
0x4D7BCF37c4F04F8780A40c101e7475E4132EC296,1
0x4db405e0b38899CAEe5665979764BDbe43bef1bd,1
0x4dD7AfA9C43Ea792E5da4C341054c6435c71c12e,1
0x4DEb9B89F1493bdef9FB7C637121BEe3964EcAE5,1
0x4E1d4968FbA22DC8463D721d5cfB085178F79409,1
0x4e577E9Ee5F508F8E859f4ecd941797a3E1b6Fa2,1
0xccA554D3a5AeBfe142Bc39D19d72769bc3Ebf1B5,1
0x4e987E1F22B55268c95d6Dc36088ac91f043c1F9,1
0x4eBe2b7C35462e97BCCbb8D3Fe8737CF9d98f9F0,1
0x4Ef62AAd2083c1da524477666582A346645df805,1
0x4F026F40aC9F258C020F71C733595F4Ebaf0EC01,1
0x4f10bd2F36E37973DbaC217Fa392a59DB709d684,1
0x4Fb8E7b08f02859B56264d85548a793A7483100e,1
0x4Fd556e95f3901e11a63F8d49D35a12Db577eD4B,1
0x5037BeB6469aCb898B4ffb3A0B7AD50747Eb8B6C,1
0x504cB4E7a0ed059557c9f19E7195c25dE6477047,1
0x50633c2Fd1c38DacFba118a35d8986CF297182CC,1
0x506685ad6E1D208d37547FD8d10a9124444251aC,1
0x5088662A613125847C8A1d4F1C29acB07Ed61001,1
0x98eA90F6903e96623c59466ff3aab35a2b385f0d,1
0x517cd0B56Cf605978a1F97426E5AE05b60803A8A,1
0x51bea59514E4a3D9f7A1A52D98bcf460749572Dc,1
0x520CA088966E4EB095FBb60Ee76570f6014DB103,1
0x5243968110439573D2395F1AfE38f0f471c3510D,1
0x91bf28E62b7752097aFc4aF2FdbD27d0B41f778f,1
0x525132158d6966AD6BA7b729295a73616a8A06a8,1
0x525320d8712AeAB3f3FC6195102ABd477AD998Ff,1
0x52542FfC9120723Ac5BD1E7b6B2DA9b066621Ae3,1
0x5278973D51d3Bc8E59a9A0d9E95218bFE4cc4eE4,1
0x52b6A7b75FD0cC4D58f338aE76D098a96f088B3f,1
0x52d4455BB466277112A8Ed4CC3f5a4D3e366761C,1
0x52DC0F9699De5B6Cf830816D6F5DBeB744947305,1
0x533230eD2657e7eBA5AE94520fe78955a6548238,1
0x5350E5826fc7Bf672436775049231cc66fdb2E78,1
0x535CFB09F9cFfb0b2C33924C91E01F966fb8FaeA,1
0x5383C545E4da91018f99eb7689aF898f32979E42,1
0x53CE838d63763Cf6272B22EbB8C56feff775d983,1
0x53F392806C0E54eEf1c001586932480E7eEad5e7,1
0x541Aa4259b2a63048DbD0168e67dD3A1f67a282B,1
0x541c655fe515E4f23cEBA008aefE77f76C14704b,1
0x5489205370E2c1e0444Bd8910dE72bb6d53EC261,1
0x54B0aFF5b2d1345866DE87E9e3033c3a8E4A8a3D,1
0x54CB953413EAd5A3679dE4Ee61C45E42F64F69d6,1
0x54CF35e8Ed41F9eFa77939f2290F2853ac218136,1
0x54cF78C31739B97F87381b19937d13F04DC9819f,1
0x54E801F18b21c4EbD18114f5F5fB06695246a9C8,1
0x54eD45aFF3462D5E0B073d8E446eAE7E758644b3,1
0x54f2700371C3c3C56B7dE26fE9baBfD90D526F84,1
0x54Fdb1b740A23a720a1046A1b46B7B4D586D386b,1
0x550ebDE054C56688c949593A4796221583953b0e,1
0x5510d64cE4877337Cc6161607BdDEbc94409a254,1
0x551b1B03A1280A20cD8793828f36cc63F45922C2,1
0x552BA1aA9782D55EAE27ea285a8795CbE81081d1,1
0x55516Ff12c89fa70Af0A701f1461A3382a3b1351,1
0x5561134fF5b24700d1F8D45FC59F73d023eFfEB2,1
0x55842426EcF8Bc5Ae830550e9cc8936Ddccb253c,1
0x55Bed96208a9356b838E9335d6e09fEF842B3d80,1
0x55DD7D8Db617E34c37b43DB2e1Ef154e2558c6Df,1
0x55e9e240714E5EbEC3A3322DE60fC61c58E897aD,1
0x560E46a08e8BdA5313ecbA23Dd451FA5cf6Ae42E,1
0x7c99B6DD0e736E9C75EFF661C9dD3A982B0B86dB,1
0x564b2064BA7fF4CA1d98F441d1ea7fD612810e11,1
0x566E3171b980dcD041eC0696E10C73FeF191dcFD,1
0x56bB7de6f8013b4A9ED45f9AfE1c9384B0532c4c,1
0x56c202807C8caf656f6818cDC66C51fAf2eA1628,1
0x56FD46E8cF1f3c5aFeB1AFE5bb2f3cBc162eb916,1
0x57C746695e6f54E7DC2beddbbD8D99c50dca860a,1
0x580B3C4e1956fADfC8eE9fbd19A5b599283655fa,1
0x585A1D90DC75166538a0a59e13Cf6578C40325C2,1
0x58A778E804Cdd90bA3aE127fdBd21e2bdbA4FDbC,1
0x85e989F3a8B7fD10e52c9BdF0c788Bde707409da,1
0xD7651e030376eF3DB8CaecDEAa75Da1d5eCDB3f4,1
0x592fD5d5709baddba2986BFcD62995F45E0Ed957,1
0x593911A45C4AB007E711e4006F0C60dBa2138Ff2,1
0x59659e3270e7e143f8f1Bba1af3D237d8c9f9354,1
0x506e09E43a9f36493b4Dd91944f6fccEd3681d5a,1
0x5dEA1C783b013545D0AAbA38351Ef00049557584,1
0x59Ca0006a9A93C9f043F5e37939cD185c09c81e1,1
0x59dC2063Dd5dAc2F9c8558053B776ab52B5Da7F9,1
0x5A0Be8812c6b30d4BA0e7715ada6e216b00199f3,1
0x5aC47131218185BFF8c924544627c82D3840727C,1
0x5aE8DffC708C2e2E5D38c1c580af9ca0a8Bf11e0,1
0x5af02944D49A0685678dFAB55cB2775acB1620b6,1
0x5aF04a892E6F52177d87152A9f02413d25968E63,1
0x5b05DF99fC93d76d31603427798c58fe15b62431,1
0x5B1EbCFC3B93778245727c69D46f80F1a82aF849,1
0x5B36002E5Ee1103A44246f67b067FD5509b97A9E,1
0x5B94c11BcF11138169071b6255d2609A856948e0,1
0x5bD8d49502c128fda29c3876514B7b03a4c20593,1
0x5C16Af050a49ECa861348fc07ec5f287aC047237,1
0x5C5c76C31123bB8ae731116DBE61C5b1836f63B1,1
0x5C72B98aa0C0fEe089e7bf4019c509d880E4199b,1
0x5c81975bdE46CA89c49b20eBD45487D2908FaaCA,1
0x5CEe6eeFCEA0D23e246F900000DB7F360e64BF58,1
0x5cf2d8EAd8251D30c477Ed772E155d30b9c335a1,1
0x5d1F4F1E99a9d0866Be15d7300b9ac2970E232D4,1
0x5d2131031b4d2759Df39f55d432A3B7a3Ca54e1b,1
0x5d8a1537F17e43272d8dD313634bfb4B9059a7aa,1
0x5D97261EC8e26F2631df1ac8EB6212A090Aec092,1
0x5D982C0722E152E8D5AD16d9186d86d9e97A5482,1
0x5DbbB279867e8c9ad15D10DD32Dce5B7c831C1e7,1
0x5DE6e75eF3C59a3816Dc81d73c9b3ab5E58Fe444,1
0x5e158B4457d9f5e34fe03DfB13abf5FBf489fEF0,1
0x5e384faB11E08078Fe174Bac6F3Aa2999F1895E5,1
0x5e6c8140921AebA59e9B055BB70cd28102c67559,1
0x5E744ecAc619E7b76C2F22e4B6015F5590eDD204,1
0x5e97034B9ED6EcFc200120a7C425c95ac5000E8D,1
0x5EC04AD15D392ec5B05e7c2239D659EBc272298F,1
0x5F509C7B017833f38478d1CA52025aB2a334289F,1
0x5F9b6101aE406308aF68F2Cf9ADBDd0DE336a3C3,1
0x5FE922845A1F2Bf90289cA3609D6285B48B2bbec,1
0x6019f0ECE52d3376a9bC89edE900eaBdE8121c51,1
0x602d802D477F6B1BA894FEb13FcfA195ecAd4D26,1
0x604E2cFd469E1030F029e13B7E0CD88A15193314,1
0x60d16e6A0C96e66C15A09F14651BFdD513382e66,1
0x60fA95846F0893C976111F2e55468B3741a31b75,1
0x61832be80cF12cB13282eEc9eA787422A93Aa3DA,1
0x6198A21292308cE287eb9e36e273c1773c5cA888,1
0x61c708d28928a18a84851f815FDbbFf8E137cA98,1
0x6207aAb1d68a6003641ef74F2c59cB934d59575A,1
0x621ABa8bC0d8aBc56b3a0699ECb22d8A7d1F1A4f,1
0x62B8e69f9540305cbcCE6A94830597ecaaA8183D,1
0x62c431aF82fb97796C7801D93F6514158c1990EE,1
0x62d01850FA142bC1126Bc0fE2696100571c22826,1
0x62F89EAF4a53F81BEcE4cE9458c8a5BB902a1c87,1
0x6328679c866fdb1D7Eb1B617557ac8Ac3A07A6A2,1
0x63316A8D6CD8296CA2bf0552da4EFCDcf7048753,1
0x634d4cf0952Efc544D271D360735f77791Ec1C63,1
0x634F972165886D983515c664e072E7e5a5E6B7E6,1
0x63520E14105bAB5aa1B5f1c5d6D1f8330EF3F7FF,1
0x64006F3bE7318c579362AE068cAD2d3357888888,1
0x642a8f52f097201e921dee0C3A156A688601ee8C,1
0x6433fd0AAfAbe871bB44572d684DdfCD5D9d52B9,1
0x647ceb578ff96440a4Ce1382604f88AF512Cb292,1
0x64Bec522dc88CDAb0D114Fac2Ce42d6Ef7D8dBf8,1
0x64Df2eD136Aa64Add306E8499324B243861a07ce,1
0x827C5d1DE1458F46c39AF1113F45e1E44a9b5E71,1
0x6542ADb607e5Aed19e76FAC71B74e7862B0ba5C8,1
0x657340f8F3187bB251700edE07140aaA93C08c35,1
0x658191594cdA88744d8158813029420dcf137A32,1
0x65c2d5384f68489815648E241dBFf70c3A895CFb,1
0x65Cbf9A496e5BC9CaED929b2007633Aca8b2EF2F,1
0x66633Cc6B84CD127A0bb84864c1a4eA0172469A6,1
0x666CC1B2f91847eB2EF6bD3426a6822016B363CE,1
0x667273033CdEdBAdD90e20f79A70fb76F45a5FAf,1
0xcC4Cf561Ff49Ec0B8529aa745C6225123dc8B499,1
0x66971b505158B74bbEBac028d6519924A6822563,1
0x66B6D7Dcce59Ed09d50ADbac09745f4832978B9e,1
0x66D8aA61be8c5A9e027fB3C5D1527E615faD9ca9,1
0xd49E50089104826d54753ca616998461F81e54FA,1
0x6773fDF080Af0BeB8418173a096e72d543D7B43c,1
0x677af891C34FDa72c5dD9387897444d584bA6d20,1
0x677b9391fE5D30C1eA1283554612c9eaBd011a63,1
0x67A4a6EB916c6574d027B84ebC70372aDD66185E,1
0x67ca1F8C578D39374145E90a1cbc492f3959165d,1
0x67E4fF22e70da2C1ad40411f9762C75397F83A2B,1
0x67FE71a3d3528127f856e5e6FdaC955281404bF0,1
0x68C9258b87b1Cd4302Bd1c3D2e44C539e32D7D78,1
0x68FE273EaEd3BEdEfa7a100A87B2F6f2b5159DFa,1
0x6905030bAB047B4A65b28DB078e8d844b83d6FBF,1
0x69d7087e2099198666a4FdCcA57Ded525BF2b794,1
0x6a1dAB4043DB9EF13c6EB5109D0E4e926dfB8C2d,1
0x6a4379f763b3e444C8548CCB7B7C061DB3AD7Cb8,1
0x6aa540B98aAEc7d354E8B91169908FE9c46541eC,1
0x6ade630ca595731886Ec0b4cdc9c64fA685FBd3C,1
0x3E68FCA5b47bF0510DEBB0fa95d51c54B032A1C8,1
0x6aeC61aCCE28e5a8a40Ae1422ddAcAE20fDB5e3b,1
0x6aF4f2C0672a9e4b85488EBb1Cbd356c165fB003,1
0x6b238d58bd9238A65e3A1B59e52722866F026663,1
0x6B559FAB77656b60a2E5D60C88cB6e66B45aC8dF,1
0x6bcFe7307663bB2B0C1c70294c8aF1ea01fEF0De,1
0x6c521Fa135af2e6D78f5052B65Ff6FD17C865ED5,1
0x6c56A406770685E93d660427b3dBc471872651f8,1
0x6c6cCE0796B426cF5D8693b01d2F1E284F69Df9a,1
0x6cA8D97C0E400d32635c1c2E39Ec63c2f7F69449,1
0x6caB60CD9A02d9eD9398e6B9389A1E4ba7266006,1
0x6CFa99B2352163D70bd52de24CdBf553374B9335,1
0x6cfDFDDFFB67B514C74daf5862d6bcE7d4D78fea,1
0x6d0bc369Cdd0fF5202ebB60084D7f082532072f3,1
0x6D0CECF442ad3aa5292c09E5843a7ABc387A8744,1
0x6D9c0bB01FE11EB9EC56350C6f72483Bd9A71229,1
0x6dc50866BB26292A3007BaF8b4bae98300bbADBb,1
0x6E703F9264375b88791c958053Be7834eD49d769,1
0x6eb836bA82c5466462F07dAe937b40dfe76b2AE6,1
0x6ED4bc004F1D6F51F847223B9dB08e367F30039E,1
0x6Ee2134DC15D8126190Bbae8413F0dA37517a4da,1
0x6F855DF590efb435956D3f4EDaC73576F8B65970,1
0x6fFcE76355025452BbB8b300E75BbEae3F312fD0,1
0x7008217b053f6234907efEED6707a92D60A45221,1
0x7035ABf746610065AC5aa58FA9837D6495d05Ce4,1
0x703cA7ac43AbA29F05CE50073d3ad176A8CEDe6f,1
0x708796e46B7204FbBDa072FE6980991F1B99C392,1
0x70f2192950b3c56aD3F8f3a8aB4fF7C49c9f0624,1
0x70F7e43719A23E6536368891F214613b5e2BC6e2,1
0x71344c9D4B53687BdcA6464b11C77750562328c6,1
0x717E0f4d7Ab0f5D201C070816F87607ea41f1432,1
0x719028736f10164c838Ef129936779eD739312f2,1
0x71A61084D15f5471Ad396f8648f908eAe404a5Fe,1
0x71c0dD41A4B35596399D647df6420C6e847D23b4,1
0x72009d5CedFb1173Cf459d03eAbEA86cBF0e8E6E,1
0x729B82d268cECf3dc26E5b4e746e9BcD0b9e3EDB,1
0x72B7D16b6E106076CBEe533534AE523Db56d60F6,1
0x72E600B459a170279E36222b7180339363aCcDfB,1
0x7314d37db36d7403Fe37669704eE9a33F589496E,1
0x7387d100d7a6c3a250d36249511cFF966E0Fe018,1
0x73a692954AFC3B26c303D58efdC259B00AF0a48f,1
0x73E4051b22A24806F4c65E54962FC697e5E16179,1
0x74039d827c593bC90758Ae9D25C8D25520eB0512,1
0x740a5c3677a7018f367c38d8655F00b458eed9ab,1
0x7415a096eC3D3fC08bCDFfa632DcbADb840a2286,1
0x741dEB06E541e51e709c4a7a91C3751d259AcE85,1
0x7460bA23814d4BE0e84B6d1Bb17cA451Cf90985C,1
0x747c29e6D0529a5f174fA26645bCf8CA0C4d358a,1
0x7499E33cfe311E62548FcC2014b8122e75AA2548,1
0x74a8E3065bf81933A4D6778291251f4D7Eb177BE,1
0x74B390E39E355c525542C8C020461Eff5599f042,1
0x74b438967059c1c09cf6cEa3E79D5f61B7bb29df,1
0x74C954713133571Fb5567371B4312A2dB5ac5746,1
0x75706A658A66eA69ccd8dE45E817f651d668360E,1
0x757b8564088F39e235e9E5FB57c6FEf37bDD2506,1
0x76749A3599Ed7a8410Fc1245ad566c6EcF6De72a,1
0x7674DFb6149Aa3F0c522f6C054C1DcA23963A390,1
0x7692988BBdC648186102530b6939cc066cEC2bBb,1
0x76A56b4B4F05B944235bE55dDDb315C091d4aB0d,1
0x76b7f5D4AE38a0cC9b265006Ec1be8021029e1C1,1
0x76ce075e6CcB713099dEe965F4124fb204c741ab,1
0x77068Cb6c3562d669FA265A3262c22b842FD674e,1
0x770757049D13351EF5098f1fdE1E14CcC24d8ce7,1
0x774d521C508a3bdB33ffD13572E073367F57Cd7b,1
0x77515A0bf33b33A4585e75B11d44947f3Cf624Bb,1
0x3Ce5AE5E6762D568fcddB5Beef8B9B666CBa29Bb,1
0x77c0247946b00e5c2098099C78D8EcD97Abe6129,1
0x78105B78B0b7D26D7D046362feaDb0065bd606BE,1
0x7d5E6E52443433BB8df673844b16a391D770d001,1
0x7887AAB40cDA8f1A3d807F4c54de269057371696,1
0x78B859b8874D647262a250C194D92700f2d518f8,1
0x78b8A76BEa31733777556033e2a116df66C4C41C,1
0x78dbA641814Cc43a2803a4CCEf4f0aCC369Bb9eF,1
0x78e507aAf44f20C93923fe3c5c5e36C6f5d99CfA,1
0x78ea1B5360D2Fe005f4f97777F7159E00e8101C3,1
0x78fcc37Aac1739562368a09Ed0792fF593BC526E,1
0x795177241ff8836E188C6cDa429b338839679A63,1
0x795621e214c6deB49d2d69404627B2E675607080,1
0x79607211CA0411440b7b727CCf67F74a74DE47E5,1
0x79Bdda65C706CBdA69C0AD4C8da1d3e91724f48D,1
0x79ec3a2B72f45a56105dB95Cbf50C0C003E5F3f0,1
0x79f4f57193230Ed70117eA980B227CbdD973e7dd,1
0x7a0FB632f86a8C8236aC8960b3a9cada3e7E0B30,1
0x7a220d7a78631D2536D13E19F11349636F32448B,1
0x7A37ad6540407730460EAE225Fbfbd01D134b745,1
0x7aB1bae34A269Fbd9299c14Bf567B898fE0d3186,1
0x7AC37f4E2f5120765505d5bA9674B5953d0F8699,1
0x7Ac79c369a3585B19e068578d37916259E497616,1
0x7AEFe061908BFe931f64633c454ed8eC83431421,1
0x7B4D11a3E5eaD71AD66fD70eff0Be1a5DD09336B,1
0x7B5C0F647dd507Fbe0e124dfeefDE250c0Fba106,1
0x7b7D9DeDF33A6f1AF69Abdaf0936044B5A91e68b,1
0x7B8A23c07BD27A6A9AE727Fd1A0182B967c23DbA,1
0x7b91DE4Ef6CE7F960f0dE97d663DbcCd4f437b37,1
0x7bCb9f796583a27beF20215aE9aE8a128ba57565,1
0x7bcDFfc9adf07F9B69bd34b8fa7c3f94c8DC3B6c,1
0x7c10d1599C86b013f1058999E74C63F1f7D7e24c,1
0x7C35e9074d0dA0Ec729c834577b453Ac6116618c,1
0x7c46fb5584bBFDafeb4944544b9ca8A8841565e1,1
0x7c48B0BDDB7498DFAec0afC7f98C7580118f4b74,1
0x7c7203E3f60519D8a259936615Ab396668Efa957,1
0x7c7792D5eeFac400bbCeC3ad11BaFc493423e989,1
0x7cb322F338Ac61494F920f616c08F51A5E3dd860,1
0x7CC70CcF4aBF42c16f6499B12b84fFaf514BCf84,1
0x7D39522cCe8312E29aC57DB307f93FAb57d810Dc,1
0x7d45d8639A660c8Aa5a956655794edAeC54608A9,1
0x7d856E72Ca093b44aC278694f81E1dc02AcA9060,1
0x7d9fF3CadFCD6d14799480cDAA86a588f471C46f,1
0xfCeA11FEA318A68BD40Af61D23F188FD5662c04d,1
0x7DC3b508353469127FeD7FBb56240c1827e430b8,1
0x7dD308c6741E640B7F5165Eb337132544699B8e5,1
0x7DFB89637ca4a04e36a885f28c27e6B1c7EfEEc3,1
0x7e1D5DfAfFA572f09009574f84F157cD7F98540E,1
0x7e8b219604B28B5A55d54c7cE035168d260FA6Ba,1
0x7ed6583bE26B5e91Cd99365b86f60de5163a7910,1
0x7f56a218c7056eD6C5c60e919749c037Ba983F82,1
0x7F9Aa868ef43e6d4116c01e0A8FEc915A6D65880,1
0x7fc98250D960CabD6a41f27961af42b252CC0577,1
0x7ff7c8a4B74a5dA6e8d1a8d1991d9a8CBd6C4335,1
0x802dbD9Af9055C0c8C92C610106618289D31eff9,1
0x803d7d14C6fD4181726ab0fb7B7241Ec59bb844C,1
0x8065762f8F26fF2be716Bd302Cf4Ce68ea552F13,1
0x811e54c2C89E09047559ebD9F48B3a814Bc7B15B,1
0x8144733C44A9D7a5F0DAD5a870f79C37E737Da75,1
0x81670ba03fFddbcA11146E3fF8933Eb7bf1E1376,1
0x8179c42DDb788E51128f2f6672B5466458291E05,1
0x817f7dfA61c414cc1E9DCF7D328a2C7529A0fa03,1
0x818106c7D0528CC149b23f5F9BaaEC646A309c01,1
0x81902402948cB9C0CeBF32576eA470B7e13f3124,1
0x8195D38B98Fa7d05C7678D633EBCC6FDF0e4033c,1
0x81FFc6E78e2e5e8C43D262C518688ae88Cef34A7,1
0x8200D8B0206A9E928567aB089A9439741211035F,1
0x820fAdDBF3794fB8A572E31febaCa86A227F1C9E,1
0x82243Fd0E1924832F10457181c14148b69A50811,1
0x825F8416D0C5cFC18BDaE9104C9a451C0207Ee5E,1
0x82bF8E18ECbB8cF609d3f399e868412feE529DBd,1
0x82DDd1Be5ef8C1105120F309f30A8ccA0E03Cb45,1
0x82FfE9f8933e83eF6F95Ea95EbB7160abf8723ab,1
0x8381f7bfD7dd646E0BF4D74b413BF1e882FbCfb2,1
0x83A26c0abDE7dFE39fbc062c198B9DfCF4BDC782,1
0x83bbe9CFCc205bb8E53cBa0b51d6db9386CE58B5,1
0x83d061489bd80Bc6d3895644B39b72654719bf43,1
0x8408a05C117C98FcDf649F59960D44F4f97b52Fb,1
0x841B9F6d5abC24b20b6f4197764b2104620A15F9,1
0x8434205c1909c8B7ed0D225043bc114d86582ab0,1
0x845b6d99f8Cf7AC735c92827e21D59f0D747069B,1
0x84BaF95386aa604c80F8042821f3901c55b232CB,1
0x851859D0bdfB791Ce47D4D99a6B670466d468C09,1
0x2C21E5bDF5A29C6D6Dc89838C4815B539f9f8B89,1
0x856d5B3277061A3C27bD0f1be6d3A148fDbaF42B,1
0x85CA517437174438C6f1F01C501045BE559C68De,1
0x863125219fF226EBd67d6986eFA7ea52f4b39738,1
0x8639e50d0Eeed386949331Cc3b48B7a12baf541D,1
0x8643C722031A05fCBb12212804693B81CcF5A4d5,1
0x8693003c7a415d2Dc1561440446363DC2AAfe11e,1
0x86c16F44BC75851a9E2E16e28366aDD78169fEA9,1
0x86D8861f3C84117F5D366dE055aF618a0eCDFE3c,1
0x86f633812d1Ee85aB6A7E753B4553995e8c0C10B,1
0x870B5C44fA881fB1a74164FFbd38234c71cFDE58,1
0x876EF6B0Bb42C9f28e71B0B2bA4E291EB9CcBaD5,1
0x8792f760c86BbB3FFFFABDFDDd63B8d24808bC0f,1
0x2f6B67A9E7Ca9f025b786e455261EFe3C65FF7E8,1
0x87C5c9887A468A1f4D362B09b8E6DaEF75D4f0bc,1
0x880d20ab5Abe3F70F775e34717FBe60E50a01a93,1
0x881134CA7693530417C06A57c23E99C9E8F0Ef7a,1
0x88B0BE658E72C5518B37cE0A5625D3fD494dBAFA,1
0x100d878FCe93e8dA7a0866f24425CB4f410c41eE,1
0x89121195bA1f1785Fe429f232Ef20Bcd88326D5F,1
0x894C886De83ff96c19D58828F125ff31c8340Fd6,1
0x89B6DEce313A96780A79D165C0b2572e934d93eb,1
0x89E408bCbfe98708df3A76eFE79692385cC62b18,1
0x89F32ef6dAcaab10322DfE32817d41fAf85E54b4,1
0x89f80508845277300e5bCd612904F7B4bf0d8369,1
0x8a02147c48feDE5D4690A4423783B7B69567Bc5d,1
0x8A709cB2f722512833313b393aDbe27a968dd914,1
0x8a9A6767e5632ccF0490c82eC901d1aC3B5BFC7e,1
0x8Af7B17787b38afF12e632fD7800f979fd75218A,1
0x8B0b774479f0A31053E361F4eeb0D4aD043e536B,1
0x8b42558F676B8ccd27aeEAEb0dB268d86E53F3E3,1
0x8b458561eCaf5197000b4dfFc5757800934f71EF,1
0x8bB4aC2255Cfd6d86ffaa4e912eEf8982de7b825,1
0x8Bc54D74fDFf1094aAD1fbf4eE83C1b491466403,1
0x8be0d7a2034ef1f874BcA470022aF3aF5D24A6F1,1
0x8c04a646a21289Bb1Df2f11FA52F1c8A1e77e69a,1
0x8C0dA06f6b8781AE20B05Da58F040f46beDd7Bec,1
0x8c376aD756c3363aF91f2f8079Ba01d342001bCa,1
0x8c57D1Fab10D4B78F49ef5C6ABaEB76a63710f61,1
0x8cB0C744ef26E7b1E6b76D687C0E9e2e93a91FD2,1
0x8d0B7814AdDE1315A9829D83083A4675bbEB68C2,1
0x080BE6ddb9d0E2Afa36F05B2199b06A08826EE4E,1
0x8d88314f74891468F2ABe29e056c2B970d148c67,1
0x8dC886Fa52CbeB17b22A965c90642E63dcCa2AFF,1
0x8dCE81fEd558b6f9f7e59d8645a51e2404467C9E,1
0x8de8bD3B27932eeDdcdb354CCa625fE3dB491E54,1
0x8deE4B54deC826b85bad2b09d9447ed0959DDdB4,1
0x8df811FCc52830EA8E37adea3F75837D40989E08,1
0x8e22a7bdb25eb28c7dFb10664d8ed521aBBB494A,1
0x8e25cDa79DE06b4ec1f0713A75cEC104621B8E72,1
0x8E2d4fEdb2441aED34749433549B6be9D1C695Ac,1
0x8E9BC14D25C13a6DE4A90f8aEcd042fF4572E2c9,1
0x8EB1F6aBBFb6c93f8e98d8bFb868e19f3f86DE5e,1
0x8ecbE0eB6d224fb6c280Bd34565C8DD0dc5e4499,1
0x8ED07226eFac3F6e3543626aCCf302095008b613,1
0x8f5B007DbE29B5875ec57220aC89718865944C49,1
0x8F87c197a4aFe33806e7a776dE879566Bfa6257d,1
0x8F969962Eb4413D073A9FF6825F50A31C01777ff,1
0x8Fb25FCDb7884231EdCc2165dF151b27fC529089,1
0x8Fe90E1618b97f30E043107ACe36aF91AcD1a1A3,1
0x908574E20bf0bcFabb932d6c74Cf874E4D33dd15,1
0x909b45b3ad415F4bB10e8B8978Ced9DF3e69E8f2,1
0x90C89a769A8F276dfDE591A8163F71000772e175,1
0x90E71bA874491D35bD3F5BfDDA1ED238634d6254,1
0x915D72Fd6Cf53c34D6b7C238be60a79d5214C452,1
0x91ae6B383fbA985F6641D46Aa4F6bE41f081E347,1
0x91DD5905419399912aE7AB3E3c6D64cF68A4d528,1
0x91E3d63B94738868B1F481f4e9989e00cac76d69,1
0x920B79Ae09CB8486D395d66c560b91526De503DD,1
0x922A40c3698F375FDeD8C780a186420881Dc0329,1
0x923908704af471Ce16AA8Cd1c4772b7Ecc147dD7,1
0x9240d1217650d84F5fF72D26f01578787a2Ff28b,1
0x9286bD8182BD576C875e0f8db8aE22f95D886f56,1
0x92A1f32e60f8E353B5529A0096E30c20BFb2EEaF,1
0x930e7333Ea9Bd9Bc06175ED5446cB5Be83cB7c31,1
0x933eE5060961626506682ad637902f10D1C259f9,1
0x93817CAF42d6aB9728D8F4a65557E4983c25c82d,1
0x939035097Adb542b53B56e586DEaAfA27e8A6566,1
0x939d8f09e002EaF17E10acaB804164becE5B8e3c,1
0x93C1eb96f3413F864303D7d990eF0CD1bdE6Df53,1
0x93D3F6d68B6416035Aa0c60E3c6D184b33d2c40A,1
0x946Ce0d606D14aD18e9f5AAf13F1cf2A51a4f0Bd,1
0x94A62fD9C228a2637fe5553Cc0b8FFfBa41AbCB7,1
0x94d11Cc6A08486A20BEfBc942b057Ce1a1f543fe,1
0x9504Fe794e5F7596FBC3407140Ad0Ac235168A74,1
0x950Fe4B4De730f46893eDF8Ef3727977Ed727A87,1
0x95D591Fa62edb98a5aBe8e5ca90091F73A4489B2,1
0x960e830E81c4B41d4Beabf6CeEab7C54b9ACD017,1
0x960EDa0D16f4D70df60629117ad6e5F1E13B8F44,1
0x9635bcC0E4845126FDB133DE103d1F84DA3f9ece,1
0x96539455E49b8DE5738f85C2347cf7955775f502,1
0x96E193956178c9BEB3a63af118c99cc397888112,1
0x97025C25ed1199593aC8897fdb73B62d5E725C3e,1
0x971CDd31accFCff7f1Dcdef7B6c813279E364378,1
0x97219Ef57A528c1f28A07A8c028b13C25464AEA9,1
0x978F80af53bc223145657d52a3c0eb55B923C70F,1
0x982a83f63248C9fE54e2a59a72265011c23625A3,1
0x98488C8A8005E8cae743d571d2a0f87DB288Ea99,1
0x988e08dFcF5802abEa9C1cdBB94d7923eD96c151,1
0x98b30745e5e1fe541491B1a89D90730A8E0BbEaB,1
0x98BdCBb5891394f05573eaef2bF0Cff2362530A2,1
0x98D6716059fE3e1B8a0808d85FE6B9C5795B2E7C,1
0xbaF46d92734124Ec36bF228fa2185cE2a6b42e48,1
0x9980B494602E08DAace4fFd7838926AB973CF8D1,1
0x999b98242f5384E225a02aFceBb5Cfc817559e65,1
0x99acD2856ee407bB0857001b0F5fccE78FA7A80B,1
0x99b17456eD9C3EB3E2F4f292bCB515F8bb9F4640,1
0x99B6368f9681B44BDa3767914C02ddCFcAfb8b3D,1
0xE1506a397e4fe51bCc038F1BAF4453610E7903Ec,1
0x99d06B30abF3F35974eb846B94F9e5c11476f0ba,1
0x99e0D8B036CB00d555853b6fC6559c2643EacE7a,1
0x9A62308aA00361e5DC2c520EC8C6814BBdD1A931,1
0x9A9095168bF6fA5142e94f117661e009508da8Ae,1
0x9A9400eAb8080cc446A457d6a7DC7E47e3519019,1
0x9aabde1142CB1b107D09E052616e2b4E0c23761f,1
0x9aef4d4a25Aa024ECdaC75bA84bf22c70e2C1a01,1
0x870DfC1D797F7A68E027514eED361192739260a4,1
0x9B687a33d98397497f85D290B4608b731880b2e8,1
0x9B799aB8B30a3420EF2870B76D42aD4E4236BCc1,1
0x89722E5731c632B972109Aa8376b17940F27eAD9,1
0x9BC51282abC5e2a40C51598995ABa76b5f0202aC,1
0x9Cac5110E5aBB489B57BeCB84A1Ee84e3cd47401,1
0x9CeF7aA1D7f4DeFBa3d365CbcA41b4c89573B2fA,1
0x9cFf2C8c15C655c1D4200B203FeAC465e98A93b0,1
0x9D5F45124d2d35B797582b9D18d7101fF668Ad6d,1
0x9e8c28071cB96fFe74021A037b16D3E21CCfa3a7,1
0x9e93FbfBACf7c30C0E032B1Db368B52Bd6bd1765,1
0x9e9865d26131d76186aF09f29e71f2fF12C385e1,1
0x9Eb2B83e267d5621a5a87cFC953e3c860d2dccA6,1
0x9EB52D899ebf2C46d8cB490E86a591E683a04bc6,1
0x9EF171A8C62Eea6455830Bde5de99Db5A7cA5119,1
0x9F4828F8da011da40f048c128316AEAC79BcD877,1
0x9f48752D0EAc731117da7499b1274543716f7d0c,1
0x9f613D82b4f9B9b079ceE36f93F8dD3f2C289de3,1
0x9f834835927a0D9d589620669c0cd16B6AF87D57,1
0xEd80D5A03e833D05BF190e116f22E5e447b8E39a,1
0x9FB489079A05A102Df6C7702D068DfFd7438Da91,1
0x9fC780118aB3FdD99F8277cc86Bd54C460042309,1
0x9FfF7A309Ff09d41F04f8B0ED76483Ee6C4AdDB3,1
0xA0164833C956F812294fe624e08C17Bab439Dadb,1
0xA01e8b200BB96e9fa246bc66F6b4FDf54089735b,1
0xa02e3E932F94af2C7b35d7d9ee9b255FcC9d3504,1
0xa056D660D21FF59a52e2d9Adf1eEfAFFAa875814,1
0xa0BFBf3cb57fe036Dc72aEB0D78828772a4b8C3b,1
0xa0c7EeBBdAB3a1887C5380f2a4606b8Eb333012E,1
0xA0cc04B4356B7b8db816030E8bf1977bBd75ECFD,1
0xA0eA2aCfB6a4DB7aaC58a83196bC9c2247a952aD,1
0xA0f6e54f16ef87c301915fF78BeB242A54Af739D,1
0xa10f965Beb0FC1D6776d7117b0396AE19FA85262,1
0xa11d674313418D01E88487e7465AA964813D50fc,1
0xa12c33b6fbfAd1f331e96d8c5E6EB6999CdFD371,1
0xA12E0f231a8aF9239eA4F367A0802E73aF8dA06e,1
0xa1403A5806e4e3EF8BcEc00B9755E0c8374b7447,1
0xA1836ebceD20685CC57BA6BF8b570D32a53d9f3B,1
0xa192cEc8616B62529Dd97656d779D778eDe49de5,1
0xa1D1833Be9069CfAa5c48eF5556F91d6e5339Ff2,1
0xA200369d36d9a1040bDddDf7F83995220E87211C,1
0xA21077a1a4bfCC7bAc0344F8ed012e8e62C5883b,1
0xA28389B1cebbe01c201b1e84656870bE0BEEC1Ba,1
0x4bda94Aa5fa42e9e3747d9cC7f405a04E966fe8C,1
0xA2d8973Df14BC5644d14363b9eDd6ef6b223Ae8f,1
0xA301F00b655a45D454747B4b8fb3dcEFD8C4D66f,1
0xa319Dc6C663aB35A5F43B356abC6724bf3e4DdD8,1
0xa31df9ae4F9C044E23BE1108D63c182B3834ff35,1
0xA3268eDfd84415472D9c30eCdEBa487f865Ee063,1
0xa359a7B19F6A0a8490931f78763eD5554047c494,1
0xa35aA070537C4dcdD8D5cB301D7510FC0cac9808,1
0xA383E403A0e2de3C99c6b0b6a2Bb75E196A5261D,1
0xa39c33A7090BE2F9a807c84E02742E0901701Eb2,1
0xa39DaA3AF0CB4F19Cb9f0FE721E4e8FB343D97Cb,1
0xA3A499Ae6A172Bb0c5631C09b8a22BF1eBB8926A,1
0xa48cD684ded1EeE3dE13E052BBdcFed59558a1Ca,1
0xA4b43b4E3Ee4aa39Ef261e424DEF838Dd43C1781,1
0xA4f90484913703e5758e19D1D639f7f8f20fdA00,1
0xA52715A5cc5EFaD1be64865195d2eA39C7d98E7f,1
0xA534EEeA097D3Cfabbc155bAdAA7e09aEe07E343,1
0x3bae0F9811fB3869267CaFf8B5a1bAF00a352935,1
0xa61547582f400d27736B34E5f1Abc9a50Ed830bA,1
0xa63570553e61Cc5363b19b6F386956eF96d10B17,1
0xa6498f1E08cCb9BCc688f6c386B4d24aD066b71D,1
0xA657c9292208320cC27Ff2CEE72388E9d7AfAD4A,1
0xa66a00Bc2B9b44EB02aB37E044BABEA6E1f255a8,1
0xA6DD08C2837d27049AC3BC73693D3C09a64Ac41E,1
0xa6EFa16129D1AFb342dcfB181a067ceE7b46038B,1
0xA71f9252Da4653be90068f1df8A480C870d144c3,1
0xa74cB71969c6476eC42B6fc740D9CE2a496aFD5B,1
0xA75B96693dF8eA8c7C1e82Ece15319bF2e6234aB,1
0x63A61a31F087295a2b3fbE6F546913Ccbe8127e8,1
0xA7851139F56f366C507DC889D2Be39063F14F06A,1
0xa8293Dd8eb52564a35b8357a539146321b934153,1
0xa86693888186C3F4632f7EF237ef61C68e983443,1
0x0B02fA43a9CB92E92a49BBbcD7E10111C05F0BeD,1
0xA88082B0745750a1471C7F8202F7bcb53e6E5061,1
0xa884DeB7E52522201118058a8981A5A18D99F60C,1
0xA8A3a288d46E3014b383768Ff9EF4cF9eC2839d3,1
0xa8B1115766FFa8895F6BCb97D317390bEDC30b3f,1
0xA8d07E4A64dC7d9E04570DefB3B6CEf9f150e461,1
0xA8d68F53260Be7D061190F8A7c88a8Fc32985D68,1
0xa8eC9d90D545E636975d1674c7BC0043E02053f3,1
0xa924C80B1d205A18a1bD8A88ae0a70c20054b268,1
0xa92605FD2821A2E3c9739b49BA923F1962181B0D,1
0xA93B235bA171c816e21969A836775077a756Eb81,1
0x48328D2e8F12811151016a51cBcfdC8ACb81FCb3,1
0xa9c562a1c102396F95fe8810caf83749884783ae,1
0xAA7C117804bD0C90ABf2B7BAE6528a7511948C9a,1
0xAa89c84ad9673B2fe581A8Dd3E549d72a287dA18,1
0xAaf7BF5f1d3520F8EBE7b1a87F20c34925Ea7fFe,1
0xaAFf1eE99C147DC7D021BFEB49439100ba295FCa,1
0xaB48BAFE349ff133f2848d114771C66eFdA71Ed8,1
0xab4d4599A0ba0904FedB91D0E829edc0A1C6a857,1
0xAB70588B24203e245bCEE352D050975931b16e20,1
0xab73D59a3e806afB7CD2012893C3838FF9bfc74f,1
0xAB7485733E4B6520a52D08d68AAe4B6C3Ee198bb,1
0xAb8eFf5bD445a90E2fB87Ab679ACDD5BCBf70931,1
0xaBaeE1F1B3Bfd8493e7906e7b6Daa78297DB69Cf,1
0xAc2eAdc4D1D9014F798e689fA29cD848b422Ab53,1
0xAc358eebd32a4ba789B04Ee4e4DbB1Ec6aAf315C,1
0xAc3b886FA5296f0C641151589F2B1fBd0B197fA7,1
0xACa4ED4BF5F8644B494814B1A29B7cb392B9F216,1
0xACf1222153e2B795Cc35c57C32edD8B8Eae86279,1
0xAcFEa5Dd8FB15D893FEF331391c8DF21Df719603,1
0xAD2E30ae1E7935c96637C1FD49e962cEB011B01C,1
0xaD41eA4cc8Ee24763C7034A3Ff5Eb4F61f4eE396,1
0xAD6E4D83C1A0865c15292050e8E0472421309Fa3,1
0xada8940d6869E98bB67b78904f2713aB213Ea484,1
0xadc43075f2e45dAf2dfA5230fac6Ba6aF6283bde,1
0xAdE6209a546a20e7885EF20Ede1678FDd3e9c2d2,1
0xaE0031C3d1943b8Ceb318409EfE174550D2cb4CF,1
0x02091A8044284E94732780167BC688424E0E49d6,1
0xae2C69a04d74735c9d50498e7c6d9483E388a8a7,1
0xae2E0870204E340A95349b7F1A4D192c576cC058,1
0xAe311a9E0a6f58367afbCfD532622514F590D6ba,1
0xAE5C0a9878E11f2FF324eF6ed2c0ef39D3533c83,1
0xAe7D9159777eA6c1c5abCF7D9eD4bc4cE95FDcd2,1
0xaeAd010e6b8355537f4453e980204B067d208548,1
0xaebAea3A77E0Fa4784654b32C5d49370e742c93C,1
0xaEC4F6D934c0F0af8b7ac1EDFC0581C34b26A22B,1
0xaef1889D58677805399C6F8326c11D159B09cAF2,1
0xaF1bD52FA0FF115d0BA3Cb3f5FAadbC1268d74D8,1
0xaf69153305697F1D26D8A38FdAF74Fb146247362,1
0xAF694d15d57206CE52894E8E95294747145cd19f,1
0xAF91399E191fFEa97a574479f95c90896C2CbCFc,1
0xaf9424CaDa0B22abE92e0602DFC09f3e00903764,1
0xAfC64a0DA77c0d38DD3FE07140E660517a53B73B,1
0xaFD4E90dB5fAADB226875B7b5Fcd002b09c728b8,1
0xB00b36e3c3B81f4B243931e4cFF30D22715b314C,1
0xb06145Bc400005e39509A43ca62F521476aA7D4f,1
0xb06C4e51FA96832215bA94536f0884d822D30378,1
0xb0a8B427EE85f03bfa78D278CCe007Cd90B31AAb,1
0xb0C0f73f84CE7355E755846C123f0a5848304B52,1
0xb187355765152640A6E1e0e2330F2563a1821155,1
0xb1a3EB48091fcfC4EdD53745d4afb1763F004B88,1
0xb1D0A9a2b579CBD882bCc5C25aAb40976223C192,1
0xb1D289f57C77e4AD8CDB70C29864b4c9D32BE440,1
0xb1DCa7d52f4A7501538561467F1C0466FE17B93e,1
0xb1F62686850EE22F791EDbbb56609d2c6B9dE2E3,1
0xb20158bAa6B5783647259aeB889CcfB1Cb95fEF0,1
0xB2254B6771D01d648eF9Eb9273B60484f9bAdea8,1
0xB26B5137BE5A7bB991Fa63A36a8EaA3daF394B7b,1
0xB26D9424F0F435C8b10ed478Af36Da8Ca7D5B095,1
0xB343030a848da5Ccd4ED4e5362576CdfcaD3fB84,1
0xB36748B5a31849134685520d7aB115fC6E16bf62,1
0xb3AacE2E7AAd63583AD720472f881E85CD0e9A20,1
0xb3B35dd2dd386BEa3fF58C10811f9022806d1062,1
0xb3e571417705DBD24f11A5Bc9fBF1ff90A615328,1
0xb41030d8369D4dBA06f0214a86a6c39690A27936,1
0xb414191Ea9c943CAA4431c48a7e7D23d592f3B29,1
0xb4514e7D507bb6a2A13090836B3E1B0eFfd9bb07,1
0xb47520aEA870C3fB9715C15fDF255C435F08c6c9,1
0xB479cEb3FA4eC82E4Ace4b54BbCfbb9B3f7d8665,1
0xB49ecf813Edb12209f39d6547227CE55E0CE8eED,1
0xB4DdE601f40DB20892129d4558FbfA7219f46E98,1
0xb4eB303E3C80B451A481e6A029CABeca92c54678,1
0xB500235778E57024E1836Aa1EcC243146E1470d1,1
0xb54196b753cDC25FA8d00AFA224BF975D8BF97Ae,1
0xFf841Ce01c71Ea0304c38015d193A95a6A29967c,1
0xB56D5dF71DF9886f6E2B8979153BCA4154d4f345,1
0xb5fB0f4e71e3377bC469d90995994025708d2F38,1
0xb66D6F95933Ab2a86161a61FF63687aA0615BDAa,1
0x8ae06d2a588F6A507E0997dcfaeBe5ccf6976bCC,1
0xB6ec2A147Ed598aB72D1578f92A400ca99A46260,1
0xB73a62Fd2952Ed68243cbD338a1205a0cD68D300,1
0xb777F62880a621D10a39BD69Da17BB4C0AeF366C,1
0xb7bD544ed9126f7B634F360c12cC994a4F228932,1
0x656b51e1CEaD1d5C2dD64fA68A76aFB7eF91a528,1
0xb7ECc2e830faC31Cb7Ded8Abb4556955287DD6AE,1
0xb81a0e0daddA6998c7d964f6185f28E2B34ee99f,1
0x9C88367275f6eA7d8F0b9416Ee927D22d9Ff7D28,1
0xb8530006b544561E8Ae916bD34b06E6D7Ad0c001,1
0xB8ABd62fA680c48Fe4905A062CA4a9257990f5AC,1
0xB8c73fF9D32EB0335cf02216393A80b98AB2902c,1
0xb8CB170D308e8535687A43bd1934eb1F7e9AF3c8,1
0xB93493BFCc7D458EEeaBa4682213Fa3B982E9723,1
0xb94b4220265419cd8279706b23df25036862D1f8,1
0xB9D613D789e415754bae3448c6f2DE6AF73D2ce5,1
0xbA279553a66253F55a0F4Dd30ce7f5bAcf832f8b,1
0xba6C7A241bF13319E9aF78422749754082d8b75E,1
0xba92675e33B8f3a69cF69f75492cF10Dc854cC95,1
0xbA937896Ee4cD2d6fD2510265070A8B69d729c72,1
0xa7e999cFFE7E5c43Eb1c20Bac7c42b529F4f0031,1
0x9103E3D7b1E88939d83Da54464A49Bb4eBc7F4Cf,1
0x3953F3e8BB632d52bf8AD0333184aAeD2b9d52B0,1
0xBaFE4a585FF8c1D2fac51F22f7c825f343fFa82f,1
0xBb7f13bB2E444F5574589F2AD649DA85446E3348,1
0xBc0cbDb5D40aa7c24906f5D0ccaDe1DF844f70AF,1
0xBC397E0Ad59f5EbF7AF1Cad9be7d7600642D608B,1
0xBC4acD0780a301250b8286baa4D8FDE2e90b20f1,1
0xBC8b0666bbba934Bf5F8CEc4B896D02F222c12ec,1
0xbCdDe113e0Be48145d119f6ec87a78582CD1398C,1
0xbd1a8178cf9Cc9d23e3Cb7DA27CeDF521915Ac05,1
0xBD32AE384E5eb1A8B7e3a92C367BBBa6Aed39744,1
0xBD445F88D5E34cDddbfb352F509E6786C74AF33E,1
0xbD5A8323E83C50CEd1829D39FAfAF8Ab63d9B29A,1
0xBDB3BAf4a062528029fB068B09f6D7772C9Bf9c1,1
0xBdC4d0FE81a7bf6f569A898267f8C7Fc30bd2121,1
0xbdE3C4bF85cbaD2f8f26DEdfEbCE843092f90048,1
0xbDe5bbB20Fe6CF6a9029DA574f61cF7AcCBdd4D7,1
0xBe05f9793538461D1F42Bf68BE56f2DbA4DDC33D,1
0xBE1a37E19C991E33c6021133C9a879BD516e9A94,1
0xbE324E428C2fc74bc41420D7c2CbD0a6D652c2C1,1
0xBe4A88460ce03492FF55c0eed016dD2536B9fdA2,1
0xbeD5520349c7fd50A9922818827C8C65A9436077,1
0xBeEA01031dA2192F9620e33ceb77Df2d90AF0D68,1
0xbf37154E267088Cc026028fF3E17006D2D7dD2e2,1
0xbf49f69D4e86De84856b5F82B83eb3120190Efb2,1
0xbF530634f854038ba3Cf8Ed3a0f9F1c5D78DA3C1,1
0xBf8023e539D50291d26b55F274Ed8ddF384E1c22,1
0xbfc9ca1c434ab19E5F75ACd2d603dc0621ef64E2,1
0xc05cC603bc49e772B23D1fB5CE1064D54df7ff72,1
0xc07e47564822C953912c3E8a8C653BEc8A4c3463,1
0xc0bCD7735cCAc6EA02BC9c53dB48D9113493a21D,1
0xC0E96A12f4B8F0aB8057449b80200C251C502f79,1
0xc1102b93399e68C30c23F9168DAc88084e70e6F6,1
0xC126baE73CFbC15051990BC91e918532bFb021F5,1
0xC126c5996011326a0Cf60E9c8d123AFbb5702ebc,1
0x8028bE0a226d59AEb1C1144ac8264aC28004241a,1
0xc18361B06aCFcB111a8ec6917455a7626f78078a,1
0xC1A3078e1308ae72c79B472A92b1282Ddef5Bd7A,1
0xC1A4C4fEE359243ef106af9d3d6C0507cF7154F7,1
0x678312A2BdD03d7D26351886d303e9D6B15e4f47,1
0xc1bc64efc56D7dBe2116c93d7CB7AA751c6E1a33,1
0xC1cc2E1E5931239eee56a86bAd6Da84312BC5703,1
0xC2163437cB07E570bE42d381e2565Bd15Ca52fC7,1
0xC216A23A9C6C687053c316B0848A83B758162B87,1
0xC2308DcB1844e4bc0CB65cBcFE465e8d289A4c48,1
0xC23153A767D0F20983E5194045a949E968597a54,1
0xc2421b188db69C3C6a7e9BD40661b4b96cEe781c,1
0xC24d8266C47f957A4a4115bD39d7fE1b0366a067,1
0xc2703ea9da719578d5627f2D7E5B471E9281A268,1
0xc2770db2Fe1898E7e6E807016fb5dd399DA08B54,1
0xC2812325caD4C4C782CbbC1164e9373371D31dB2,1
0xc2c28b65c7C766e9c62fBdcEDe502B5FB5dD9699,1
0xc330Feb66993346B932d397e085B6FC4234f97d9,1
0xC342CFb2e5304AA22063aE3C4Cb86cC2340BecE7,1
0xC39f7c89c564Bde6640e0623C7c3Cc4b038CE195,1
0xc3A6E2b72EE8478A85593Bfe86fCd612855BeAe2,1
0xc3B464dA00CF4A34f3f88aE4CCC4fAf40e39BfA1,1
0xc4BBF90105d3Ac8f77B3b292C80d7aD321a90157,1
0xc5286CeEE0bfc3D674AC93130D04A58E9211df28,1
0xecc10738729B927B7966A02966efA28FAF5Fdf18,1
0xC67913e7845550DeE1Dd0a01930EB99cF7CCeEfe,1
0xc67958Cd40b0Ad0CF21C53DD63AD39F0EB2bA4b2,1
0xc6d1cAB8aa6c6099a4dD7352EBD4B25521F6C79C,1
0xC6e1c4C8Ba08612d3F496570d73bac972795dca7,1
0xc6E919250C276bA8C5dda72bc68f603d30C28c7e,1
0xC7029E94dC9A2266affa1d3BEf48905872c6AD2C,1
0xc728e910f01b38c2F07191B12A84cACdA4888D9d,1
0xC72FCE8B98FD3B28064604689718872D369783eD,1
0x04065f3166fd667e720C4CC333818dbe07CbDA7c,1
0xc76984d6AB341EBe4E9Caf31e47bAcB1a99c279E,1
0x86269fE8E5704825c3E5dAd4b678c5dB12182152,1
0xC7F1eC72ADAd2eF46CC80D64690236174C78ed24,1
0xC842dF6Bc2aa7f622Ec8D4a43CE89CBe464d51f5,1
0xC89bEfE4503B29baE842bEeDCeF0092Dc072fFec,1
0xc8C5Ae8818422CC4cd30cD0b053F7586837a39b7,1
0xC8E6Ce123389Ec88893740adCf22C36161611362,1
0xC9a50F66a3da70009888c19EA1f3d76b8bCb3dD5,1
0xc9EaF0D439b2aBe81BC9E91Ee287b9bC9615e6c2,1
0x53bd9B21eCB965B86c1c48A529E0255F6d1E9919,1
0xCA4299204ADaA44aaf9DeF988a6937932C69D721,1
0xcA7DDbc8EC13cC691E5145a26d0f655ED5df51Ec,1
0xca98a7Db93E53aA7381461F728a481a941a590b5,1
0xcAC4f9d03002e095DF3cabFe625E93bBB7260363,1
0xCaC9b9E4F4E407beFeDbE035a411a9fc4772FeD1,1
0xCacC2d47de87F858bb82d088bF4cD15969Cd53a9,1
0xcb155E496311315EfFde79e6dDb601E9CA8C1Ddb,1
0xcB15649D7B7a1eb01fb1ACD14809de6cF82Aa1A0,1
0xCb203b3787fCb62499396Dba50944bF387613D4d,1
0xcB70aA1B424a0ED377945D5FA5D22A2956270163,1
0xCb979877b12978e2869c23457bcd5148B9B61A1a,1
0xCBA711BEF21496Cfd66323d9AEA8C8EFd0F43e9d,1
0xcBABb3d40b4BFd4A707377A5D33566aE816607D5,1
0xCBD1CB6377F079Fe79d7AA4E6F5F0859735BF281,1
0xcc34c37816e164178cE290dd480Bb1B766B58D3C,1
0xCc98f43efb9B07C157E54bF04Bb3086635a6A43A,1
0xccAdE2B331c00Bd48bCc6CC476BE6a326B477804,1
0xcCbC163E5d3Cf05B38EA82D5f68CdE13E174426A,1
0xCcC3eaD1a68E2d65eb88Cc7064F78fAea1A3f451,1
0xcCc905eA382400777C7fa962452E2f1Ed55EA298,1
0xCd1a2A74Edc02B166C451875A0934ee74F8308B6,1
0xcD2aaA6584E358Be845Da1faE1Fd69cdD20490CA,1
0xCD43526982380DE2eCA26d8De21E93BF2f117Fe8,1
0xcD92890603AF492a4D2F8b07C5B1fCA8606d2459,1
0xcDB0d203BA6ef53312C56e3651430fBd46CAFd51,1
0xCDb94856Bc6DF035599EF0a4e5B38Ccb44b473fD,1
0xcdcf7A41A9aF68a67d9781e55b1AcDD9b6F96350,1
0xcdE212c5B66cddacd470C1aD045eA826fbbE486C,1
0xCE73E37eb67f94Dba779ed5770b5bE8F0b676660,1
0xCe8065E5A01EB9D86bF6e000AB51e7F2c756ECFa,1
0xcEA555DFE7e28559a5c6059f7FD391d0CD502B1E,1
0xCECA6fd65F693E888c4b75701284D66612acad08,1
0xcF55D9b5550E2451059bBBf37c80Ad98A78aC137,1
0xCf571e890c3F319978EDA4Fe9f62dBe9cc7E3Aa0,1
0xCfA01Fc33a67EF0c88639964d8728FC47dF802B7,1
0xCfe99e4DAdDCf2C3D0666e7b23ffA0766B1a4C84,1
0xD0060dbfeCfddbf14995288021C91AEA2Ee9abf0,1
0xd0AAdCFE1905b10c64E95D5095457f201a46e39C,1
0xd13f5c072A6255961f176F993BE5c5fd31524C1B,1
0xd1DFB855DD3992696B42b4d7FE54E88f1FCfF135,1
0xD291477aEacfA64378BFBF85ce07952C828EB2A8,1
0xd2B0C055774F1057d1dCd8f3c26c83300Dc81F3c,1
0xd2e27021eB2F14A2CCcFa786bb8332E93fd7571d,1
0xd2e44E40B5FB960A8A74dD7B9D6b7f14B805b50d,1
0xd2E6e8fc5e40e3396C6815A940c1d811f585Ff6f,1
0xD36E431891822c9863A5F2b47E4a0bE74029668D,1
0xD382CEdfC2CE1be9d78445829E1505888c648788,1
0xd39785493E981ff6dbB7a8959E468A08541A41F0,1
0xd41f0fa2ddD6a02CcecfeCc49e82A36eA68b21B1,1
0xd43701C2af9835A6cd9260dd6E189A045Bf0B8aE,1
0xd4d71B709bcC500B60d0AE36DcfB4F6183746087,1
0xD4d875BD61126bd47B0Fe3e2a4fA34B977b09139,1
0xd4dFf494527500241126DDF910a0b21fe09D6990,1
0xd553Fe129584198F36DcF6e54Cd3176Af2d5BE0b,1
0xd55c5f6f770D5c47ebEE0e8e6e3e144597f78953,1
0xD576eDdaB9399BC3583d6bB0Abd4134301BBF619,1
0xD593be7D470Ba396c180229308EDAb4e60b98479,1
0xD5c24350a3417E52aE05bdc7B8e497948b7726bb,1
0xd5c86C2e4Dd07FCE5354AFF248A408B686d6fD60,1
0xd5f2DE368439eED5527e88Ea52A7fd44758AEe99,1
0xd5fe6dFc92bf610D540C891Ff2df265C3D1dc4e9,1
0xD612389a994349C639696eAC8faD2c3fc0cfEEcB,1
0xd65902904b489512b522E07aCf83Aa2f6A533D65,1
0xd6986BBDf5Be3F11616BbE7257e92D580C632143,1
0xD6d13DB04E0cBA6714d5691556C5988d8124BAdD,1
0xd71F12fb050751eA24898455d447e51AeE489bCe,1
0xD72dE2f86d011b04Ed6a600e84BAA14bBB2be086,1
0xd7467784791ebAe72180623a438f5a8C93602A50,1
0xd748123e395Ab14aaa7E294B0F441212fF9BcD02,1
0xD752b313E23Cba7d98080Ca57fC2d5C84A525652,1
0xd79898898A11f2B63e34156DB89486fA92099f58,1
0xd7de7Db30AA4D409F9A839fb47E3CF97DF3Ffb0A,1
0xD80734bE5826647a44c151bE745050Fb4432AE43,1
0xd8FF36BD818BcAE0278F0904D527206363795082,1
0xd9243Ba33BEafd43b53348ff4F78700f85fF9374,1
0xd9433fEB77953cF723f672b1E1dAf228AA3F55ae,1
0xd976D3Cc17D109889037175B2472aF6CA970302d,1
0xDA186d1727B6680F6a39177F767303186e5a4684,1
0xDa370FFb09574d557eEfAd2F41bd4fd3A53F27a0,1
0xda3b62C6f1611894e578c908EC90Ec2765872088,1
0xDA5c94825FEB00D9397B0496e25b362784c7992E,1
0xda76c50E43912fB5A764b966915c270B9a637487,1
0xdb065435e0658829dDe69728D3cE05A466D8dC0E,1
0xdb2d4883c6f97c37Fa70918d907114cd5138F953,1
0xdB317A24f1E19cD6eD606566ce13D804ECf5782d,1
0xDBaD6eB198299314C873d7f6BBB0508233CC0442,1
0xDBC9C696Dafd0995F129c81EC7341AfCE6f54D88,1
0xDbD3D29107ce2724ad1A1669305C9A292c3B03c2,1
0xDBe1Db2291E95c87c2083b122a34d2A51CD8f141,1
0xDBe3ed904F5D053f3C94277a1bB71336de6fF9F1,1
0xdC2089016f540cb5FeD6Fcfe18F534E640dFbaeC,1
0xdc9bEf85ca548f3B64D5360E9521212dea56243B,1
0xDCb388aeaa014681e70f06D7BE950d0F25DD0C5e,1
0xDd149027fDA1A2A290B891ECBd1559d9AcAeb2CE,1
0xDd611400884430b2B1E92509bADC88D720768B89,1
0xdD62107B880489C9183b01Bc231De0631fD050C8,1
0xDD87d6010c04D12b47d34E999897E925235E3639,1
0xDe255AEefD61d58Eb2eE99C8Fd08c4c46213a734,1
0xDE29E31A9B1032c2f511d53b46253c4D096636Bc,1
0xdE5fEDc9766Bd9D845b52e291EC12C2d2d05a16b,1
0xDe84399fBdb23E8E8f4c4fdC47Ca5c25cCaF26f4,1
0xDEBcBC24cfe1B8bC333B98DA4D09dc8d25f87D10,1
0xDEd2842EE66EDeCFDCF9A6a84B16E3d1A40Fb3F4,1
0xDF0B3d448bfA6B855f51A8A42B48A8f75614C3E1,1
0xDF7DC75e3349470062beEdAdf87fe07acdFa2fF2,1
0xdFa8E3a0F2096eC0F3DCed725Fa703072922323D,1
0xdfBaeeF21396BF205D4B7D23345155489072Cf9B,1
0xdFef6d02Bc591e6EaA0a02351AFBA0545ddDEB4E,1
0xE0279B1532c9f5De97cc2Ce5f47F8B8A5761265F,1
0xE02a704638956a615A82A3b8384F32486c2d9d87,1
0xe0980431d6Acc9Ff83d18eB804B3E5d61101c6F2,1
0xe0d2cf7311833a349EF66fA616964c9203ec2095,1
0xe0efbD5B6Fa5006014C24d61c42dEAAbFD5A71D2,1
0xE0f622CD0762950db5B49B62eB2374b6CAd61ace,1
0xD117262C30a73c0C4ad8037658b4a8fc3A386ce5,1
0xE16151D8E8B1DAE031D55cFF4BE441147BE1c811,1
0xe172C11948C4fD8f4F9C78B7CD83646D087F06Be,1
0xe17E85E91B3c04025bAF4dd23AdCEdC7a7e7cE12,1
0xE1D7F512192377d05f8461c7DA75fdAAd8bE05fC,1
0xe1Ecf136bb0F65AEc18053c1B76d431FCCA0b63C,1
0xe20F583F6F47B1deF5CE0192D0A2401B45c17ADE,1
0xE2522b564B92dDc5aA2cD7197167D85d9E1189d1,1
0xE2a77410Ed0DC8B4D0192caC14ec2c13A36D5F06,1
0xe38C34Ed879db800C09Df97E5BF992Cf26aB3C23,1
0xe3921277177E0B9ACd49f90D6D02A155d6B3a894,1
0xe3b43b615500aD2ad63a3B21C9e649b4E2d81FD1,1
0x6c9d56671A152a9b310F808b88f522f01a223754,1
0xe3D871d389BF78c091E29deCe83200E9d6B2B0C2,1
0xe3EA3e3CB1a83F8d414290Eef0Ec39182CBE91aD,1
0xe40bBd3CD595b1B834719c3E113ea64bBAc20052,1
0xE4317bEE6a2cE48772186fDEFaC9da2c0db31FF4,1
0xe47Bee11096c3251d34fe184345D8C31F391a6aa,1
0xE499eD4F47EBBD4c395017496BBF1852ADbe07F9,1
0xE4A7fbFfbe121aF0E615437c330Ed0Adc05094F8,1
0x6734e01211AB539Ce65A0fB6F4D8226A9D91D6C4,1
0xE4aeF6b5BCF3922eD676D6fA132680fedBA015f7,1
0xe4D62064F813652B5436c737F83F3A0e018a77ae,1
0xE4f96BF36817B29912ddce35c76f1eEE831FbE83,1
0xe503aE439FFC7fe91359AE33bdF7F8283b62CAC6,1
0xe505d9554DCE037f6D30eE160e3a941B7Dc94679,1
0xe57C61c0340F1a619b6CE36481B4a8059D100309,1
0xe5A6DF02bA73FBE067f74353d6E92078785f38ed,1
0xe5b0f31b041E7730c3f8AEf407B0B4C0633EE4eE,1
0xe5ffe9218A3249B6547f76859950f455E934487b,1
0xe6001C00d9be5E0f676082327f0ecDb2587167af,1
0xe600be2e058D3Dd30eA4a57F932C562dA7D25FC1,1
0xE69453bD9Cf83f7a3d12B5bAA2E555D76A0c8947,1
0xE6B8C36B732778c5Bd5e0146509e3ad6A80277b5,1
0xE6DD1F7Aa82F17Fb3185DAc49C8AC11fD4954195,1
0xe75AE5Cfff8da7bA9eFD021466b1499ba699628D,1
0xe7745349BD9F159f284705B71A265C2b3ceC7829,1
0xE7b2815Fb6A39fb6bb81c2ad72a2248F7517537C,1
0xe886E022919ddCd8e9Cb3D93e25C5a13892c43D5,1
0xe8Cf545F7fCe035EF4719EaA8E07a96FD5349465,1
0xE8E5909dAe931d39c0d068D5896DB656ff87D1db,1
0xe8f7b5dd713B0b55E2D4E4A23f9F9114447582d4,1
0xE9350dD5a81a5FEA998fEa195795c4eA9d844D5e,1
0xe93b0D4f3FC410a5b5D5f522E25E3FED65Fc53B3,1
0xE97F557C7991ed5290234b3225254d12df62732d,1
0xE97F90c1813b31d12ff2C6bF209337a182dbe121,1
0xEA107127262F337567EeC0E8a858e9434f67bC50,1
0xea16d379883c83d4b2A5597431b15507145A124e,1
0xeA8016C59654FDB28Ea54C1543f5739B201a8662,1
0xEAC4899b7aB841ad7D68550B43D877AAB93f143b,1
0xEB32C062856AdbC71DB474d5E9950617142A4995,1
0xeB41Acb7ccA431cf7622Fe242478E2caB38E061B,1
0xeb6fe582b00360C20ef992f8202BA57e2bcf229b,1
0xEbbc9B3FDc8C4DE4396F1B1698a69CCc8D717134,1
0xEBCd250474C27cBaD3C56f3F34e08F97b370AC2d,1
0xEbebcaA7Fc9831738673dBA84B7788F0D833578d,1
0xec091D5cfd50b2995855AA303bEBb86b65eb2ba2,1
0xEC43d8E6433E1Bb63e2d03Bf5BC997F3bfe80Ccd,1
0xEc83e4768e314CdD88f910E397AFfCdE78a52F92,1
0xEc9c38f0A06ef3Ab2C549b3EB90c97e69E1E4E9F,1
0xECeC63d08056F157350b2E28BA17D2F5C2a1d5Fd,1
0xecf4dAD6E36Ef2a651dbC24338912e94122375D8,1
0xEcF5fA0f6885A79c13458A6ef3c8583A074C9ABd,1
0xed2D3a0b0F44430EdfAF97010EfC5e5D728015F4,1
0xed389E24ce9094B333553B0c704788B5d78daA60,1
0xeD3C804cae381f2718958d3644c7E03469eeF371,1
0xeD7DE709d1a12Dc113f43215C520B1e0e0919C32,1
0xED8d61ee3e781E1c2D128F7e48CFbEB474a84BFc,1
0xEdb289A9e9b97c2215DbE512Fb16Ba41dAa205B8,1
0xEDC495DA640E34f9e79c411d1E522fc3b6b76685,1
0xeE1EBa20bD509db66dF0c3faBB73460A8f91B724,1
0xeE63441BFd6bCca4f9DfD1456EC4e351a70A9796,1
0xee64f5C3947f9DadA8600f71b4F0e79D6E1aa6e5,1
0xee74FAaFABfA9a98cD669c5B6Bc2F787e94552B8,1
0xeE95FF0CAC70881F1ca4572e5b53a2dc2553BcAa,1
0xEeC62edc33489ca70964797e16A894cD649427B9,1
0xEef2C48947f9f6807cDd83455299481b3a76c967,1
0xeF530dBa0C0Bf455838275E0040102E631901057,1
0xEF55EbaFa9B9D005d4449514e5C90030b9b244e3,1
0xf017F407E2BF77cd32922260dbCCec3dba319981,1
0xf0776154f754185050b81683BDCaD4d43a8ce266,1
0xF07B8D9eD6eaD99adC1f2576601E2ecA2A6304ee,1
0xF0836F14E6721A5D7491abf66204331A55B47205,1
0xF0ae25fD20cAEF69acE33EE139457DC61907C02d,1
0xf0c5B747a3dB00D6d48973294cF60bDa2F2d915A,1
0xF0d59A0F2f7d43bB519c6bF8B462451a7a75f4f4,1
0xF0FE0f60e8253732BEed0F9e5d631A0b8B3A8D7d,1
0xf1258d74c5188Cbb1E5Fe3d8508223525A4FCb23,1
0xF135f2A4E4d1270Fa220571c353710244732493D,1
0xf13fCbF9a814a501BbE2ba7c34a0f17A71079Bba,1
0xF1728a3eDD09CCDf87F80Dee782831b0E11F127A,1
0xF2445B5688cdA8e18aFE4dB89d3C6Eee54b66A65,1
0xF2773c12cFA82C35c3685C71bB87CAbf5Efcc6C4,1
0xf2A4975CBEFDd80Be88495B59749747DF0203E51,1
0xF3120C31f832B0447FcaC235488aFa94BF41145f,1
0xF35636039efb9b368b0f34ff94656a2DC383259a,1
0xF37A1e05106bd964E5095B328D6Ac5629a1f6b54,1
0xF39F35f3eD43b2c2525c28ea17b7b6AaCAf1272a,1
0xF3ccf720D4664249488c33B776aCe0e0d555054b,1
0xf40A898BCc7d9d5708E4dB3C4A183f5d5e16e17f,1
0xf429Bd0f52014e3E6fa2C08e84c159e014CBDF47,1
0xf4bD058B86946dff0A6EF2a2977Ee4C40EFe8756,1
0xf4Bff4FAFCE6bb93eaEAb4C5EdEd3ea681250d5E,1
0xf4f5AC536B4E39dAe47855744C311A87361337d8,1
0xf51CE4614232337920AD06Bb718dAFB6103BdE02,1
0x0E0f4f690027Ec2f59321BE818761Ffa8c782309,1
0xf56be2206a821E604028E693859C61C51E44FA8a,1
0xF5ae6124059fE5220FEB276c7895e440e141ECd3,1
0x2b5a0bE5940B63dE1eDdCCCa7bd977357e2488eD,1
0xf5eafCe404570CfACa04350524A808db262d4BCf,1
0x036228015972297b37aCb933BB924c0384b6BEd5,1
0xF636A9b082E471Eb6ac3b869556f37CDd6EC2e85,1
0xF637c4E0b24116794403267047f404Bf7A28D5b3,1
0xf63a5ae820a2bb3bc4Aa8b60ec58aDFa11a2cc36,1
0xf649f7613215707aa9939632F79C67F21E0B3B14,1
0xf64eDB06673EB5be70953BD1ab473b5143B08302,1
0xf68dd406cB1e1d1e083cA2690DF36CE737fCcd37,1
0xf6AB44FF27D4Cc5e78E069f1f83831A4A24c5E04,1
0xadA608E34e9AD3B7a06eac3C960412D592441Ed3,1
0xF72131e357295dDBED1C478096Bb81D90eFf0c19,1
0xf73d759288a289B30b3e6363b19849FbC4F4aD32,1
0xF75235d32B6fc87Fcf82A1fd44efd31453b88F4c,1
0x5158b6C06649D8154836b184ad810b4B81B37837,1
0xf772034b47854152e6Eb872AB7C6B52dBFE16818,1
0xf7c6a011CCB9274876c1787e7bdA7Db3de4A2d1f,1
0xf7c7447Fe158Faea934b24b410B029F3D1bdAE55,1
0xF7E45BC0b722D58D5D5B6e93Bc17E8e0676B15Dc,1
0xF7E49A598F95B43d7D0f62938C851370a2FFFb5C,1
0xf7Ea93Bf0C74138Eda5c90e7cf6844c4bC786D3A,1
0xF80E2Bd063Eb0418FcF214354858090d16fE85a0,1
0xf816433683ad38146AF38671cFE07eeF6e79662F,1
0xf83228DFF1c1d9E7072AB88ECa2015e5C70E74Cf,1
0xf845A40a01763ba1b83462BEeCee331bc4653ED1,1
0xF94b248c141e215058b6350f5B90B9B3d6D89e2e,1
0xf980bB10341b80b11E5f774a8e2495F38783b75a,1
0xF9fC63022137d04A4e19F89FFbb09f46B98F05AC,1
0xfA06A073B7E114C53885Fed16617bfC2839F2814,1
0xFA26E3b5f91e8e4887E071B1998A767869bF74C0,1
0xFA4939e8f2fEc16Bf6f11C8da2e4400148bD6cdE,1
0xFa5851723bBfE516015809D91d56b16511162E45,1
0xFa7531f4fe2c47E7EED731E6717b755944C9DD52,1
0xfA8508e1F169485E0B2751BA4917B1065e4b9891,1
0xFabb85D2ad8510bfB1B776f4406f56a61E57A118,1
0xFaeD5353c8e1027705F172FC6D467577cD85860D,1
0xFAf3EB3b31ad258B098c9120d63932740cDA9863,1
0xFB21C293A49ee73b82aE9eD53BCc3670A5928412,1
0xfb6308e71Bb95bf165fe6a3dFC955e44A63De86F,1
0xfBa2A2332CcBec81f7d08b24C1bBD825dE7cbd53,1
0xfBceaA1133F24F1705f80EbFc2888C92AA09d948,1
0xFBE21b2c323219a79b5FEe7dD4d6f5cA8a92BAE8,1
0xFC07314df7dA17Fa9e8B1CB2B238B37C2038acd3,1
0xFC2BC1022fe6249ff9608C21a189cc71C85A6CB5,1
0xfc72aD77EC89ab3604e7DcDBb2EB461A95805Ed7,1
0xfC9c88D4d5C8cF33799C5C047926E9A91f5Da808,1
0xfCa88AD128D3bDEd15509D144a9445FC8B24B13c,1
0x984886312107a9ae23B8290D6C1D519A737283A2,1
0xFd240Ca6235765E6989270142C9e9a4E705Fbe53,1
0xfD308dfDB978b8eD3675A90394040C5B44989E8c,1
0xFdbCCEcaD1B6dDd0dA7C8DFD6Ece8254A9760Cd7,1
0xfdc8d15c9362CC15176F9755d6231CdAF86fE762,1
0xFDd4e8547fAfa564694edf8022E84a582838B504,1
0xFDD867CC29822F89194F0F9c089f9903183d5423,1
0xfe02da19bC266BfBa1b52dd468D7541DfC6887d1,1
0xFe377bb0628eD405d6c055141139f24eaBE8441e,1
0xfeb73386dc831D0b091e4974740aff458f6D426c,1
0xFF296370DD13C738112D77c6600B24bA4536A45E,1
0xFF3588411E280DF2a2CdB256BC0108DcEE551FC5,1
0xffB248eE34a9a09f32551A49e85bB3ffCE679669,1
0xFFC0a1E112E7dCa0425b0D24fe4946c7375c13A3,1
0x3FbB8A6a27F8F5f317434A7753677D6159b7D262,1
0xb7aCFf9f8AdF276e89F1a85fe573A7C2e6A63bF6,1
0xcBE0e53F83e9c501883DC92Ed8895De14A100077,1
0xF866F8a96b1afd1e8f064fA11eBA81bEa40F3791,1
0x7848C2D074e2F74D9aBE2C284aEe5F8c997Eab58,1
0xcA3CA1a641D2EC7C1a5e3da234652F4Ff16d557b,1
0xe7Bb57763020d3fADbD915Fb14b723F1811f6EF0,1
0x10D9A274C8Fd85B9C16D57ae69ea7eb0A72f5876,1
0x07349fe9D2B90FB21Fa823246aE46589b4c8E7A2,1
0x84773c2F71A6C1438C47aE7058f5478E1Dd08766,1
0xe29f2Da0eadBaA9536d199392fc15A83fa19cbBa,1
0x33521EeA4e596E166718dc1072303A59fE29869A,1
0x5b21EcF6094fC93Dd485d8a1cF9717A23F2C0694,1
0x14B6f9A677Ea9b2F2714391A52a75fF9EE9B9a43,1
0x320F879A382E410D3361fff2F8ffdC149ABFD6aa,1
0x8353a3190b99CBd2a04D140ECC294098975e002F,1
0x04B30BE8118be0bFb7FC5AeE07C3da64b0a61077,1
0x3265E8A225F066F1bAE5a9Ed734EAeC24E869d10,1
0xF53a1d42d43926aAa55788811D6F23bb204fBC83,1
0x549d5903eA1d17364A5ccDF0E7aC55aD38f2e3B2,1
0x8974E72aaacce07FBf9672795494f505299A61eC,1
0x53402d13087aF7A444C6928a0f95148C23968468,1
0x3E04D4f5295dc916554B36264663B2540A588F50,1
0xf1C1b09621e48bbD0194935B3E121F5dcEE1a7CD,1
0xd20a6c3f4e1Ed130907f611A90741dc3A2541875,1
0x14EfcA67ED15d631ee4D095512709cD1d2aE87a2,1
0xA38EF1B74248d24003D2f3DBB3805356b83c0880,1
0x2071467ddc56aB94BDb12c3a02F59161B6dB0B84,1
0x68BF599B7D79200D50dfCa985CC1f86FB329C586,1
0x6331241381dd5805516d967CEB74d2098f318bD0,1
0x4c6518441A4Aa8c42d2E760c62Ff9E082d884a4E,1
0x7fbc69c7A4e14A5b85973f4DCEC3572584726A3A,1
0xb62069c17D1881E20F4ea1B13648c953fe592cE9,1
0x3790cd6a40abB52E7f994A20b4214AC22BF4BD2E,1
0x93953F26C713627B6d6f413954a3994A22b69E4C,1
0x37743DC2059F2B9680E1E33893696B24D87259e7,1
0xbD2208bFeccd551B7bbd4cD915a53f63E2B9042C,1
0x7E478e1D56622dE64F2Be653f007E07aFa19CC2C,1
0xa1fF5A555c80D9e9A12887723a60F0982704ADE1,1
0xfFB6cFEc6402fFD559252B08aaD12715F71ba7C2,1
0x91628188530F7B93919C81eb4D5dFE9D93ECb5bE,1
0xb283444Ca1b40Fe6965E987606552934bCC9fc5a,1
0x69f236da5CA4570b7d403C676816Db909136b74A,1
0x9F78EC374b0E597e1793A7AE0136e5b79df7CA2D,1
0x17E2c3Cc75D43475De2B6f34720dd5a765030Bf7,1
0xD89d8C4247931dc0aE095Cd1A223420d68dA7247,1
0x78a6A38c36A32701B0633D231e6DA47FD1F2184E,1
0xe1551b01A46BFA5391827d65f8d8a88C9D3CCd4A,1
0x1ff01715dC190C9Ea2eAe425Dab8eE79eD1F0D14,1
0x10d054d5966a142EF89e21017116190990ca8A46,1
0xf9912Ff49974976a91D9dbc9211b8De842325124,1
0xB4CF87F848CAEAf2C1b0323811c9b02902e455Bb,1
0x3b293d56C180Ed3348882E08a1043121fb0fD33B,1
0x45789A8a8e6177292B1A48F870C31411562dFbbB,1
0xbaF2F9426521C8b4e955DC9e8f888095DD1322B5,1
0x6e977A02cb1189dFf8917d435A19853375b655F0,1
0xA0e91Ceb142A552FEB99a89560f405c66bbDA8A4,1
0xc8632c445CC2f9d39A5A900cF75639385EF124BD,1
0xA99214658D1293C87B22454217ef7fD29154Dd26,1
0x19529d50E2610eaa2d895047Fd0F3f2dAE675c0f,1
0x79F80858bD5Dd39Fcb5e5cb3ff7ec40A818caFc6,1
0x8B139211fD5f39C9f4943D0C2039957E8609e960,1
0x55aAd92Db82a7Cd81eA3B35cA8Fbc85bED1f0152,1
0xca5b784650A54476dA05Ee310F5132603E34110F,1
0x0c05B855AFE92eC97fDa110FBd48C8f166A18A2f,1
0x680664b13f3911629010bB6c1AdF804BA9aB755b,1
0x9560E781EB859CE362D340401E8751c42771aE54,1
0x756Aae6c8CDaBAc14d2155D15F83BF9b078875f8,1
0xF6757e2908b327D5D1401169770A05fbF1Ca23e7,1
0xD923dE646D3f0BB9Eb7f9169f259C79C3edE2188,1
0x5ce6fc8048cFd65EA4e604654323D2bC5cC790ae,1
0xfDc63Eaa1200FCafAa54f8198c967632677acCfE,1
0xD625616Edce97B10F076385DE5BfdaDD27e030f9,1
0xF9672bDDbE1C69123AaafA8102686C1180D7Bc12,1
0x8b007d95cEC8Cd06293A0EaCc9b2108dDAfAfD91,1
0x5147FE64D9Dc31E654D134486b24e1658559E036,1
0x8A6b10BfAe8A6E76783c0eC38Bfa0f969F446343,1
0x9B3a700c731f111c0D8D6Bf749F78609C1B83C4D,1
0xf95a89bADBc1aAb5B797D864831b66AeFc433804,1
0x39903123FcdED7E7ae5D79354dc2c83253B2A5AF,1
0xBF676C103C32F334f70e7638ee481b2d0B0193a9,1
0xfB2DEaFfc57ACdbd8F900B33a03BdB70935a7850,1
0xDB474C5bf24bc7B8371FF04Af0afc67652eB7E02,1
0x0c8c7fa13b757FFb7fc5d912Fc6def0d1e8DD4eE,1
0x8eE7D8E51AF8a01aAedd98cCaAa9B14eF8FbE691,1
0x51Ea4e8FFdfaDC1C78590C04504905D49824622E,1
0x85E18Fe30F619ccc66a7eBFF824fa6cEAD40f8FA,1
0x004898Dc78fBeA01027C6CE1842555Fad333A94B,1
0xd258442FF15E3E6c4775c34c7ab7aC786E210ADB,1
0x7a40E4513e337430678F1A0811207C788A7c08D2,1
0x13894365E754a74cffA68EbD05e7D8f287D5943A,1
0x939aD99eA43a4b6344EaF9E6cf84878dCAEc9d14,1
0x6fE175B8466c5325720bDd6347aD4c68dFB1B0c8,1
0x5174415E38A66BE7F84B9B3bb1FA8AE84dE10e45,1
0xfeCaC5e0a402f3e5A1F899EE4b39a6980BB66686,1
0x18054Fde5C7d94614114457d3F2295f86AB447c4,1
0xB480341b022835780917C48c891bd15CFA82f0Bb,1
0xBFE3CCa4CFC19D8A645eA3C3E2eCeF1Fb9cD9fd0,1
0x6CEcEB87AEF43260eC7a171E42B66eD3b3c87651,1
0x644Fe2ff84a0b56910dA12ED7bFF426a12B4bA1B,1
0x8dE6cFaB84A894693522D490B0764650bB5ea133,1
0xcd6658c9e9D337BF9c75f866Dd40bd0E6d7Ac275,1
0x0Cf6fAE44A447253836b92449f823Fae67B4b7fa,1
0x6e9E71895b005cc58693D79608Ed3992A807AfE8,1
0xc5a7b4EF223a1AE7d23525A753D14bEbbF3f7bDB,1
0x47Ad3Ae57A0ED8ce93Ede2fb21F2318A6F1c84C3,1
0x6d27a5E5E10Ba11120890A011CFd44DD21a8b74E,1
0x7C16dc98b36368A8850C91E8835F42b4F711Ac68,1
0x152E047e6C8Eb7F89a7319494739b6d74Abe6839,1
0xE652f487a37e894498342B38cc3C67C1C3426fe6,1
0x0e552E0e28467b27a7E2Bb475bDC5c65803b2Ab8,1
0x19E099d8931eB8e0724bD8D4d189d6773d863e0B,1
0xc173Efc035ff1Eb7F7BE2944bCe10335e934B0A8,1
0x7865FaA1eC4BD6E66cF8e2D5395c7F33c6285620,1
0xB831392b44b1c8D727ABB17Ea19973A31c475F68,1
0xfCF7196Aa22DaB7EEEFbaCC537beBFf98F753c9D,1
0xa371FB8439DC1251Ee49Fb54F442f06B1F26a427,1
0x47884e79f53C5fDa62acC1af84D2D3F8e1423db7,1
0xA84221d36E01B2CE4FF60103036A15361310827c,1
0x55Af21D05D5E88fE1CF92559af07963E7E0F64eb,1
0xb21FB9FE9b13b1aB48A6a1C4Ac093D03703a945b,1
0x53558f0b8428c4507350028A6bf6f1Adcb7A7290,1
0xE5589f9b12E151C18c7F1fC51DaaCe38f94D8E7F,1
0x1822527581f4925f7d9BC72895f5a29D33E96269,1
0xF0d5a6E4D55382f61856DcDDdEa049722584bdd5,1
0xC47b5716f4263b9a6D134df72B915dC8dCB60820,1
0x0cEaA7a4d4c35832Ff12631308A84FCed6DB376b,1
0x734e8bDB8Ef9D76bfd15668678D714a708330E52,1
0x069b6714988e7cc60B0eE15EDa6C75Cad22486f2,1
0x4Ea26b8B702D30EF02DB4B7Ced119Fbf44CB6206,1
0x9212510004C7b9840bd155Ec289e08B8Df44377b,1
0xA153C720A5A0452a305844056Cb2500C5b7CE6e2,1
0x947e1AAB08DC7Dc1E73E6c032d16A76399493CCe,1
0xD13bABFa9D9D93E3DBEB1593afA70ea41fda374f,1
0xdf4108fB4992eb9a554D677987c1fA3D281031c8,1
0xFc5f88e64e035F16c2D40A2befa45f9AF571Cf29,1
0xca4ff986C8404f98A3260601a474490b9c1775BA,1
0x0c08593bB0fFfc4038f3DA2Cc26B23eCCF49E161,1
0xCbB7B0bbC89e6209FA37418bd6902afB37604B53,1
0xF3D50dAE14E97AA0F2D7C242F8F2Db6CB56714A9,1
0x256C6b1AF3e0d02b8e07D6912fAFD1138285620D,1
0xf269351153D7c8b99031C4c97B86De8750159c19,1
0x10De03e414e4Fbd3f9E5949Bc8e607038a736661,1
0xa2dd7dc31Ef758bFBed579D002Fd2D253C504800,1
0xa2F1bC1558F1e70B5868DF9C916099ea8c4EbB19,1
0x3521dD4c7D708432F768abDA3776d9A6b0F53D1e,1
0x575edF21222212b9b91bFc5dB7c84808D8d2E7cb,1
0xb928a155A62aaa99986190a6d5bd68a83E377fF3,1
0x37886414E8919227b2F90b3d2dAdEE11b14F1c5F,1
0x6fE3FAB4AAcf330Cb52BD4d8bF9fD2A92BA505cA,1
0x062f9329f0EC4f47282A22b2F840aFcB776983d7,1
0x4B97962410A3c8eEc85188dc7981EA8025536bd3,1
0x6fA8DD598272B7fCDEd203acAf78BCA217e20e5c,1
0xF2d41981CB51e56c03ae6db54defE62B93864c8b,1
0x8142Ec1b131E5A18988105c9ab4a7646D98e759a,1
0x990ADb833926a70d13cEe18DCEfe44BA3C8dB1D1,1
0xA12022642f202D4276189A468D6ff2A6D8329b4c,1
0x14Bfe83DF5C9776b00F7c02Ef5FF89e0b93819d4,1
0x1372B6fB460527c681527A8884f6762957cF9955,1
0x192003899F31ba54E062F311548B94077B5Ffc6c,1
0xBe498e217DA392177b427dF7420e8C66a89cb693,1
0x4DEDcAf1E7B4dBf69978a5E586A92F0c658b21c2,1
0x16202ECC5f631E0C01Ab1e9f56F054a90E6e7C5A,1
0xED15543A805bA58c39DAEa3Ca68680BE1DbB46c7,1
0x715CDc31B085Ff63badA3b24101edc6ee965D760,1
0x97883020FE0C2C95d78859256B0ff54468a47F50,1
0x838f12d27e41EaCF271ACf57ee3da1951257dD9d,1
0x3A3a77C13b91345917b8744e1788Eb54F2D7ca06,1
0x2c496f19BA35978A90B25aaF92fdc3cC033cAF53,1
0x1e753FEA0396D5FA43D96A07F17e78855b2e02B5,1
0xc438aAd05236CD957552D598d8D40C818367D4B6,1
0x55C7e691DBdB7910011D72b2A50b6F3363282C39,1
0x7Bc9552Ae5A17e4D70b3816a0F823b1cBdAa6823,1
0xF52ba84691F5A218456de706eBf4C8E67AFC3fDC,1
0x8f7D410A12DD3D1D390392EA93f619Dfb2721a46,1
0x618d91D48ac84C0f935687fb84a14d54d55383B2,1
0xE88c0651122d4D5Db392C44e227DDFbd7359C396,1
0xF9De3271AE3176DfDB5E6A34Fe499E35C9576CE4,1
0x4eD29F26a8B73567DD9C075cf170f79C5ad5bFE6,1
0x78B061F0780cceeb7e5404593c504B848D2E9778,1
0xc23f98C8703b417b7582a15d407d4C7Cbe40a9CC,1
0x635Ed98e2B99009F9aB863f10c88f6eae1E3ea80,1
0x5f89BEeA2074Bc477f355e03BdD511127eeE17aE,1
0x7E17585FBFBA80ee0a2a8e1DE8B8D4e88a6FEe6f,1
0x11E815BB00e3D55f909fEC64cdb32D674e5Ca3eb,1
0xEfA87158D40a25eE3208704a77A691b43238B51e,1
0xf492c9645BfD12bd27CD34F0929b57C2dAf062a8,1
0xb50a04b2AB02f88B20B75c82ec747143FA84f84d,1
0x35cafb420597A1B3cAb6b420E58149537E4384cC,1
0x10495E143d79296d5222497b7245294dc9e2D596,1
0x7002A69B1074320567E4EE6fEccA2258137780CD,1
0x1073Af06824e8831125EcFE253f3317a785538D3,1
0x848Cda5d077021B362C904B219129f3803F830d8,1
0x394927CB3466Ed3cb777401cd194e8a2657e2B54,1
0x285d71f7E4DA88F708222083977E7Ea597b1335A,1
0x77096617D0E6dECE6025045Bd9EaC718D6bE60E9,1
0x3bD99939365A7c4426e7556Dc1F54d868a1d2c09,1
0xfe702F13cc497Eb74C546d6E406A9Bc07b60B6Ab,1
0x9F9e1111954C2e00AAF0be0C116c7Aa869AEa90e,1
0xeCee211d2726304FC38A7cF9e51A96E24AD5dc23,1
0x94722b8271b836deBAd87b2584E417518980cfB5,1
0xb2FE02d2b37c8Fdd924d3864C4DE04DCaCCe2B48,1
0x530D7BC5bde527723e0abD456016aAe1fD99aBf4,1
0x3cd2C1760c4333309C7d407BE71cD6F9Ef327fda,1
0x984786E822e8e33b00660de00573464AC173Fe19,1
0xff1B2Cf25E2C274496A9fF076ABE0C015fE8A470,1
0xabAa3153aF57083dF9eA1dA97D9a5F6eAeD5Dd64,1
0x739608e0355686f66DF8C8D456e99F73fcE7A890,1
0xFf600Eb9d9B6d72e744564ED2e13929B746Fa626,1
0x0c2Ab8F849838BA353ab82a147042565A1b972Fd,1
0x39f9dBe4a60b5F017d95889eF9DC50B58cC543cA,1
0x11524788FCa8608D921105f39084109437c3Ee31,1
0x4C0DE4DA49F87f2F6Defd2c02A2f86e45a2bA67F,1
0x16f3f2f0ba34973937A1ebb989a295Ca106b67C7,1
0xBB5935dAaFbacAE82c8D2CA8377F16073D70061a,1
0x2CA6E7fB5FaBf1B6418b78f237eb6069f9d3aafE,1
0xba84B5cA750b33DfAdDBFdD1B7C6887885a34977,1
0x4e9A05226993F094A56A3472C8c816F2599423A6,1
0x039E0D1174D402a22564b3eE7CBfc9Bf4CF2DDa3,1
0xfaFB1fCf2252A1836cB09cd5027aBd42aFfccAF4,1
0x0f31510a27a6a1DA4dC3f70Edb83BDB180e4A459,1
0xBB9bac8BD0fDfF513C84aE13628e10BF0FAfc64C,1
0x531BD913E330BFe69F735C16877145f8b36719CC,1
0x0F10a350256C3E7E351BFA2EF7e3E1fE7A0d1d55,1
0xDe1D698CFC28F972f959BC89cd0629EfA9859117,1
0x0DbC6134D66B83Fead5B129F1C1f23b0fb262177,1
0x9521012DB7b9Be8Ae24d6c6561a73E56b6E92b8c,1
0x0B3BD83E857997b370FaDC8504fB712244F6786C,1
0x93f28fFA811c7A0e30B1613E41C008eED62dEBE3,1
0x091d8F6e2570bB77d2623E390D28278BE4BbD218,1
0xF5b1CE61ac45e5BfeE6a35de8881d3a7EBd45653,1
0xFC967DE4e029fdcD16B418DaC2147d282C93085b,1
0x801a6d6dBC1e40466E131aA21D951629A9efAB4e,1
0xCc13D14B55A3C6DF9806fc816AE7028dCAD969E3,1
0x4662B891269e2196E67CcA73E4b7812dd91C7ae3,1
0xEd36bf0b2b17768E782Db2ece6A327055b2f3e9C,1
0x297Aa50D0557c865F6C9B0AA0a91f41C26E55eE6,1
0x29A3c67f2a4a50250342d23748beEd0c19349605,1
0xa375e6262accCedE6DA02D748081264A8b4294c6,1
0x9Edb4aEbA2753499d88dC40086a5230182889B52,1
0x773E38db30035ead0650B20D85732f1cEFA7A1fe,1
0x1218e0Cde1cFDCc6db5aAf14BB40Fa005fD7A43e,1
0x3cA32Dd3666eD1b69E86B86B420b058cAA8c1aaF,1
0x301448FAE7A6BcA843c485a441Cb5E7755138cCC,1
0x20ba40081ee0B8A80D075A167436a80242df7b64,1
0x6b0125F1356C12fc4CEe7e941E03A7bD5B4c8100,1
0x65b827E7B9A2cd09D7357075CCB42a489f33e1B1,1
0x4892139De0e73141438D9E55D593171C0Cc6B143,1
0x9Ff46343d0b652D6e766F85f9aE91653869349a5,1
0x1Fed3a783578e7107a9066B47702a07ba707fa68,1
0x8C58C739cc456091C0D1CeE900988059b32F4b19,1
0x6f9fe6Bf870928169A48Ef48B1eB3f5378901738,1
0x810210637A2A410b41e84eB1f98c2Bbd55aE3Fb3,1
0x1FfD9409c16F1178359EF2e1a864620Eb6662ff9,1
0x6eA3B7b71b2980C8568c08A12B90679ebbdE4F95,1
0x86C4fB2a06d726dF280EE6c34732cCFc81076C8F,1
0x930b824feD7db0742b7B7b3B2Bc0fA3821b756Cc,1
0x590BBfD4c71b310Ad670d0a72ac290c660A78e35,1
0xE3A3B650d98fCFa78EA2669b28Ed8884d4D37C78,1
0xe7E0E62E8E6D4745ebA6dc22353EF5Ec9865842b,1
0x21BF63C0418D4f1D13f884C50498B2259B321b43,1
0x0c20385c8645aA869D82B0aed22cb37a98B92f04,1
0xD9955789F7094b6C0BD5f7E7aCFB046520A6a85c,1
0x6Fb57D194Bd89cf54aDA268F87Ba7b0C73548Dc5,1
0xEFB0717a2EE476f69D05a82d0c13716F64F6540F,1
0xAa81a036Bf5a2823dAA2Aadbcc66140fAb29CcE9,1
0x8D3107eCf18BbE16413299758CAF4bA40dD3Fc9B,1
0x1065DA3ad607982960F380e508ec180B0a8aF481,1
0x797397855a10D8Cc03b5B441144F5E275B55540C,1
0x20B0E84F57BcDc7bb757EbfB8851CEE4397D97a3,1
0xF6FEE581a21B1D1c4730DbD41493040da8597505,1
0xF1fa70f061fDD3021819Aa77deDBb7554652CEbA,1
0x6D29A956A5344c900DE0B875593406Ece3B3242f,1
0x179bE94475C21458E5787F27e032aE6EB55e6A5E,1
0xd011e3875e3D0229b0E186E64295aa47994c40d1,1
0x7babefFca22C2079569d573E7bFfbDA93368868e,1
0x45E13B5680B07Cb88dC5781Dfb79C66e4773E2E9,1
0x6beB440453226d3E1775103Ef5ed02d83b95EaF7,1
0x3bEcE46eA4cb308b1B8D8f50cB1728D6A4a20808,1
0xc42c77b6B2A2B220b9502F357bBf51334Db3C93f,1
0x614bE062776EeDeDF65023f2EC074Dee23F06B2d,1
0x5690D6C6bAA9f8c1b06A88c02c7E87785fde333C,1
0x17A7Aaa564511583E67C0A85DF4362745B2984bC,1
0x42Ea147b87D32e7213853bcf98f3e84870312e27,1
0x291c9894f99Aa53fC3893fDD8549FBAA300734cF,1
0x6b2e2194Ef477E0764ba953a7BC8c507E2D6361b,1
0x140DAAD3f2DdF2CCe32436CA6265c4BBD1ccef92,1
0xfad50bc554862b52EB7D5E26980EDdDE383D6264,1
0x05405733c5B07C81A087aC77f3DB20ed03257D2C,1
0xF4810d4F5F23D8e3cF9A65d5a588dedefBc71407,1
0x084f1a3ec5d2C5c3dA6126a262D0d9f19bFEe12C,1
0xb2ffA393F0b4072081eB2738EB8340bF877BaE38,1
0x4913CFF514B8F77b0F1e89507E6CA835eFcd68f3,1
0xbF77B8a74Db0844032cFfB3EEB487FC500765C4e,1
0x166Ac1d09C42C4950e03aDF0e41e4bb18536B29D,1